zone_id,sector,latitude,longitude,population_density_km2,socioeconomic_vulnerability,youth_share,commercial_density,transit_access_index,road_connectivity_index,lighting_coverage,cctv_density,patrol_coverage,distance_to_transit_corridor_km,year,month,month_index,weekend_night_activity,seasonal_pressure,recent_incidents,rolling_3m_incidents,incident_trend,target_high_risk_next_month
CZ-001,santa_luzmila,-11.917396,-77.077762,14090,0.4721,0.2883,0.5713,0.387,0.5322,0.6286,0.1676,0.3034,0.6339,2018,5,4,0.426,0.11,3,3.0,0,0
CZ-001,santa_luzmila,-11.917396,-77.077762,14090,0.4721,0.2883,0.5713,0.387,0.5322,0.6286,0.1676,0.3034,0.6339,2018,6,5,0.3631,0.0,5,3.333,1,0
CZ-001,santa_luzmila,-11.917396,-77.077762,14090,0.4721,0.2883,0.5713,0.387,0.5322,0.6286,0.1676,0.3034,0.6339,2018,7,6,0.5288,0.07,3,3.667,1,0
CZ-001,santa_luzmila,-11.917396,-77.077762,14090,0.4721,0.2883,0.5713,0.387,0.5322,0.6286,0.1676,0.3034,0.6339,2018,8,7,0.4609,-0.1905,3,3.667,0,0
CZ-001,santa_luzmila,-11.917396,-77.077762,14090,0.4721,0.2883,0.5713,0.387,0.5322,0.6286,0.1676,0.3034,0.6339,2018,9,8,0.4795,-0.22,0,2.0,-5,0
CZ-001,santa_luzmila,-11.917396,-77.077762,14090,0.4721,0.2883,0.5713,0.387,0.5322,0.6286,0.1676,0.3034,0.6339,2018,10,9,0.4866,-0.1905,2,1.667,-1,0
CZ-001,santa_luzmila,-11.917396,-77.077762,14090,0.4721,0.2883,0.5713,0.387,0.5322,0.6286,0.1676,0.3034,0.6339,2018,11,10,0.5041,-0.11,1,1.0,-2,0
CZ-001,santa_luzmila,-11.917396,-77.077762,14090,0.4721,0.2883,0.5713,0.387,0.5322,0.6286,0.1676,0.3034,0.6339,2018,12,11,0.5814,0.18,1,1.333,1,0
CZ-001,santa_luzmila,-11.917396,-77.077762,14090,0.4721,0.2883,0.5713,0.387,0.5322,0.6286,0.1676,0.3034,0.6339,2019,1,12,0.3106,0.11,4,2.0,2,0
CZ-001,santa_luzmila,-11.917396,-77.077762,14090,0.4721,0.2883,0.5713,0.387,0.5322,0.6286,0.1676,0.3034,0.6339,2019,2,13,0.481,0.1905,3,2.667,2,0
CZ-001,santa_luzmila,-11.917396,-77.077762,14090,0.4721,0.2883,0.5713,0.387,0.5322,0.6286,0.1676,0.3034,0.6339,2019,3,14,0.5256,0.22,1,2.667,0,0
CZ-001,santa_luzmila,-11.917396,-77.077762,14090,0.4721,0.2883,0.5713,0.387,0.5322,0.6286,0.1676,0.3034,0.6339,2019,4,15,0.4516,0.1905,6,3.333,2,0
CZ-001,santa_luzmila,-11.917396,-77.077762,14090,0.4721,0.2883,0.5713,0.387,0.5322,0.6286,0.1676,0.3034,0.6339,2019,5,16,0.3889,0.11,0,2.333,-3,0
CZ-001,santa_luzmila,-11.917396,-77.077762,14090,0.4721,0.2883,0.5713,0.387,0.5322,0.6286,0.1676,0.3034,0.6339,2019,6,17,0.5033,0.0,1,2.333,0,0
CZ-001,santa_luzmila,-11.917396,-77.077762,14090,0.4721,0.2883,0.5713,0.387,0.5322,0.6286,0.1676,0.3034,0.6339,2019,7,18,0.5318,0.07,1,0.667,-5,0
CZ-001,santa_luzmila,-11.917396,-77.077762,14090,0.4721,0.2883,0.5713,0.387,0.5322,0.6286,0.1676,0.3034,0.6339,2019,8,19,0.4365,-0.1905,4,2.0,4,0
CZ-001,santa_luzmila,-11.917396,-77.077762,14090,0.4721,0.2883,0.5713,0.387,0.5322,0.6286,0.1676,0.3034,0.6339,2019,9,20,0.4686,-0.22,3,2.667,2,0
CZ-001,santa_luzmila,-11.917396,-77.077762,14090,0.4721,0.2883,0.5713,0.387,0.5322,0.6286,0.1676,0.3034,0.6339,2019,10,21,0.3869,-0.1905,2,3.0,1,0
CZ-001,santa_luzmila,-11.917396,-77.077762,14090,0.4721,0.2883,0.5713,0.387,0.5322,0.6286,0.1676,0.3034,0.6339,2019,11,22,0.5311,-0.11,5,3.333,1,0
CZ-001,santa_luzmila,-11.917396,-77.077762,14090,0.4721,0.2883,0.5713,0.387,0.5322,0.6286,0.1676,0.3034,0.6339,2019,12,23,0.5755,0.18,3,3.333,0,0
CZ-001,santa_luzmila,-11.917396,-77.077762,14090,0.4721,0.2883,0.5713,0.387,0.5322,0.6286,0.1676,0.3034,0.6339,2020,1,24,0.4888,0.11,5,4.333,3,0
CZ-001,santa_luzmila,-11.917396,-77.077762,14090,0.4721,0.2883,0.5713,0.387,0.5322,0.6286,0.1676,0.3034,0.6339,2020,2,25,0.4906,0.1905,1,3.0,-4,0
CZ-001,santa_luzmila,-11.917396,-77.077762,14090,0.4721,0.2883,0.5713,0.387,0.5322,0.6286,0.1676,0.3034,0.6339,2020,3,26,0.3954,0.22,2,2.667,-1,0
CZ-001,santa_luzmila,-11.917396,-77.077762,14090,0.4721,0.2883,0.5713,0.387,0.5322,0.6286,0.1676,0.3034,0.6339,2020,4,27,0.4061,0.1905,3,2.0,-2,0
CZ-001,santa_luzmila,-11.917396,-77.077762,14090,0.4721,0.2883,0.5713,0.387,0.5322,0.6286,0.1676,0.3034,0.6339,2020,5,28,0.4403,0.11,1,2.0,0,0
CZ-001,santa_luzmila,-11.917396,-77.077762,14090,0.4721,0.2883,0.5713,0.387,0.5322,0.6286,0.1676,0.3034,0.6339,2020,6,29,0.4879,0.0,3,2.333,1,0
CZ-001,santa_luzmila,-11.917396,-77.077762,14090,0.4721,0.2883,0.5713,0.387,0.5322,0.6286,0.1676,0.3034,0.6339,2020,7,30,0.5894,0.07,4,2.667,1,0
CZ-001,santa_luzmila,-11.917396,-77.077762,14090,0.4721,0.2883,0.5713,0.387,0.5322,0.6286,0.1676,0.3034,0.6339,2020,8,31,0.4307,-0.1905,3,3.333,2,0
CZ-001,santa_luzmila,-11.917396,-77.077762,14090,0.4721,0.2883,0.5713,0.387,0.5322,0.6286,0.1676,0.3034,0.6339,2020,9,32,0.5058,-0.22,5,4.0,2,0
CZ-001,santa_luzmila,-11.917396,-77.077762,14090,0.4721,0.2883,0.5713,0.387,0.5322,0.6286,0.1676,0.3034,0.6339,2020,10,33,0.4142,-0.1905,2,3.333,-2,0
CZ-001,santa_luzmila,-11.917396,-77.077762,14090,0.4721,0.2883,0.5713,0.387,0.5322,0.6286,0.1676,0.3034,0.6339,2020,11,34,0.5307,-0.11,8,5.0,5,0
CZ-001,santa_luzmila,-11.917396,-77.077762,14090,0.4721,0.2883,0.5713,0.387,0.5322,0.6286,0.1676,0.3034,0.6339,2020,12,35,0.5593,0.18,2,4.0,-3,0
CZ-001,santa_luzmila,-11.917396,-77.077762,14090,0.4721,0.2883,0.5713,0.387,0.5322,0.6286,0.1676,0.3034,0.6339,2021,1,36,0.4541,0.11,4,4.667,2,0
CZ-001,santa_luzmila,-11.917396,-77.077762,14090,0.4721,0.2883,0.5713,0.387,0.5322,0.6286,0.1676,0.3034,0.6339,2021,2,37,0.4473,0.1905,3,3.0,-5,0
CZ-001,santa_luzmila,-11.917396,-77.077762,14090,0.4721,0.2883,0.5713,0.387,0.5322,0.6286,0.1676,0.3034,0.6339,2021,3,38,0.4685,0.22,3,3.333,1,0
CZ-001,santa_luzmila,-11.917396,-77.077762,14090,0.4721,0.2883,0.5713,0.387,0.5322,0.6286,0.1676,0.3034,0.6339,2021,4,39,0.4495,0.1905,4,3.333,0,0
CZ-001,santa_luzmila,-11.917396,-77.077762,14090,0.4721,0.2883,0.5713,0.387,0.5322,0.6286,0.1676,0.3034,0.6339,2021,5,40,0.3799,0.11,4,3.667,1,0
CZ-001,santa_luzmila,-11.917396,-77.077762,14090,0.4721,0.2883,0.5713,0.387,0.5322,0.6286,0.1676,0.3034,0.6339,2021,6,41,0.4575,0.0,2,3.333,-1,0
CZ-001,santa_luzmila,-11.917396,-77.077762,14090,0.4721,0.2883,0.5713,0.387,0.5322,0.6286,0.1676,0.3034,0.6339,2021,7,42,0.5618,0.07,5,3.667,1,0
CZ-001,santa_luzmila,-11.917396,-77.077762,14090,0.4721,0.2883,0.5713,0.387,0.5322,0.6286,0.1676,0.3034,0.6339,2021,8,43,0.4831,-0.1905,4,3.667,0,0
CZ-001,santa_luzmila,-11.917396,-77.077762,14090,0.4721,0.2883,0.5713,0.387,0.5322,0.6286,0.1676,0.3034,0.6339,2021,9,44,0.4991,-0.22,4,4.333,2,0
CZ-001,santa_luzmila,-11.917396,-77.077762,14090,0.4721,0.2883,0.5713,0.387,0.5322,0.6286,0.1676,0.3034,0.6339,2021,10,45,0.4611,-0.1905,4,4.0,-1,0
CZ-001,santa_luzmila,-11.917396,-77.077762,14090,0.4721,0.2883,0.5713,0.387,0.5322,0.6286,0.1676,0.3034,0.6339,2021,11,46,0.4747,-0.11,1,3.0,-3,0
CZ-001,santa_luzmila,-11.917396,-77.077762,14090,0.4721,0.2883,0.5713,0.387,0.5322,0.6286,0.1676,0.3034,0.6339,2021,12,47,0.5596,0.18,0,1.667,-4,0
CZ-001,santa_luzmila,-11.917396,-77.077762,14090,0.4721,0.2883,0.5713,0.387,0.5322,0.6286,0.1676,0.3034,0.6339,2022,1,48,0.4196,0.11,0,0.333,-4,0
CZ-001,santa_luzmila,-11.917396,-77.077762,14090,0.4721,0.2883,0.5713,0.387,0.5322,0.6286,0.1676,0.3034,0.6339,2022,2,49,0.4436,0.1905,1,0.333,0,0
CZ-001,santa_luzmila,-11.917396,-77.077762,14090,0.4721,0.2883,0.5713,0.387,0.5322,0.6286,0.1676,0.3034,0.6339,2022,3,50,0.3522,0.22,2,1.0,2,0
CZ-001,santa_luzmila,-11.917396,-77.077762,14090,0.4721,0.2883,0.5713,0.387,0.5322,0.6286,0.1676,0.3034,0.6339,2022,4,51,0.5215,0.1905,4,2.333,4,0
CZ-001,santa_luzmila,-11.917396,-77.077762,14090,0.4721,0.2883,0.5713,0.387,0.5322,0.6286,0.1676,0.3034,0.6339,2022,5,52,0.357,0.11,5,3.667,4,0
CZ-001,santa_luzmila,-11.917396,-77.077762,14090,0.4721,0.2883,0.5713,0.387,0.5322,0.6286,0.1676,0.3034,0.6339,2022,6,53,0.4808,0.0,2,3.667,0,0
CZ-001,santa_luzmila,-11.917396,-77.077762,14090,0.4721,0.2883,0.5713,0.387,0.5322,0.6286,0.1676,0.3034,0.6339,2022,7,54,0.5886,0.07,1,2.667,-3,0
CZ-001,santa_luzmila,-11.917396,-77.077762,14090,0.4721,0.2883,0.5713,0.387,0.5322,0.6286,0.1676,0.3034,0.6339,2022,8,55,0.4626,-0.1905,4,2.333,-1,0
CZ-001,santa_luzmila,-11.917396,-77.077762,14090,0.4721,0.2883,0.5713,0.387,0.5322,0.6286,0.1676,0.3034,0.6339,2022,9,56,0.4389,-0.22,4,3.0,2,0
CZ-001,santa_luzmila,-11.917396,-77.077762,14090,0.4721,0.2883,0.5713,0.387,0.5322,0.6286,0.1676,0.3034,0.6339,2022,10,57,0.58,-0.1905,3,3.667,2,0
CZ-001,santa_luzmila,-11.917396,-77.077762,14090,0.4721,0.2883,0.5713,0.387,0.5322,0.6286,0.1676,0.3034,0.6339,2022,11,58,0.4389,-0.11,1,2.667,-3,0
CZ-001,santa_luzmila,-11.917396,-77.077762,14090,0.4721,0.2883,0.5713,0.387,0.5322,0.6286,0.1676,0.3034,0.6339,2022,12,59,0.5329,0.18,3,2.333,-1,0
CZ-001,santa_luzmila,-11.917396,-77.077762,14090,0.4721,0.2883,0.5713,0.387,0.5322,0.6286,0.1676,0.3034,0.6339,2023,1,60,0.4998,0.11,5,3.0,2,0
CZ-001,santa_luzmila,-11.917396,-77.077762,14090,0.4721,0.2883,0.5713,0.387,0.5322,0.6286,0.1676,0.3034,0.6339,2023,2,61,0.3883,0.1905,2,3.333,1,0
CZ-001,santa_luzmila,-11.917396,-77.077762,14090,0.4721,0.2883,0.5713,0.387,0.5322,0.6286,0.1676,0.3034,0.6339,2023,3,62,0.4443,0.22,5,4.0,2,0
CZ-001,santa_luzmila,-11.917396,-77.077762,14090,0.4721,0.2883,0.5713,0.387,0.5322,0.6286,0.1676,0.3034,0.6339,2023,4,63,0.5551,0.1905,1,2.667,-4,0
CZ-001,santa_luzmila,-11.917396,-77.077762,14090,0.4721,0.2883,0.5713,0.387,0.5322,0.6286,0.1676,0.3034,0.6339,2023,5,64,0.391,0.11,3,3.0,1,0
CZ-001,santa_luzmila,-11.917396,-77.077762,14090,0.4721,0.2883,0.5713,0.387,0.5322,0.6286,0.1676,0.3034,0.6339,2023,6,65,0.4246,0.0,2,2.0,-3,0
CZ-001,santa_luzmila,-11.917396,-77.077762,14090,0.4721,0.2883,0.5713,0.387,0.5322,0.6286,0.1676,0.3034,0.6339,2023,7,66,0.6512,0.07,2,2.333,1,0
CZ-001,santa_luzmila,-11.917396,-77.077762,14090,0.4721,0.2883,0.5713,0.387,0.5322,0.6286,0.1676,0.3034,0.6339,2023,8,67,0.3882,-0.1905,5,3.0,2,0
CZ-001,santa_luzmila,-11.917396,-77.077762,14090,0.4721,0.2883,0.5713,0.387,0.5322,0.6286,0.1676,0.3034,0.6339,2023,9,68,0.5234,-0.22,2,3.0,0,0
CZ-001,santa_luzmila,-11.917396,-77.077762,14090,0.4721,0.2883,0.5713,0.387,0.5322,0.6286,0.1676,0.3034,0.6339,2023,10,69,0.4833,-0.1905,4,3.667,2,0
CZ-001,santa_luzmila,-11.917396,-77.077762,14090,0.4721,0.2883,0.5713,0.387,0.5322,0.6286,0.1676,0.3034,0.6339,2023,11,70,0.401,-0.11,4,3.333,-1,0
CZ-001,santa_luzmila,-11.917396,-77.077762,14090,0.4721,0.2883,0.5713,0.387,0.5322,0.6286,0.1676,0.3034,0.6339,2023,12,71,0.4975,0.18,4,4.0,2,0
CZ-001,santa_luzmila,-11.917396,-77.077762,14090,0.4721,0.2883,0.5713,0.387,0.5322,0.6286,0.1676,0.3034,0.6339,2024,1,72,0.5347,0.11,2,3.333,-2,0
CZ-001,santa_luzmila,-11.917396,-77.077762,14090,0.4721,0.2883,0.5713,0.387,0.5322,0.6286,0.1676,0.3034,0.6339,2024,2,73,0.4485,0.1905,7,4.333,3,0
CZ-001,santa_luzmila,-11.917396,-77.077762,14090,0.4721,0.2883,0.5713,0.387,0.5322,0.6286,0.1676,0.3034,0.6339,2024,3,74,0.4257,0.22,5,4.667,1,0
CZ-001,santa_luzmila,-11.917396,-77.077762,14090,0.4721,0.2883,0.5713,0.387,0.5322,0.6286,0.1676,0.3034,0.6339,2024,4,75,0.433,0.1905,2,4.667,0,0
CZ-001,santa_luzmila,-11.917396,-77.077762,14090,0.4721,0.2883,0.5713,0.387,0.5322,0.6286,0.1676,0.3034,0.6339,2024,5,76,0.4153,0.11,5,4.0,-2,0
CZ-001,santa_luzmila,-11.917396,-77.077762,14090,0.4721,0.2883,0.5713,0.387,0.5322,0.6286,0.1676,0.3034,0.6339,2024,6,77,0.5296,0.0,3,3.333,-2,0
CZ-001,santa_luzmila,-11.917396,-77.077762,14090,0.4721,0.2883,0.5713,0.387,0.5322,0.6286,0.1676,0.3034,0.6339,2024,7,78,0.5071,0.07,3,3.667,1,0
CZ-001,santa_luzmila,-11.917396,-77.077762,14090,0.4721,0.2883,0.5713,0.387,0.5322,0.6286,0.1676,0.3034,0.6339,2024,8,79,0.5168,-0.1905,2,2.667,-3,0
CZ-001,santa_luzmila,-11.917396,-77.077762,14090,0.4721,0.2883,0.5713,0.387,0.5322,0.6286,0.1676,0.3034,0.6339,2024,9,80,0.4696,-0.22,3,2.667,0,0
CZ-001,santa_luzmila,-11.917396,-77.077762,14090,0.4721,0.2883,0.5713,0.387,0.5322,0.6286,0.1676,0.3034,0.6339,2024,10,81,0.4352,-0.1905,4,3.0,1,0
CZ-001,santa_luzmila,-11.917396,-77.077762,14090,0.4721,0.2883,0.5713,0.387,0.5322,0.6286,0.1676,0.3034,0.6339,2024,11,82,0.4088,-0.11,6,4.333,4,0
CZ-001,santa_luzmila,-11.917396,-77.077762,14090,0.4721,0.2883,0.5713,0.387,0.5322,0.6286,0.1676,0.3034,0.6339,2024,12,83,0.5678,0.18,2,4.0,-1,0
CZ-001,santa_luzmila,-11.917396,-77.077762,14090,0.4721,0.2883,0.5713,0.387,0.5322,0.6286,0.1676,0.3034,0.6339,2025,1,84,0.4973,0.11,7,5.0,3,0
CZ-001,santa_luzmila,-11.917396,-77.077762,14090,0.4721,0.2883,0.5713,0.387,0.5322,0.6286,0.1676,0.3034,0.6339,2025,2,85,0.4759,0.1905,4,4.333,-2,0
CZ-001,santa_luzmila,-11.917396,-77.077762,14090,0.4721,0.2883,0.5713,0.387,0.5322,0.6286,0.1676,0.3034,0.6339,2025,3,86,0.4686,0.22,5,5.333,3,0
CZ-001,santa_luzmila,-11.917396,-77.077762,14090,0.4721,0.2883,0.5713,0.387,0.5322,0.6286,0.1676,0.3034,0.6339,2025,4,87,0.4942,0.1905,3,4.0,-4,0
CZ-001,santa_luzmila,-11.917396,-77.077762,14090,0.4721,0.2883,0.5713,0.387,0.5322,0.6286,0.1676,0.3034,0.6339,2025,5,88,0.49,0.11,6,4.667,2,0
CZ-001,santa_luzmila,-11.917396,-77.077762,14090,0.4721,0.2883,0.5713,0.387,0.5322,0.6286,0.1676,0.3034,0.6339,2025,6,89,0.4308,0.0,4,4.333,-1,0
CZ-001,santa_luzmila,-11.917396,-77.077762,14090,0.4721,0.2883,0.5713,0.387,0.5322,0.6286,0.1676,0.3034,0.6339,2025,7,90,0.5317,0.07,4,4.667,1,0
CZ-001,santa_luzmila,-11.917396,-77.077762,14090,0.4721,0.2883,0.5713,0.387,0.5322,0.6286,0.1676,0.3034,0.6339,2025,8,91,0.4932,-0.1905,3,3.667,-3,0
CZ-001,santa_luzmila,-11.917396,-77.077762,14090,0.4721,0.2883,0.5713,0.387,0.5322,0.6286,0.1676,0.3034,0.6339,2025,9,92,0.4444,-0.22,4,3.667,0,0
CZ-001,santa_luzmila,-11.917396,-77.077762,14090,0.4721,0.2883,0.5713,0.387,0.5322,0.6286,0.1676,0.3034,0.6339,2025,10,93,0.3705,-0.1905,1,2.667,-3,0
CZ-001,santa_luzmila,-11.917396,-77.077762,14090,0.4721,0.2883,0.5713,0.387,0.5322,0.6286,0.1676,0.3034,0.6339,2025,11,94,0.4008,-0.11,2,2.333,-1,0
CZ-002,retablo,-11.923482,-77.043865,19241,0.6179,0.2388,0.6955,0.7606,0.3916,0.6604,0.2696,0.2495,0.5404,2018,5,4,0.4734,0.11,12,10.333,6,0
CZ-002,retablo,-11.923482,-77.043865,19241,0.6179,0.2388,0.6955,0.7606,0.3916,0.6604,0.2696,0.2495,0.5404,2018,6,5,0.4537,0.0,8,10.333,0,1
CZ-002,retablo,-11.923482,-77.043865,19241,0.6179,0.2388,0.6955,0.7606,0.3916,0.6604,0.2696,0.2495,0.5404,2018,7,6,0.6832,0.07,4,8.0,-7,0
CZ-002,retablo,-11.923482,-77.043865,19241,0.6179,0.2388,0.6955,0.7606,0.3916,0.6604,0.2696,0.2495,0.5404,2018,8,7,0.4507,-0.1905,13,8.333,1,0
CZ-002,retablo,-11.923482,-77.043865,19241,0.6179,0.2388,0.6955,0.7606,0.3916,0.6604,0.2696,0.2495,0.5404,2018,9,8,0.5432,-0.22,8,8.333,0,0
CZ-002,retablo,-11.923482,-77.043865,19241,0.6179,0.2388,0.6955,0.7606,0.3916,0.6604,0.2696,0.2495,0.5404,2018,10,9,0.5722,-0.1905,6,9.0,2,0
CZ-002,retablo,-11.923482,-77.043865,19241,0.6179,0.2388,0.6955,0.7606,0.3916,0.6604,0.2696,0.2495,0.5404,2018,11,10,0.4959,-0.11,8,7.333,-5,1
CZ-002,retablo,-11.923482,-77.043865,19241,0.6179,0.2388,0.6955,0.7606,0.3916,0.6604,0.2696,0.2495,0.5404,2018,12,11,0.5117,0.18,4,6.0,-4,1
CZ-002,retablo,-11.923482,-77.043865,19241,0.6179,0.2388,0.6955,0.7606,0.3916,0.6604,0.2696,0.2495,0.5404,2019,1,12,0.5868,0.11,11,7.667,5,0
CZ-002,retablo,-11.923482,-77.043865,19241,0.6179,0.2388,0.6955,0.7606,0.3916,0.6604,0.2696,0.2495,0.5404,2019,2,13,0.3902,0.1905,9,8.0,1,1
CZ-002,retablo,-11.923482,-77.043865,19241,0.6179,0.2388,0.6955,0.7606,0.3916,0.6604,0.2696,0.2495,0.5404,2019,3,14,0.5178,0.22,8,9.333,4,0
CZ-002,retablo,-11.923482,-77.043865,19241,0.6179,0.2388,0.6955,0.7606,0.3916,0.6604,0.2696,0.2495,0.5404,2019,4,15,0.5551,0.1905,13,10.0,2,1
CZ-002,retablo,-11.923482,-77.043865,19241,0.6179,0.2388,0.6955,0.7606,0.3916,0.6604,0.2696,0.2495,0.5404,2019,5,16,0.4181,0.11,8,9.667,-1,1
CZ-002,retablo,-11.923482,-77.043865,19241,0.6179,0.2388,0.6955,0.7606,0.3916,0.6604,0.2696,0.2495,0.5404,2019,6,17,0.4552,0.0,9,10.0,1,0
CZ-002,retablo,-11.923482,-77.043865,19241,0.6179,0.2388,0.6955,0.7606,0.3916,0.6604,0.2696,0.2495,0.5404,2019,7,18,0.6184,0.07,10,9.0,-3,0
CZ-002,retablo,-11.923482,-77.043865,19241,0.6179,0.2388,0.6955,0.7606,0.3916,0.6604,0.2696,0.2495,0.5404,2019,8,19,0.3697,-0.1905,7,8.667,-1,0
CZ-002,retablo,-11.923482,-77.043865,19241,0.6179,0.2388,0.6955,0.7606,0.3916,0.6604,0.2696,0.2495,0.5404,2019,9,20,0.503,-0.22,8,8.333,-1,0
CZ-002,retablo,-11.923482,-77.043865,19241,0.6179,0.2388,0.6955,0.7606,0.3916,0.6604,0.2696,0.2495,0.5404,2019,10,21,0.4713,-0.1905,6,7.0,-4,0
CZ-002,retablo,-11.923482,-77.043865,19241,0.6179,0.2388,0.6955,0.7606,0.3916,0.6604,0.2696,0.2495,0.5404,2019,11,22,0.453,-0.11,8,7.333,1,1
CZ-002,retablo,-11.923482,-77.043865,19241,0.6179,0.2388,0.6955,0.7606,0.3916,0.6604,0.2696,0.2495,0.5404,2019,12,23,0.5692,0.18,5,6.333,-3,1
CZ-002,retablo,-11.923482,-77.043865,19241,0.6179,0.2388,0.6955,0.7606,0.3916,0.6604,0.2696,0.2495,0.5404,2020,1,24,0.4965,0.11,13,8.667,7,1
CZ-002,retablo,-11.923482,-77.043865,19241,0.6179,0.2388,0.6955,0.7606,0.3916,0.6604,0.2696,0.2495,0.5404,2020,2,25,0.5356,0.1905,11,9.667,3,1
CZ-002,retablo,-11.923482,-77.043865,19241,0.6179,0.2388,0.6955,0.7606,0.3916,0.6604,0.2696,0.2495,0.5404,2020,3,26,0.4134,0.22,15,13.0,10,0
CZ-002,retablo,-11.923482,-77.043865,19241,0.6179,0.2388,0.6955,0.7606,0.3916,0.6604,0.2696,0.2495,0.5404,2020,4,27,0.4639,0.1905,13,13.0,0,1
CZ-002,retablo,-11.923482,-77.043865,19241,0.6179,0.2388,0.6955,0.7606,0.3916,0.6604,0.2696,0.2495,0.5404,2020,5,28,0.4896,0.11,6,11.333,-5,1
CZ-002,retablo,-11.923482,-77.043865,19241,0.6179,0.2388,0.6955,0.7606,0.3916,0.6604,0.2696,0.2495,0.5404,2020,6,29,0.5465,0.0,17,12.0,2,0
CZ-002,retablo,-11.923482,-77.043865,19241,0.6179,0.2388,0.6955,0.7606,0.3916,0.6604,0.2696,0.2495,0.5404,2020,7,30,0.5851,0.07,11,11.333,-2,0
CZ-002,retablo,-11.923482,-77.043865,19241,0.6179,0.2388,0.6955,0.7606,0.3916,0.6604,0.2696,0.2495,0.5404,2020,8,31,0.5189,-0.1905,6,11.333,0,0
CZ-002,retablo,-11.923482,-77.043865,19241,0.6179,0.2388,0.6955,0.7606,0.3916,0.6604,0.2696,0.2495,0.5404,2020,9,32,0.4083,-0.22,4,7.0,-13,1
CZ-002,retablo,-11.923482,-77.043865,19241,0.6179,0.2388,0.6955,0.7606,0.3916,0.6604,0.2696,0.2495,0.5404,2020,10,33,0.4305,-0.1905,8,6.0,-3,0
CZ-002,retablo,-11.923482,-77.043865,19241,0.6179,0.2388,0.6955,0.7606,0.3916,0.6604,0.2696,0.2495,0.5404,2020,11,34,0.4813,-0.11,11,7.667,5,1
CZ-002,retablo,-11.923482,-77.043865,19241,0.6179,0.2388,0.6955,0.7606,0.3916,0.6604,0.2696,0.2495,0.5404,2020,12,35,0.5338,0.18,7,8.667,3,1
CZ-002,retablo,-11.923482,-77.043865,19241,0.6179,0.2388,0.6955,0.7606,0.3916,0.6604,0.2696,0.2495,0.5404,2021,1,36,0.4888,0.11,12,10.0,4,1
CZ-002,retablo,-11.923482,-77.043865,19241,0.6179,0.2388,0.6955,0.7606,0.3916,0.6604,0.2696,0.2495,0.5404,2021,2,37,0.5122,0.1905,11,10.0,0,1
CZ-002,retablo,-11.923482,-77.043865,19241,0.6179,0.2388,0.6955,0.7606,0.3916,0.6604,0.2696,0.2495,0.5404,2021,3,38,0.4482,0.22,9,10.667,2,1
CZ-002,retablo,-11.923482,-77.043865,19241,0.6179,0.2388,0.6955,0.7606,0.3916,0.6604,0.2696,0.2495,0.5404,2021,4,39,0.4482,0.1905,9,9.667,-3,0
CZ-002,retablo,-11.923482,-77.043865,19241,0.6179,0.2388,0.6955,0.7606,0.3916,0.6604,0.2696,0.2495,0.5404,2021,5,40,0.4586,0.11,16,11.333,5,1
CZ-002,retablo,-11.923482,-77.043865,19241,0.6179,0.2388,0.6955,0.7606,0.3916,0.6604,0.2696,0.2495,0.5404,2021,6,41,0.5724,0.0,8,11.0,-1,1
CZ-002,retablo,-11.923482,-77.043865,19241,0.6179,0.2388,0.6955,0.7606,0.3916,0.6604,0.2696,0.2495,0.5404,2021,7,42,0.609,0.07,9,11.0,0,1
CZ-002,retablo,-11.923482,-77.043865,19241,0.6179,0.2388,0.6955,0.7606,0.3916,0.6604,0.2696,0.2495,0.5404,2021,8,43,0.4644,-0.1905,10,9.0,-6,0
CZ-002,retablo,-11.923482,-77.043865,19241,0.6179,0.2388,0.6955,0.7606,0.3916,0.6604,0.2696,0.2495,0.5404,2021,9,44,0.3651,-0.22,10,9.667,2,0
CZ-002,retablo,-11.923482,-77.043865,19241,0.6179,0.2388,0.6955,0.7606,0.3916,0.6604,0.2696,0.2495,0.5404,2021,10,45,0.4865,-0.1905,7,9.0,-2,1
CZ-002,retablo,-11.923482,-77.043865,19241,0.6179,0.2388,0.6955,0.7606,0.3916,0.6604,0.2696,0.2495,0.5404,2021,11,46,0.4849,-0.11,7,8.0,-3,1
CZ-002,retablo,-11.923482,-77.043865,19241,0.6179,0.2388,0.6955,0.7606,0.3916,0.6604,0.2696,0.2495,0.5404,2021,12,47,0.5754,0.18,12,8.667,2,0
CZ-002,retablo,-11.923482,-77.043865,19241,0.6179,0.2388,0.6955,0.7606,0.3916,0.6604,0.2696,0.2495,0.5404,2022,1,48,0.5254,0.11,13,10.667,6,1
CZ-002,retablo,-11.923482,-77.043865,19241,0.6179,0.2388,0.6955,0.7606,0.3916,0.6604,0.2696,0.2495,0.5404,2022,2,49,0.4429,0.1905,8,11.0,1,1
CZ-002,retablo,-11.923482,-77.043865,19241,0.6179,0.2388,0.6955,0.7606,0.3916,0.6604,0.2696,0.2495,0.5404,2022,3,50,0.5649,0.22,9,10.0,-3,1
CZ-002,retablo,-11.923482,-77.043865,19241,0.6179,0.2388,0.6955,0.7606,0.3916,0.6604,0.2696,0.2495,0.5404,2022,4,51,0.4311,0.1905,16,11.0,3,1
CZ-002,retablo,-11.923482,-77.043865,19241,0.6179,0.2388,0.6955,0.7606,0.3916,0.6604,0.2696,0.2495,0.5404,2022,5,52,0.4913,0.11,12,12.333,4,0
CZ-002,retablo,-11.923482,-77.043865,19241,0.6179,0.2388,0.6955,0.7606,0.3916,0.6604,0.2696,0.2495,0.5404,2022,6,53,0.5608,0.0,12,13.333,3,1
CZ-002,retablo,-11.923482,-77.043865,19241,0.6179,0.2388,0.6955,0.7606,0.3916,0.6604,0.2696,0.2495,0.5404,2022,7,54,0.5675,0.07,8,10.667,-8,0
CZ-002,retablo,-11.923482,-77.043865,19241,0.6179,0.2388,0.6955,0.7606,0.3916,0.6604,0.2696,0.2495,0.5404,2022,8,55,0.4886,-0.1905,10,10.0,-2,0
CZ-002,retablo,-11.923482,-77.043865,19241,0.6179,0.2388,0.6955,0.7606,0.3916,0.6604,0.2696,0.2495,0.5404,2022,9,56,0.5205,-0.22,5,7.667,-7,0
CZ-002,retablo,-11.923482,-77.043865,19241,0.6179,0.2388,0.6955,0.7606,0.3916,0.6604,0.2696,0.2495,0.5404,2022,10,57,0.4171,-0.1905,4,6.333,-4,1
CZ-002,retablo,-11.923482,-77.043865,19241,0.6179,0.2388,0.6955,0.7606,0.3916,0.6604,0.2696,0.2495,0.5404,2022,11,58,0.4765,-0.11,5,4.667,-5,1
CZ-002,retablo,-11.923482,-77.043865,19241,0.6179,0.2388,0.6955,0.7606,0.3916,0.6604,0.2696,0.2495,0.5404,2022,12,59,0.4856,0.18,11,6.667,6,1
CZ-002,retablo,-11.923482,-77.043865,19241,0.6179,0.2388,0.6955,0.7606,0.3916,0.6604,0.2696,0.2495,0.5404,2023,1,60,0.3865,0.11,14,10.0,10,1
CZ-002,retablo,-11.923482,-77.043865,19241,0.6179,0.2388,0.6955,0.7606,0.3916,0.6604,0.2696,0.2495,0.5404,2023,2,61,0.4969,0.1905,12,12.333,7,1
CZ-002,retablo,-11.923482,-77.043865,19241,0.6179,0.2388,0.6955,0.7606,0.3916,0.6604,0.2696,0.2495,0.5404,2023,3,62,0.5381,0.22,16,14.0,5,0
CZ-002,retablo,-11.923482,-77.043865,19241,0.6179,0.2388,0.6955,0.7606,0.3916,0.6604,0.2696,0.2495,0.5404,2023,4,63,0.3791,0.1905,13,13.667,-1,1
CZ-002,retablo,-11.923482,-77.043865,19241,0.6179,0.2388,0.6955,0.7606,0.3916,0.6604,0.2696,0.2495,0.5404,2023,5,64,0.4094,0.11,4,11.0,-8,1
CZ-002,retablo,-11.923482,-77.043865,19241,0.6179,0.2388,0.6955,0.7606,0.3916,0.6604,0.2696,0.2495,0.5404,2023,6,65,0.4331,0.0,10,9.0,-6,1
CZ-002,retablo,-11.923482,-77.043865,19241,0.6179,0.2388,0.6955,0.7606,0.3916,0.6604,0.2696,0.2495,0.5404,2023,7,66,0.5971,0.07,16,10.0,3,1
CZ-002,retablo,-11.923482,-77.043865,19241,0.6179,0.2388,0.6955,0.7606,0.3916,0.6604,0.2696,0.2495,0.5404,2023,8,67,0.4943,-0.1905,20,15.333,16,1
CZ-002,retablo,-11.923482,-77.043865,19241,0.6179,0.2388,0.6955,0.7606,0.3916,0.6604,0.2696,0.2495,0.5404,2023,9,68,0.5383,-0.22,12,16.0,2,1
CZ-002,retablo,-11.923482,-77.043865,19241,0.6179,0.2388,0.6955,0.7606,0.3916,0.6604,0.2696,0.2495,0.5404,2023,10,69,0.5671,-0.1905,12,14.667,-4,1
CZ-002,retablo,-11.923482,-77.043865,19241,0.6179,0.2388,0.6955,0.7606,0.3916,0.6604,0.2696,0.2495,0.5404,2023,11,70,0.4415,-0.11,10,11.333,-10,1
CZ-002,retablo,-11.923482,-77.043865,19241,0.6179,0.2388,0.6955,0.7606,0.3916,0.6604,0.2696,0.2495,0.5404,2023,12,71,0.5751,0.18,11,11.0,-1,1
CZ-002,retablo,-11.923482,-77.043865,19241,0.6179,0.2388,0.6955,0.7606,0.3916,0.6604,0.2696,0.2495,0.5404,2024,1,72,0.4751,0.11,13,11.333,1,1
CZ-002,retablo,-11.923482,-77.043865,19241,0.6179,0.2388,0.6955,0.7606,0.3916,0.6604,0.2696,0.2495,0.5404,2024,2,73,0.4988,0.1905,14,12.667,4,1
CZ-002,retablo,-11.923482,-77.043865,19241,0.6179,0.2388,0.6955,0.7606,0.3916,0.6604,0.2696,0.2495,0.5404,2024,3,74,0.5267,0.22,9,12.0,-2,1
CZ-002,retablo,-11.923482,-77.043865,19241,0.6179,0.2388,0.6955,0.7606,0.3916,0.6604,0.2696,0.2495,0.5404,2024,4,75,0.4922,0.1905,14,12.333,1,0
CZ-002,retablo,-11.923482,-77.043865,19241,0.6179,0.2388,0.6955,0.7606,0.3916,0.6604,0.2696,0.2495,0.5404,2024,5,76,0.5254,0.11,15,12.667,1,1
CZ-002,retablo,-11.923482,-77.043865,19241,0.6179,0.2388,0.6955,0.7606,0.3916,0.6604,0.2696,0.2495,0.5404,2024,6,77,0.5657,0.0,7,12.0,-2,1
CZ-002,retablo,-11.923482,-77.043865,19241,0.6179,0.2388,0.6955,0.7606,0.3916,0.6604,0.2696,0.2495,0.5404,2024,7,78,0.5389,0.07,11,11.0,-3,0
CZ-002,retablo,-11.923482,-77.043865,19241,0.6179,0.2388,0.6955,0.7606,0.3916,0.6604,0.2696,0.2495,0.5404,2024,8,79,0.4476,-0.1905,11,9.667,-4,1
CZ-002,retablo,-11.923482,-77.043865,19241,0.6179,0.2388,0.6955,0.7606,0.3916,0.6604,0.2696,0.2495,0.5404,2024,9,80,0.5352,-0.22,7,9.667,0,0
CZ-002,retablo,-11.923482,-77.043865,19241,0.6179,0.2388,0.6955,0.7606,0.3916,0.6604,0.2696,0.2495,0.5404,2024,10,81,0.5431,-0.1905,10,9.333,-1,0
CZ-002,retablo,-11.923482,-77.043865,19241,0.6179,0.2388,0.6955,0.7606,0.3916,0.6604,0.2696,0.2495,0.5404,2024,11,82,0.5664,-0.11,8,8.333,-3,1
CZ-002,retablo,-11.923482,-77.043865,19241,0.6179,0.2388,0.6955,0.7606,0.3916,0.6604,0.2696,0.2495,0.5404,2024,12,83,0.5339,0.18,8,8.667,1,1
CZ-002,retablo,-11.923482,-77.043865,19241,0.6179,0.2388,0.6955,0.7606,0.3916,0.6604,0.2696,0.2495,0.5404,2025,1,84,0.4877,0.11,13,9.667,3,1
CZ-002,retablo,-11.923482,-77.043865,19241,0.6179,0.2388,0.6955,0.7606,0.3916,0.6604,0.2696,0.2495,0.5404,2025,2,85,0.4834,0.1905,24,15.0,16,1
CZ-002,retablo,-11.923482,-77.043865,19241,0.6179,0.2388,0.6955,0.7606,0.3916,0.6604,0.2696,0.2495,0.5404,2025,3,86,0.5152,0.22,19,18.667,11,1
CZ-002,retablo,-11.923482,-77.043865,19241,0.6179,0.2388,0.6955,0.7606,0.3916,0.6604,0.2696,0.2495,0.5404,2025,4,87,0.463,0.1905,20,21.0,7,1
CZ-002,retablo,-11.923482,-77.043865,19241,0.6179,0.2388,0.6955,0.7606,0.3916,0.6604,0.2696,0.2495,0.5404,2025,5,88,0.4926,0.11,12,17.0,-12,1
CZ-002,retablo,-11.923482,-77.043865,19241,0.6179,0.2388,0.6955,0.7606,0.3916,0.6604,0.2696,0.2495,0.5404,2025,6,89,0.5367,0.0,10,14.0,-9,1
CZ-002,retablo,-11.923482,-77.043865,19241,0.6179,0.2388,0.6955,0.7606,0.3916,0.6604,0.2696,0.2495,0.5404,2025,7,90,0.6131,0.07,14,12.0,-6,1
CZ-002,retablo,-11.923482,-77.043865,19241,0.6179,0.2388,0.6955,0.7606,0.3916,0.6604,0.2696,0.2495,0.5404,2025,8,91,0.4487,-0.1905,12,12.0,0,0
CZ-002,retablo,-11.923482,-77.043865,19241,0.6179,0.2388,0.6955,0.7606,0.3916,0.6604,0.2696,0.2495,0.5404,2025,9,92,0.5199,-0.22,9,11.667,-1,0
CZ-002,retablo,-11.923482,-77.043865,19241,0.6179,0.2388,0.6955,0.7606,0.3916,0.6604,0.2696,0.2495,0.5404,2025,10,93,0.4257,-0.1905,8,9.667,-6,1
CZ-002,retablo,-11.923482,-77.043865,19241,0.6179,0.2388,0.6955,0.7606,0.3916,0.6604,0.2696,0.2495,0.5404,2025,11,94,0.5052,-0.11,6,7.667,-6,1
CZ-003,santa_luzmila,-11.923059,-77.073058,11101,0.3256,0.2008,0.7477,0.6215,0.5441,0.6399,0.3165,0.3878,0.5852,2018,5,4,0.5766,0.11,15,8.0,11,0
CZ-003,santa_luzmila,-11.923059,-77.073058,11101,0.3256,0.2008,0.7477,0.6215,0.5441,0.6399,0.3165,0.3878,0.5852,2018,6,5,0.51,0.0,8,9.667,5,1
CZ-003,santa_luzmila,-11.923059,-77.073058,11101,0.3256,0.2008,0.7477,0.6215,0.5441,0.6399,0.3165,0.3878,0.5852,2018,7,6,0.5665,0.07,4,9.0,-2,1
CZ-003,santa_luzmila,-11.923059,-77.073058,11101,0.3256,0.2008,0.7477,0.6215,0.5441,0.6399,0.3165,0.3878,0.5852,2018,8,7,0.6098,-0.1905,9,7.0,-6,0
CZ-003,santa_luzmila,-11.923059,-77.073058,11101,0.3256,0.2008,0.7477,0.6215,0.5441,0.6399,0.3165,0.3878,0.5852,2018,9,8,0.5154,-0.22,10,7.667,2,0
CZ-003,santa_luzmila,-11.923059,-77.073058,11101,0.3256,0.2008,0.7477,0.6215,0.5441,0.6399,0.3165,0.3878,0.5852,2018,10,9,0.4523,-0.1905,6,8.333,2,0
CZ-003,santa_luzmila,-11.923059,-77.073058,11101,0.3256,0.2008,0.7477,0.6215,0.5441,0.6399,0.3165,0.3878,0.5852,2018,11,10,0.4457,-0.11,5,7.0,-4,1
CZ-003,santa_luzmila,-11.923059,-77.073058,11101,0.3256,0.2008,0.7477,0.6215,0.5441,0.6399,0.3165,0.3878,0.5852,2018,12,11,0.5323,0.18,6,5.667,-4,0
CZ-003,santa_luzmila,-11.923059,-77.073058,11101,0.3256,0.2008,0.7477,0.6215,0.5441,0.6399,0.3165,0.3878,0.5852,2019,1,12,0.4845,0.11,11,7.333,5,1
CZ-003,santa_luzmila,-11.923059,-77.073058,11101,0.3256,0.2008,0.7477,0.6215,0.5441,0.6399,0.3165,0.3878,0.5852,2019,2,13,0.4808,0.1905,5,7.333,0,0
CZ-003,santa_luzmila,-11.923059,-77.073058,11101,0.3256,0.2008,0.7477,0.6215,0.5441,0.6399,0.3165,0.3878,0.5852,2019,3,14,0.5358,0.22,9,8.333,3,1
CZ-003,santa_luzmila,-11.923059,-77.073058,11101,0.3256,0.2008,0.7477,0.6215,0.5441,0.6399,0.3165,0.3878,0.5852,2019,4,15,0.4887,0.1905,6,6.667,-5,1
CZ-003,santa_luzmila,-11.923059,-77.073058,11101,0.3256,0.2008,0.7477,0.6215,0.5441,0.6399,0.3165,0.3878,0.5852,2019,5,16,0.5884,0.11,13,9.333,8,0
CZ-003,santa_luzmila,-11.923059,-77.073058,11101,0.3256,0.2008,0.7477,0.6215,0.5441,0.6399,0.3165,0.3878,0.5852,2019,6,17,0.507,0.0,11,10.0,2,1
CZ-003,santa_luzmila,-11.923059,-77.073058,11101,0.3256,0.2008,0.7477,0.6215,0.5441,0.6399,0.3165,0.3878,0.5852,2019,7,18,0.5273,0.07,7,10.333,1,0
CZ-003,santa_luzmila,-11.923059,-77.073058,11101,0.3256,0.2008,0.7477,0.6215,0.5441,0.6399,0.3165,0.3878,0.5852,2019,8,19,0.4203,-0.1905,9,9.0,-4,1
CZ-003,santa_luzmila,-11.923059,-77.073058,11101,0.3256,0.2008,0.7477,0.6215,0.5441,0.6399,0.3165,0.3878,0.5852,2019,9,20,0.5577,-0.22,1,5.667,-10,0
CZ-003,santa_luzmila,-11.923059,-77.073058,11101,0.3256,0.2008,0.7477,0.6215,0.5441,0.6399,0.3165,0.3878,0.5852,2019,10,21,0.5064,-0.1905,11,7.0,4,0
CZ-003,santa_luzmila,-11.923059,-77.073058,11101,0.3256,0.2008,0.7477,0.6215,0.5441,0.6399,0.3165,0.3878,0.5852,2019,11,22,0.4767,-0.11,5,5.667,-4,1
CZ-003,santa_luzmila,-11.923059,-77.073058,11101,0.3256,0.2008,0.7477,0.6215,0.5441,0.6399,0.3165,0.3878,0.5852,2019,12,23,0.6249,0.18,2,6.0,1,0
CZ-003,santa_luzmila,-11.923059,-77.073058,11101,0.3256,0.2008,0.7477,0.6215,0.5441,0.6399,0.3165,0.3878,0.5852,2020,1,24,0.5176,0.11,10,5.667,-1,0
CZ-003,santa_luzmila,-11.923059,-77.073058,11101,0.3256,0.2008,0.7477,0.6215,0.5441,0.6399,0.3165,0.3878,0.5852,2020,2,25,0.4781,0.1905,6,6.0,1,1
CZ-003,santa_luzmila,-11.923059,-77.073058,11101,0.3256,0.2008,0.7477,0.6215,0.5441,0.6399,0.3165,0.3878,0.5852,2020,3,26,0.4549,0.22,6,7.333,4,1
CZ-003,santa_luzmila,-11.923059,-77.073058,11101,0.3256,0.2008,0.7477,0.6215,0.5441,0.6399,0.3165,0.3878,0.5852,2020,4,27,0.5022,0.1905,10,7.333,0,0
CZ-003,santa_luzmila,-11.923059,-77.073058,11101,0.3256,0.2008,0.7477,0.6215,0.5441,0.6399,0.3165,0.3878,0.5852,2020,5,28,0.5253,0.11,10,8.667,4,0
CZ-003,santa_luzmila,-11.923059,-77.073058,11101,0.3256,0.2008,0.7477,0.6215,0.5441,0.6399,0.3165,0.3878,0.5852,2020,6,29,0.4749,0.0,7,9.0,1,1
CZ-003,santa_luzmila,-11.923059,-77.073058,11101,0.3256,0.2008,0.7477,0.6215,0.5441,0.6399,0.3165,0.3878,0.5852,2020,7,30,0.57,0.07,7,8.0,-3,0
CZ-003,santa_luzmila,-11.923059,-77.073058,11101,0.3256,0.2008,0.7477,0.6215,0.5441,0.6399,0.3165,0.3878,0.5852,2020,8,31,0.5156,-0.1905,12,8.667,2,0
CZ-003,santa_luzmila,-11.923059,-77.073058,11101,0.3256,0.2008,0.7477,0.6215,0.5441,0.6399,0.3165,0.3878,0.5852,2020,9,32,0.4801,-0.22,8,9.0,1,1
CZ-003,santa_luzmila,-11.923059,-77.073058,11101,0.3256,0.2008,0.7477,0.6215,0.5441,0.6399,0.3165,0.3878,0.5852,2020,10,33,0.5791,-0.1905,4,8.0,-3,0
CZ-003,santa_luzmila,-11.923059,-77.073058,11101,0.3256,0.2008,0.7477,0.6215,0.5441,0.6399,0.3165,0.3878,0.5852,2020,11,34,0.5329,-0.11,12,8.0,0,1
CZ-003,santa_luzmila,-11.923059,-77.073058,11101,0.3256,0.2008,0.7477,0.6215,0.5441,0.6399,0.3165,0.3878,0.5852,2020,12,35,0.5703,0.18,8,8.0,0,1
CZ-003,santa_luzmila,-11.923059,-77.073058,11101,0.3256,0.2008,0.7477,0.6215,0.5441,0.6399,0.3165,0.3878,0.5852,2021,1,36,0.4771,0.11,11,10.333,7,0
CZ-003,santa_luzmila,-11.923059,-77.073058,11101,0.3256,0.2008,0.7477,0.6215,0.5441,0.6399,0.3165,0.3878,0.5852,2021,2,37,0.5782,0.1905,11,10.0,-1,1
CZ-003,santa_luzmila,-11.923059,-77.073058,11101,0.3256,0.2008,0.7477,0.6215,0.5441,0.6399,0.3165,0.3878,0.5852,2021,3,38,0.5549,0.22,8,10.0,0,1
CZ-003,santa_luzmila,-11.923059,-77.073058,11101,0.3256,0.2008,0.7477,0.6215,0.5441,0.6399,0.3165,0.3878,0.5852,2021,4,39,0.4678,0.1905,12,10.333,1,0
CZ-003,santa_luzmila,-11.923059,-77.073058,11101,0.3256,0.2008,0.7477,0.6215,0.5441,0.6399,0.3165,0.3878,0.5852,2021,5,40,0.4064,0.11,10,10.0,-1,1
CZ-003,santa_luzmila,-11.923059,-77.073058,11101,0.3256,0.2008,0.7477,0.6215,0.5441,0.6399,0.3165,0.3878,0.5852,2021,6,41,0.5906,0.0,7,9.667,-1,1
CZ-003,santa_luzmila,-11.923059,-77.073058,11101,0.3256,0.2008,0.7477,0.6215,0.5441,0.6399,0.3165,0.3878,0.5852,2021,7,42,0.573,0.07,10,9.0,-2,0
CZ-003,santa_luzmila,-11.923059,-77.073058,11101,0.3256,0.2008,0.7477,0.6215,0.5441,0.6399,0.3165,0.3878,0.5852,2021,8,43,0.5265,-0.1905,11,9.333,1,0
CZ-003,santa_luzmila,-11.923059,-77.073058,11101,0.3256,0.2008,0.7477,0.6215,0.5441,0.6399,0.3165,0.3878,0.5852,2021,9,44,0.4338,-0.22,7,9.333,0,1
CZ-003,santa_luzmila,-11.923059,-77.073058,11101,0.3256,0.2008,0.7477,0.6215,0.5441,0.6399,0.3165,0.3878,0.5852,2021,10,45,0.5656,-0.1905,4,7.333,-6,0
CZ-003,santa_luzmila,-11.923059,-77.073058,11101,0.3256,0.2008,0.7477,0.6215,0.5441,0.6399,0.3165,0.3878,0.5852,2021,11,46,0.5903,-0.11,11,7.333,0,1
CZ-003,santa_luzmila,-11.923059,-77.073058,11101,0.3256,0.2008,0.7477,0.6215,0.5441,0.6399,0.3165,0.3878,0.5852,2021,12,47,0.5793,0.18,7,7.333,0,0
CZ-003,santa_luzmila,-11.923059,-77.073058,11101,0.3256,0.2008,0.7477,0.6215,0.5441,0.6399,0.3165,0.3878,0.5852,2022,1,48,0.5377,0.11,21,13.0,17,1
CZ-003,santa_luzmila,-11.923059,-77.073058,11101,0.3256,0.2008,0.7477,0.6215,0.5441,0.6399,0.3165,0.3878,0.5852,2022,2,49,0.61,0.1905,8,12.0,-3,1
CZ-003,santa_luzmila,-11.923059,-77.073058,11101,0.3256,0.2008,0.7477,0.6215,0.5441,0.6399,0.3165,0.3878,0.5852,2022,3,50,0.5271,0.22,9,12.667,2,1
CZ-003,santa_luzmila,-11.923059,-77.073058,11101,0.3256,0.2008,0.7477,0.6215,0.5441,0.6399,0.3165,0.3878,0.5852,2022,4,51,0.5237,0.1905,9,8.667,-12,1
CZ-003,santa_luzmila,-11.923059,-77.073058,11101,0.3256,0.2008,0.7477,0.6215,0.5441,0.6399,0.3165,0.3878,0.5852,2022,5,52,0.5755,0.11,13,10.333,5,0
CZ-003,santa_luzmila,-11.923059,-77.073058,11101,0.3256,0.2008,0.7477,0.6215,0.5441,0.6399,0.3165,0.3878,0.5852,2022,6,53,0.4841,0.0,11,11.0,2,1
CZ-003,santa_luzmila,-11.923059,-77.073058,11101,0.3256,0.2008,0.7477,0.6215,0.5441,0.6399,0.3165,0.3878,0.5852,2022,7,54,0.5501,0.07,4,9.333,-5,0
CZ-003,santa_luzmila,-11.923059,-77.073058,11101,0.3256,0.2008,0.7477,0.6215,0.5441,0.6399,0.3165,0.3878,0.5852,2022,8,55,0.4887,-0.1905,11,8.667,-2,0
CZ-003,santa_luzmila,-11.923059,-77.073058,11101,0.3256,0.2008,0.7477,0.6215,0.5441,0.6399,0.3165,0.3878,0.5852,2022,9,56,0.5336,-0.22,5,6.667,-6,0
CZ-003,santa_luzmila,-11.923059,-77.073058,11101,0.3256,0.2008,0.7477,0.6215,0.5441,0.6399,0.3165,0.3878,0.5852,2022,10,57,0.5569,-0.1905,3,6.333,-1,0
CZ-003,santa_luzmila,-11.923059,-77.073058,11101,0.3256,0.2008,0.7477,0.6215,0.5441,0.6399,0.3165,0.3878,0.5852,2022,11,58,0.531,-0.11,8,5.333,-3,1
CZ-003,santa_luzmila,-11.923059,-77.073058,11101,0.3256,0.2008,0.7477,0.6215,0.5441,0.6399,0.3165,0.3878,0.5852,2022,12,59,0.6044,0.18,8,6.333,3,1
CZ-003,santa_luzmila,-11.923059,-77.073058,11101,0.3256,0.2008,0.7477,0.6215,0.5441,0.6399,0.3165,0.3878,0.5852,2023,1,60,0.4778,0.11,11,9.0,8,1
CZ-003,santa_luzmila,-11.923059,-77.073058,11101,0.3256,0.2008,0.7477,0.6215,0.5441,0.6399,0.3165,0.3878,0.5852,2023,2,61,0.4804,0.1905,11,10.0,3,1
CZ-003,santa_luzmila,-11.923059,-77.073058,11101,0.3256,0.2008,0.7477,0.6215,0.5441,0.6399,0.3165,0.3878,0.5852,2023,3,62,0.5712,0.22,12,11.333,4,1
CZ-003,santa_luzmila,-11.923059,-77.073058,11101,0.3256,0.2008,0.7477,0.6215,0.5441,0.6399,0.3165,0.3878,0.5852,2023,4,63,0.4524,0.1905,10,11.0,-1,1
CZ-003,santa_luzmila,-11.923059,-77.073058,11101,0.3256,0.2008,0.7477,0.6215,0.5441,0.6399,0.3165,0.3878,0.5852,2023,5,64,0.409,0.11,11,11.0,0,1
CZ-003,santa_luzmila,-11.923059,-77.073058,11101,0.3256,0.2008,0.7477,0.6215,0.5441,0.6399,0.3165,0.3878,0.5852,2023,6,65,0.5314,0.0,9,10.0,-3,1
CZ-003,santa_luzmila,-11.923059,-77.073058,11101,0.3256,0.2008,0.7477,0.6215,0.5441,0.6399,0.3165,0.3878,0.5852,2023,7,66,0.5758,0.07,10,10.0,0,1
CZ-003,santa_luzmila,-11.923059,-77.073058,11101,0.3256,0.2008,0.7477,0.6215,0.5441,0.6399,0.3165,0.3878,0.5852,2023,8,67,0.4513,-0.1905,11,10.0,0,0
CZ-003,santa_luzmila,-11.923059,-77.073058,11101,0.3256,0.2008,0.7477,0.6215,0.5441,0.6399,0.3165,0.3878,0.5852,2023,9,68,0.4583,-0.22,16,12.333,7,1
CZ-003,santa_luzmila,-11.923059,-77.073058,11101,0.3256,0.2008,0.7477,0.6215,0.5441,0.6399,0.3165,0.3878,0.5852,2023,10,69,0.4546,-0.1905,8,11.667,-2,1
CZ-003,santa_luzmila,-11.923059,-77.073058,11101,0.3256,0.2008,0.7477,0.6215,0.5441,0.6399,0.3165,0.3878,0.5852,2023,11,70,0.546,-0.11,10,11.333,-1,1
CZ-003,santa_luzmila,-11.923059,-77.073058,11101,0.3256,0.2008,0.7477,0.6215,0.5441,0.6399,0.3165,0.3878,0.5852,2023,12,71,0.5301,0.18,12,10.0,-4,1
CZ-003,santa_luzmila,-11.923059,-77.073058,11101,0.3256,0.2008,0.7477,0.6215,0.5441,0.6399,0.3165,0.3878,0.5852,2024,1,72,0.5565,0.11,11,11.0,3,1
CZ-003,santa_luzmila,-11.923059,-77.073058,11101,0.3256,0.2008,0.7477,0.6215,0.5441,0.6399,0.3165,0.3878,0.5852,2024,2,73,0.5598,0.1905,17,13.333,7,1
CZ-003,santa_luzmila,-11.923059,-77.073058,11101,0.3256,0.2008,0.7477,0.6215,0.5441,0.6399,0.3165,0.3878,0.5852,2024,3,74,0.5289,0.22,18,15.333,6,1
CZ-003,santa_luzmila,-11.923059,-77.073058,11101,0.3256,0.2008,0.7477,0.6215,0.5441,0.6399,0.3165,0.3878,0.5852,2024,4,75,0.4516,0.1905,12,15.667,1,0
CZ-003,santa_luzmila,-11.923059,-77.073058,11101,0.3256,0.2008,0.7477,0.6215,0.5441,0.6399,0.3165,0.3878,0.5852,2024,5,76,0.5815,0.11,12,14.0,-5,1
CZ-003,santa_luzmila,-11.923059,-77.073058,11101,0.3256,0.2008,0.7477,0.6215,0.5441,0.6399,0.3165,0.3878,0.5852,2024,6,77,0.6191,0.0,8,10.667,-10,1
CZ-003,santa_luzmila,-11.923059,-77.073058,11101,0.3256,0.2008,0.7477,0.6215,0.5441,0.6399,0.3165,0.3878,0.5852,2024,7,78,0.5876,0.07,9,9.667,-3,0
CZ-003,santa_luzmila,-11.923059,-77.073058,11101,0.3256,0.2008,0.7477,0.6215,0.5441,0.6399,0.3165,0.3878,0.5852,2024,8,79,0.4984,-0.1905,17,11.333,5,0
CZ-003,santa_luzmila,-11.923059,-77.073058,11101,0.3256,0.2008,0.7477,0.6215,0.5441,0.6399,0.3165,0.3878,0.5852,2024,9,80,0.428,-0.22,7,11.0,-1,0
CZ-003,santa_luzmila,-11.923059,-77.073058,11101,0.3256,0.2008,0.7477,0.6215,0.5441,0.6399,0.3165,0.3878,0.5852,2024,10,81,0.4667,-0.1905,4,9.333,-5,0
CZ-003,santa_luzmila,-11.923059,-77.073058,11101,0.3256,0.2008,0.7477,0.6215,0.5441,0.6399,0.3165,0.3878,0.5852,2024,11,82,0.5221,-0.11,8,6.333,-9,1
CZ-003,santa_luzmila,-11.923059,-77.073058,11101,0.3256,0.2008,0.7477,0.6215,0.5441,0.6399,0.3165,0.3878,0.5852,2024,12,83,0.6292,0.18,7,6.333,0,1
CZ-003,santa_luzmila,-11.923059,-77.073058,11101,0.3256,0.2008,0.7477,0.6215,0.5441,0.6399,0.3165,0.3878,0.5852,2025,1,84,0.5065,0.11,18,11.0,14,0
CZ-003,santa_luzmila,-11.923059,-77.073058,11101,0.3256,0.2008,0.7477,0.6215,0.5441,0.6399,0.3165,0.3878,0.5852,2025,2,85,0.5638,0.1905,13,12.667,5,1
CZ-003,santa_luzmila,-11.923059,-77.073058,11101,0.3256,0.2008,0.7477,0.6215,0.5441,0.6399,0.3165,0.3878,0.5852,2025,3,86,0.4812,0.22,8,13.0,1,1
CZ-003,santa_luzmila,-11.923059,-77.073058,11101,0.3256,0.2008,0.7477,0.6215,0.5441,0.6399,0.3165,0.3878,0.5852,2025,4,87,0.5242,0.1905,19,13.333,1,0
CZ-003,santa_luzmila,-11.923059,-77.073058,11101,0.3256,0.2008,0.7477,0.6215,0.5441,0.6399,0.3165,0.3878,0.5852,2025,5,88,0.4563,0.11,14,13.667,1,1
CZ-003,santa_luzmila,-11.923059,-77.073058,11101,0.3256,0.2008,0.7477,0.6215,0.5441,0.6399,0.3165,0.3878,0.5852,2025,6,89,0.5412,0.0,7,13.333,-1,1
CZ-003,santa_luzmila,-11.923059,-77.073058,11101,0.3256,0.2008,0.7477,0.6215,0.5441,0.6399,0.3165,0.3878,0.5852,2025,7,90,0.5706,0.07,19,13.333,0,0
CZ-003,santa_luzmila,-11.923059,-77.073058,11101,0.3256,0.2008,0.7477,0.6215,0.5441,0.6399,0.3165,0.3878,0.5852,2025,8,91,0.4969,-0.1905,9,11.667,-5,1
CZ-003,santa_luzmila,-11.923059,-77.073058,11101,0.3256,0.2008,0.7477,0.6215,0.5441,0.6399,0.3165,0.3878,0.5852,2025,9,92,0.4451,-0.22,7,11.667,0,1
CZ-003,santa_luzmila,-11.923059,-77.073058,11101,0.3256,0.2008,0.7477,0.6215,0.5441,0.6399,0.3165,0.3878,0.5852,2025,10,93,0.4793,-0.1905,14,10.0,-5,1
CZ-003,santa_luzmila,-11.923059,-77.073058,11101,0.3256,0.2008,0.7477,0.6215,0.5441,0.6399,0.3165,0.3878,0.5852,2025,11,94,0.476,-0.11,10,10.333,1,1
CZ-004,tahuantinsuyo,-11.942204,-77.020242,17439,0.5193,0.2231,0.5435,0.6827,0.4817,0.7895,0.1351,0.3921,0.3846,2018,5,4,0.4755,0.11,4,5.333,0,0
CZ-004,tahuantinsuyo,-11.942204,-77.020242,17439,0.5193,0.2231,0.5435,0.6827,0.4817,0.7895,0.1351,0.3921,0.3846,2018,6,5,0.4552,0.0,1,3.667,-5,0
CZ-004,tahuantinsuyo,-11.942204,-77.020242,17439,0.5193,0.2231,0.5435,0.6827,0.4817,0.7895,0.1351,0.3921,0.3846,2018,7,6,0.525,0.07,4,3.0,-2,0
CZ-004,tahuantinsuyo,-11.942204,-77.020242,17439,0.5193,0.2231,0.5435,0.6827,0.4817,0.7895,0.1351,0.3921,0.3846,2018,8,7,0.4183,-0.1905,7,4.0,3,0
CZ-004,tahuantinsuyo,-11.942204,-77.020242,17439,0.5193,0.2231,0.5435,0.6827,0.4817,0.7895,0.1351,0.3921,0.3846,2018,9,8,0.4942,-0.22,1,4.0,0,0
CZ-004,tahuantinsuyo,-11.942204,-77.020242,17439,0.5193,0.2231,0.5435,0.6827,0.4817,0.7895,0.1351,0.3921,0.3846,2018,10,9,0.5367,-0.1905,2,3.333,-2,0
CZ-004,tahuantinsuyo,-11.942204,-77.020242,17439,0.5193,0.2231,0.5435,0.6827,0.4817,0.7895,0.1351,0.3921,0.3846,2018,11,10,0.3816,-0.11,1,1.333,-6,0
CZ-004,tahuantinsuyo,-11.942204,-77.020242,17439,0.5193,0.2231,0.5435,0.6827,0.4817,0.7895,0.1351,0.3921,0.3846,2018,12,11,0.5038,0.18,2,1.667,1,0
CZ-004,tahuantinsuyo,-11.942204,-77.020242,17439,0.5193,0.2231,0.5435,0.6827,0.4817,0.7895,0.1351,0.3921,0.3846,2019,1,12,0.4237,0.11,0,1.0,-2,0
CZ-004,tahuantinsuyo,-11.942204,-77.020242,17439,0.5193,0.2231,0.5435,0.6827,0.4817,0.7895,0.1351,0.3921,0.3846,2019,2,13,0.4926,0.1905,2,1.333,1,0
CZ-004,tahuantinsuyo,-11.942204,-77.020242,17439,0.5193,0.2231,0.5435,0.6827,0.4817,0.7895,0.1351,0.3921,0.3846,2019,3,14,0.4842,0.22,1,1.0,-1,0
CZ-004,tahuantinsuyo,-11.942204,-77.020242,17439,0.5193,0.2231,0.5435,0.6827,0.4817,0.7895,0.1351,0.3921,0.3846,2019,4,15,0.5425,0.1905,2,1.667,2,0
CZ-004,tahuantinsuyo,-11.942204,-77.020242,17439,0.5193,0.2231,0.5435,0.6827,0.4817,0.7895,0.1351,0.3921,0.3846,2019,5,16,0.4007,0.11,5,2.667,3,0
CZ-004,tahuantinsuyo,-11.942204,-77.020242,17439,0.5193,0.2231,0.5435,0.6827,0.4817,0.7895,0.1351,0.3921,0.3846,2019,6,17,0.442,0.0,5,4.0,4,0
CZ-004,tahuantinsuyo,-11.942204,-77.020242,17439,0.5193,0.2231,0.5435,0.6827,0.4817,0.7895,0.1351,0.3921,0.3846,2019,7,18,0.5021,0.07,4,4.667,2,0
CZ-004,tahuantinsuyo,-11.942204,-77.020242,17439,0.5193,0.2231,0.5435,0.6827,0.4817,0.7895,0.1351,0.3921,0.3846,2019,8,19,0.5189,-0.1905,4,4.333,-1,0
CZ-004,tahuantinsuyo,-11.942204,-77.020242,17439,0.5193,0.2231,0.5435,0.6827,0.4817,0.7895,0.1351,0.3921,0.3846,2019,9,20,0.4093,-0.22,0,2.667,-5,0
CZ-004,tahuantinsuyo,-11.942204,-77.020242,17439,0.5193,0.2231,0.5435,0.6827,0.4817,0.7895,0.1351,0.3921,0.3846,2019,10,21,0.4567,-0.1905,1,1.667,-3,0
CZ-004,tahuantinsuyo,-11.942204,-77.020242,17439,0.5193,0.2231,0.5435,0.6827,0.4817,0.7895,0.1351,0.3921,0.3846,2019,11,22,0.4821,-0.11,2,1.0,-2,0
CZ-004,tahuantinsuyo,-11.942204,-77.020242,17439,0.5193,0.2231,0.5435,0.6827,0.4817,0.7895,0.1351,0.3921,0.3846,2019,12,23,0.6069,0.18,4,2.333,4,0
CZ-004,tahuantinsuyo,-11.942204,-77.020242,17439,0.5193,0.2231,0.5435,0.6827,0.4817,0.7895,0.1351,0.3921,0.3846,2020,1,24,0.4563,0.11,5,3.667,4,0
CZ-004,tahuantinsuyo,-11.942204,-77.020242,17439,0.5193,0.2231,0.5435,0.6827,0.4817,0.7895,0.1351,0.3921,0.3846,2020,2,25,0.4657,0.1905,4,4.333,2,0
CZ-004,tahuantinsuyo,-11.942204,-77.020242,17439,0.5193,0.2231,0.5435,0.6827,0.4817,0.7895,0.1351,0.3921,0.3846,2020,3,26,0.4306,0.22,6,5.0,2,0
CZ-004,tahuantinsuyo,-11.942204,-77.020242,17439,0.5193,0.2231,0.5435,0.6827,0.4817,0.7895,0.1351,0.3921,0.3846,2020,4,27,0.4173,0.1905,3,4.333,-2,0
CZ-004,tahuantinsuyo,-11.942204,-77.020242,17439,0.5193,0.2231,0.5435,0.6827,0.4817,0.7895,0.1351,0.3921,0.3846,2020,5,28,0.4909,0.11,4,4.333,0,1
CZ-004,tahuantinsuyo,-11.942204,-77.020242,17439,0.5193,0.2231,0.5435,0.6827,0.4817,0.7895,0.1351,0.3921,0.3846,2020,6,29,0.4525,0.0,4,3.667,-2,0
CZ-004,tahuantinsuyo,-11.942204,-77.020242,17439,0.5193,0.2231,0.5435,0.6827,0.4817,0.7895,0.1351,0.3921,0.3846,2020,7,30,0.6092,0.07,9,5.667,6,0
CZ-004,tahuantinsuyo,-11.942204,-77.020242,17439,0.5193,0.2231,0.5435,0.6827,0.4817,0.7895,0.1351,0.3921,0.3846,2020,8,31,0.4143,-0.1905,2,5.0,-2,0
CZ-004,tahuantinsuyo,-11.942204,-77.020242,17439,0.5193,0.2231,0.5435,0.6827,0.4817,0.7895,0.1351,0.3921,0.3846,2020,9,32,0.4905,-0.22,4,5.0,0,0
CZ-004,tahuantinsuyo,-11.942204,-77.020242,17439,0.5193,0.2231,0.5435,0.6827,0.4817,0.7895,0.1351,0.3921,0.3846,2020,10,33,0.5033,-0.1905,5,3.667,-4,0
CZ-004,tahuantinsuyo,-11.942204,-77.020242,17439,0.5193,0.2231,0.5435,0.6827,0.4817,0.7895,0.1351,0.3921,0.3846,2020,11,34,0.4304,-0.11,3,4.0,1,0
CZ-004,tahuantinsuyo,-11.942204,-77.020242,17439,0.5193,0.2231,0.5435,0.6827,0.4817,0.7895,0.1351,0.3921,0.3846,2020,12,35,0.5317,0.18,2,3.333,-2,0
CZ-004,tahuantinsuyo,-11.942204,-77.020242,17439,0.5193,0.2231,0.5435,0.6827,0.4817,0.7895,0.1351,0.3921,0.3846,2021,1,36,0.4882,0.11,7,4.0,2,0
CZ-004,tahuantinsuyo,-11.942204,-77.020242,17439,0.5193,0.2231,0.5435,0.6827,0.4817,0.7895,0.1351,0.3921,0.3846,2021,2,37,0.4561,0.1905,5,4.667,2,0
CZ-004,tahuantinsuyo,-11.942204,-77.020242,17439,0.5193,0.2231,0.5435,0.6827,0.4817,0.7895,0.1351,0.3921,0.3846,2021,3,38,0.4519,0.22,5,5.667,3,1
CZ-004,tahuantinsuyo,-11.942204,-77.020242,17439,0.5193,0.2231,0.5435,0.6827,0.4817,0.7895,0.1351,0.3921,0.3846,2021,4,39,0.5018,0.1905,4,4.667,-3,0
CZ-004,tahuantinsuyo,-11.942204,-77.020242,17439,0.5193,0.2231,0.5435,0.6827,0.4817,0.7895,0.1351,0.3921,0.3846,2021,5,40,0.446,0.11,10,6.333,5,0
CZ-004,tahuantinsuyo,-11.942204,-77.020242,17439,0.5193,0.2231,0.5435,0.6827,0.4817,0.7895,0.1351,0.3921,0.3846,2021,6,41,0.5297,0.0,6,6.667,1,0
CZ-004,tahuantinsuyo,-11.942204,-77.020242,17439,0.5193,0.2231,0.5435,0.6827,0.4817,0.7895,0.1351,0.3921,0.3846,2021,7,42,0.5062,0.07,5,7.0,1,0
CZ-004,tahuantinsuyo,-11.942204,-77.020242,17439,0.5193,0.2231,0.5435,0.6827,0.4817,0.7895,0.1351,0.3921,0.3846,2021,8,43,0.5129,-0.1905,4,5.0,-6,0
CZ-004,tahuantinsuyo,-11.942204,-77.020242,17439,0.5193,0.2231,0.5435,0.6827,0.4817,0.7895,0.1351,0.3921,0.3846,2021,9,44,0.4874,-0.22,7,5.333,1,0
CZ-004,tahuantinsuyo,-11.942204,-77.020242,17439,0.5193,0.2231,0.5435,0.6827,0.4817,0.7895,0.1351,0.3921,0.3846,2021,10,45,0.4221,-0.1905,4,5.0,-1,0
CZ-004,tahuantinsuyo,-11.942204,-77.020242,17439,0.5193,0.2231,0.5435,0.6827,0.4817,0.7895,0.1351,0.3921,0.3846,2021,11,46,0.4123,-0.11,8,6.333,4,0
CZ-004,tahuantinsuyo,-11.942204,-77.020242,17439,0.5193,0.2231,0.5435,0.6827,0.4817,0.7895,0.1351,0.3921,0.3846,2021,12,47,0.5672,0.18,2,4.667,-5,0
CZ-004,tahuantinsuyo,-11.942204,-77.020242,17439,0.5193,0.2231,0.5435,0.6827,0.4817,0.7895,0.1351,0.3921,0.3846,2022,1,48,0.4748,0.11,7,5.667,3,0
CZ-004,tahuantinsuyo,-11.942204,-77.020242,17439,0.5193,0.2231,0.5435,0.6827,0.4817,0.7895,0.1351,0.3921,0.3846,2022,2,49,0.4258,0.1905,6,5.0,-2,0
CZ-004,tahuantinsuyo,-11.942204,-77.020242,17439,0.5193,0.2231,0.5435,0.6827,0.4817,0.7895,0.1351,0.3921,0.3846,2022,3,50,0.4949,0.22,3,5.333,1,0
CZ-004,tahuantinsuyo,-11.942204,-77.020242,17439,0.5193,0.2231,0.5435,0.6827,0.4817,0.7895,0.1351,0.3921,0.3846,2022,4,51,0.4279,0.1905,4,4.333,-3,0
CZ-004,tahuantinsuyo,-11.942204,-77.020242,17439,0.5193,0.2231,0.5435,0.6827,0.4817,0.7895,0.1351,0.3921,0.3846,2022,5,52,0.5094,0.11,4,3.667,-2,0
CZ-004,tahuantinsuyo,-11.942204,-77.020242,17439,0.5193,0.2231,0.5435,0.6827,0.4817,0.7895,0.1351,0.3921,0.3846,2022,6,53,0.4722,0.0,5,4.333,2,0
CZ-004,tahuantinsuyo,-11.942204,-77.020242,17439,0.5193,0.2231,0.5435,0.6827,0.4817,0.7895,0.1351,0.3921,0.3846,2022,7,54,0.53,0.07,7,5.333,3,0
CZ-004,tahuantinsuyo,-11.942204,-77.020242,17439,0.5193,0.2231,0.5435,0.6827,0.4817,0.7895,0.1351,0.3921,0.3846,2022,8,55,0.395,-0.1905,3,5.0,-1,0
CZ-004,tahuantinsuyo,-11.942204,-77.020242,17439,0.5193,0.2231,0.5435,0.6827,0.4817,0.7895,0.1351,0.3921,0.3846,2022,9,56,0.4269,-0.22,1,3.667,-4,0
CZ-004,tahuantinsuyo,-11.942204,-77.020242,17439,0.5193,0.2231,0.5435,0.6827,0.4817,0.7895,0.1351,0.3921,0.3846,2022,10,57,0.4172,-0.1905,5,3.0,-2,0
CZ-004,tahuantinsuyo,-11.942204,-77.020242,17439,0.5193,0.2231,0.5435,0.6827,0.4817,0.7895,0.1351,0.3921,0.3846,2022,11,58,0.5418,-0.11,1,2.333,-2,0
CZ-004,tahuantinsuyo,-11.942204,-77.020242,17439,0.5193,0.2231,0.5435,0.6827,0.4817,0.7895,0.1351,0.3921,0.3846,2022,12,59,0.5695,0.18,6,4.0,5,0
CZ-004,tahuantinsuyo,-11.942204,-77.020242,17439,0.5193,0.2231,0.5435,0.6827,0.4817,0.7895,0.1351,0.3921,0.3846,2023,1,60,0.4527,0.11,1,2.667,-4,0
CZ-004,tahuantinsuyo,-11.942204,-77.020242,17439,0.5193,0.2231,0.5435,0.6827,0.4817,0.7895,0.1351,0.3921,0.3846,2023,2,61,0.5112,0.1905,4,3.667,3,0
CZ-004,tahuantinsuyo,-11.942204,-77.020242,17439,0.5193,0.2231,0.5435,0.6827,0.4817,0.7895,0.1351,0.3921,0.3846,2023,3,62,0.4092,0.22,5,3.333,-1,0
CZ-004,tahuantinsuyo,-11.942204,-77.020242,17439,0.5193,0.2231,0.5435,0.6827,0.4817,0.7895,0.1351,0.3921,0.3846,2023,4,63,0.4783,0.1905,5,4.667,4,0
CZ-004,tahuantinsuyo,-11.942204,-77.020242,17439,0.5193,0.2231,0.5435,0.6827,0.4817,0.7895,0.1351,0.3921,0.3846,2023,5,64,0.4193,0.11,6,5.333,2,0
CZ-004,tahuantinsuyo,-11.942204,-77.020242,17439,0.5193,0.2231,0.5435,0.6827,0.4817,0.7895,0.1351,0.3921,0.3846,2023,6,65,0.5037,0.0,2,4.333,-3,0
CZ-004,tahuantinsuyo,-11.942204,-77.020242,17439,0.5193,0.2231,0.5435,0.6827,0.4817,0.7895,0.1351,0.3921,0.3846,2023,7,66,0.5432,0.07,5,4.333,0,0
CZ-004,tahuantinsuyo,-11.942204,-77.020242,17439,0.5193,0.2231,0.5435,0.6827,0.4817,0.7895,0.1351,0.3921,0.3846,2023,8,67,0.4714,-0.1905,7,4.667,1,0
CZ-004,tahuantinsuyo,-11.942204,-77.020242,17439,0.5193,0.2231,0.5435,0.6827,0.4817,0.7895,0.1351,0.3921,0.3846,2023,9,68,0.3776,-0.22,4,5.333,2,0
CZ-004,tahuantinsuyo,-11.942204,-77.020242,17439,0.5193,0.2231,0.5435,0.6827,0.4817,0.7895,0.1351,0.3921,0.3846,2023,10,69,0.4843,-0.1905,3,4.667,-2,0
CZ-004,tahuantinsuyo,-11.942204,-77.020242,17439,0.5193,0.2231,0.5435,0.6827,0.4817,0.7895,0.1351,0.3921,0.3846,2023,11,70,0.5037,-0.11,5,4.0,-2,0
CZ-004,tahuantinsuyo,-11.942204,-77.020242,17439,0.5193,0.2231,0.5435,0.6827,0.4817,0.7895,0.1351,0.3921,0.3846,2023,12,71,0.5494,0.18,7,5.0,3,0
CZ-004,tahuantinsuyo,-11.942204,-77.020242,17439,0.5193,0.2231,0.5435,0.6827,0.4817,0.7895,0.1351,0.3921,0.3846,2024,1,72,0.382,0.11,4,5.333,1,1
CZ-004,tahuantinsuyo,-11.942204,-77.020242,17439,0.5193,0.2231,0.5435,0.6827,0.4817,0.7895,0.1351,0.3921,0.3846,2024,2,73,0.4093,0.1905,4,5.0,-1,0
CZ-004,tahuantinsuyo,-11.942204,-77.020242,17439,0.5193,0.2231,0.5435,0.6827,0.4817,0.7895,0.1351,0.3921,0.3846,2024,3,74,0.4719,0.22,11,6.333,4,0
CZ-004,tahuantinsuyo,-11.942204,-77.020242,17439,0.5193,0.2231,0.5435,0.6827,0.4817,0.7895,0.1351,0.3921,0.3846,2024,4,75,0.423,0.1905,3,6.0,-1,0
CZ-004,tahuantinsuyo,-11.942204,-77.020242,17439,0.5193,0.2231,0.5435,0.6827,0.4817,0.7895,0.1351,0.3921,0.3846,2024,5,76,0.5621,0.11,7,7.0,3,0
CZ-004,tahuantinsuyo,-11.942204,-77.020242,17439,0.5193,0.2231,0.5435,0.6827,0.4817,0.7895,0.1351,0.3921,0.3846,2024,6,77,0.4473,0.0,7,5.667,-4,0
CZ-004,tahuantinsuyo,-11.942204,-77.020242,17439,0.5193,0.2231,0.5435,0.6827,0.4817,0.7895,0.1351,0.3921,0.3846,2024,7,78,0.508,0.07,3,5.667,0,0
CZ-004,tahuantinsuyo,-11.942204,-77.020242,17439,0.5193,0.2231,0.5435,0.6827,0.4817,0.7895,0.1351,0.3921,0.3846,2024,8,79,0.3929,-0.1905,7,5.667,0,0
CZ-004,tahuantinsuyo,-11.942204,-77.020242,17439,0.5193,0.2231,0.5435,0.6827,0.4817,0.7895,0.1351,0.3921,0.3846,2024,9,80,0.4634,-0.22,1,3.667,-6,0
CZ-004,tahuantinsuyo,-11.942204,-77.020242,17439,0.5193,0.2231,0.5435,0.6827,0.4817,0.7895,0.1351,0.3921,0.3846,2024,10,81,0.4673,-0.1905,1,3.0,-2,0
CZ-004,tahuantinsuyo,-11.942204,-77.020242,17439,0.5193,0.2231,0.5435,0.6827,0.4817,0.7895,0.1351,0.3921,0.3846,2024,11,82,0.4675,-0.11,8,3.333,1,0
CZ-004,tahuantinsuyo,-11.942204,-77.020242,17439,0.5193,0.2231,0.5435,0.6827,0.4817,0.7895,0.1351,0.3921,0.3846,2024,12,83,0.547,0.18,5,4.667,4,0
CZ-004,tahuantinsuyo,-11.942204,-77.020242,17439,0.5193,0.2231,0.5435,0.6827,0.4817,0.7895,0.1351,0.3921,0.3846,2025,1,84,0.4341,0.11,7,6.667,6,0
CZ-004,tahuantinsuyo,-11.942204,-77.020242,17439,0.5193,0.2231,0.5435,0.6827,0.4817,0.7895,0.1351,0.3921,0.3846,2025,2,85,0.3938,0.1905,2,4.667,-6,0
CZ-004,tahuantinsuyo,-11.942204,-77.020242,17439,0.5193,0.2231,0.5435,0.6827,0.4817,0.7895,0.1351,0.3921,0.3846,2025,3,86,0.5009,0.22,8,5.667,3,0
CZ-004,tahuantinsuyo,-11.942204,-77.020242,17439,0.5193,0.2231,0.5435,0.6827,0.4817,0.7895,0.1351,0.3921,0.3846,2025,4,87,0.4815,0.1905,8,6.0,1,1
CZ-004,tahuantinsuyo,-11.942204,-77.020242,17439,0.5193,0.2231,0.5435,0.6827,0.4817,0.7895,0.1351,0.3921,0.3846,2025,5,88,0.478,0.11,3,6.333,1,0
CZ-004,tahuantinsuyo,-11.942204,-77.020242,17439,0.5193,0.2231,0.5435,0.6827,0.4817,0.7895,0.1351,0.3921,0.3846,2025,6,89,0.4574,0.0,11,7.333,3,1
CZ-004,tahuantinsuyo,-11.942204,-77.020242,17439,0.5193,0.2231,0.5435,0.6827,0.4817,0.7895,0.1351,0.3921,0.3846,2025,7,90,0.4501,0.07,5,6.333,-3,0
CZ-004,tahuantinsuyo,-11.942204,-77.020242,17439,0.5193,0.2231,0.5435,0.6827,0.4817,0.7895,0.1351,0.3921,0.3846,2025,8,91,0.4487,-0.1905,9,8.333,6,0
CZ-004,tahuantinsuyo,-11.942204,-77.020242,17439,0.5193,0.2231,0.5435,0.6827,0.4817,0.7895,0.1351,0.3921,0.3846,2025,9,92,0.4381,-0.22,3,5.667,-8,0
CZ-004,tahuantinsuyo,-11.942204,-77.020242,17439,0.5193,0.2231,0.5435,0.6827,0.4817,0.7895,0.1351,0.3921,0.3846,2025,10,93,0.5348,-0.1905,4,5.333,-1,0
CZ-004,tahuantinsuyo,-11.942204,-77.020242,17439,0.5193,0.2231,0.5435,0.6827,0.4817,0.7895,0.1351,0.3921,0.3846,2025,11,94,0.4537,-0.11,6,4.333,-3,0
CZ-005,collique,-11.962689,-77.044326,20292,0.8369,0.2941,0.4124,0.5228,0.3976,0.6618,0.17,0.1452,1.1015,2018,5,4,0.406,0.11,10,8.0,7,0
CZ-005,collique,-11.962689,-77.044326,20292,0.8369,0.2941,0.4124,0.5228,0.3976,0.6618,0.17,0.1452,1.1015,2018,6,5,0.3417,0.0,13,10.333,7,0
CZ-005,collique,-11.962689,-77.044326,20292,0.8369,0.2941,0.4124,0.5228,0.3976,0.6618,0.17,0.1452,1.1015,2018,7,6,0.3892,0.07,0,7.667,-8,1
CZ-005,collique,-11.962689,-77.044326,20292,0.8369,0.2941,0.4124,0.5228,0.3976,0.6618,0.17,0.1452,1.1015,2018,8,7,0.4194,-0.1905,8,7.0,-2,0
CZ-005,collique,-11.962689,-77.044326,20292,0.8369,0.2941,0.4124,0.5228,0.3976,0.6618,0.17,0.1452,1.1015,2018,9,8,0.355,-0.22,12,6.667,-1,0
CZ-005,collique,-11.962689,-77.044326,20292,0.8369,0.2941,0.4124,0.5228,0.3976,0.6618,0.17,0.1452,1.1015,2018,10,9,0.4213,-0.1905,5,8.333,5,0
CZ-005,collique,-11.962689,-77.044326,20292,0.8369,0.2941,0.4124,0.5228,0.3976,0.6618,0.17,0.1452,1.1015,2018,11,10,0.3979,-0.11,3,6.667,-5,0
CZ-005,collique,-11.962689,-77.044326,20292,0.8369,0.2941,0.4124,0.5228,0.3976,0.6618,0.17,0.1452,1.1015,2018,12,11,0.4199,0.18,2,3.333,-10,0
CZ-005,collique,-11.962689,-77.044326,20292,0.8369,0.2941,0.4124,0.5228,0.3976,0.6618,0.17,0.1452,1.1015,2019,1,12,0.4076,0.11,6,3.667,1,1
CZ-005,collique,-11.962689,-77.044326,20292,0.8369,0.2941,0.4124,0.5228,0.3976,0.6618,0.17,0.1452,1.1015,2019,2,13,0.3242,0.1905,7,5.0,4,1
CZ-005,collique,-11.962689,-77.044326,20292,0.8369,0.2941,0.4124,0.5228,0.3976,0.6618,0.17,0.1452,1.1015,2019,3,14,0.394,0.22,11,8.0,9,0
CZ-005,collique,-11.962689,-77.044326,20292,0.8369,0.2941,0.4124,0.5228,0.3976,0.6618,0.17,0.1452,1.1015,2019,4,15,0.3712,0.1905,9,9.0,3,1
CZ-005,collique,-11.962689,-77.044326,20292,0.8369,0.2941,0.4124,0.5228,0.3976,0.6618,0.17,0.1452,1.1015,2019,5,16,0.4068,0.11,7,9.0,0,0
CZ-005,collique,-11.962689,-77.044326,20292,0.8369,0.2941,0.4124,0.5228,0.3976,0.6618,0.17,0.1452,1.1015,2019,6,17,0.3877,0.0,10,8.667,-1,0
CZ-005,collique,-11.962689,-77.044326,20292,0.8369,0.2941,0.4124,0.5228,0.3976,0.6618,0.17,0.1452,1.1015,2019,7,18,0.4626,0.07,8,8.333,-1,0
CZ-005,collique,-11.962689,-77.044326,20292,0.8369,0.2941,0.4124,0.5228,0.3976,0.6618,0.17,0.1452,1.1015,2019,8,19,0.3397,-0.1905,1,6.333,-6,0
CZ-005,collique,-11.962689,-77.044326,20292,0.8369,0.2941,0.4124,0.5228,0.3976,0.6618,0.17,0.1452,1.1015,2019,9,20,0.4134,-0.22,4,4.333,-6,1
CZ-005,collique,-11.962689,-77.044326,20292,0.8369,0.2941,0.4124,0.5228,0.3976,0.6618,0.17,0.1452,1.1015,2019,10,21,0.3522,-0.1905,4,3.0,-4,0
CZ-005,collique,-11.962689,-77.044326,20292,0.8369,0.2941,0.4124,0.5228,0.3976,0.6618,0.17,0.1452,1.1015,2019,11,22,0.4993,-0.11,9,5.667,8,0
CZ-005,collique,-11.962689,-77.044326,20292,0.8369,0.2941,0.4124,0.5228,0.3976,0.6618,0.17,0.1452,1.1015,2019,12,23,0.5453,0.18,6,6.333,2,0
CZ-005,collique,-11.962689,-77.044326,20292,0.8369,0.2941,0.4124,0.5228,0.3976,0.6618,0.17,0.1452,1.1015,2020,1,24,0.4246,0.11,5,6.667,1,0
CZ-005,collique,-11.962689,-77.044326,20292,0.8369,0.2941,0.4124,0.5228,0.3976,0.6618,0.17,0.1452,1.1015,2020,2,25,0.4615,0.1905,6,5.667,-3,0
CZ-005,collique,-11.962689,-77.044326,20292,0.8369,0.2941,0.4124,0.5228,0.3976,0.6618,0.17,0.1452,1.1015,2020,3,26,0.3241,0.22,5,5.333,-1,0
CZ-005,collique,-11.962689,-77.044326,20292,0.8369,0.2941,0.4124,0.5228,0.3976,0.6618,0.17,0.1452,1.1015,2020,4,27,0.5206,0.1905,8,6.333,3,0
CZ-005,collique,-11.962689,-77.044326,20292,0.8369,0.2941,0.4124,0.5228,0.3976,0.6618,0.17,0.1452,1.1015,2020,5,28,0.5436,0.11,8,7.0,2,0
CZ-005,collique,-11.962689,-77.044326,20292,0.8369,0.2941,0.4124,0.5228,0.3976,0.6618,0.17,0.1452,1.1015,2020,6,29,0.3495,0.0,5,7.0,0,0
CZ-005,collique,-11.962689,-77.044326,20292,0.8369,0.2941,0.4124,0.5228,0.3976,0.6618,0.17,0.1452,1.1015,2020,7,30,0.5383,0.07,4,5.667,-4,0
CZ-005,collique,-11.962689,-77.044326,20292,0.8369,0.2941,0.4124,0.5228,0.3976,0.6618,0.17,0.1452,1.1015,2020,8,31,0.3263,-0.1905,4,4.333,-4,1
CZ-005,collique,-11.962689,-77.044326,20292,0.8369,0.2941,0.4124,0.5228,0.3976,0.6618,0.17,0.1452,1.1015,2020,9,32,0.4057,-0.22,3,3.667,-2,1
CZ-005,collique,-11.962689,-77.044326,20292,0.8369,0.2941,0.4124,0.5228,0.3976,0.6618,0.17,0.1452,1.1015,2020,10,33,0.4058,-0.1905,15,7.333,11,0
CZ-005,collique,-11.962689,-77.044326,20292,0.8369,0.2941,0.4124,0.5228,0.3976,0.6618,0.17,0.1452,1.1015,2020,11,34,0.4873,-0.11,10,9.333,6,0
CZ-005,collique,-11.962689,-77.044326,20292,0.8369,0.2941,0.4124,0.5228,0.3976,0.6618,0.17,0.1452,1.1015,2020,12,35,0.4873,0.18,6,10.333,3,0
CZ-005,collique,-11.962689,-77.044326,20292,0.8369,0.2941,0.4124,0.5228,0.3976,0.6618,0.17,0.1452,1.1015,2021,1,36,0.4105,0.11,6,7.333,-9,0
CZ-005,collique,-11.962689,-77.044326,20292,0.8369,0.2941,0.4124,0.5228,0.3976,0.6618,0.17,0.1452,1.1015,2021,2,37,0.3223,0.1905,7,6.333,-3,1
CZ-005,collique,-11.962689,-77.044326,20292,0.8369,0.2941,0.4124,0.5228,0.3976,0.6618,0.17,0.1452,1.1015,2021,3,38,0.3846,0.22,3,5.333,-3,1
CZ-005,collique,-11.962689,-77.044326,20292,0.8369,0.2941,0.4124,0.5228,0.3976,0.6618,0.17,0.1452,1.1015,2021,4,39,0.4831,0.1905,14,8.0,8,0
CZ-005,collique,-11.962689,-77.044326,20292,0.8369,0.2941,0.4124,0.5228,0.3976,0.6618,0.17,0.1452,1.1015,2021,5,40,0.41,0.11,10,9.0,3,0
CZ-005,collique,-11.962689,-77.044326,20292,0.8369,0.2941,0.4124,0.5228,0.3976,0.6618,0.17,0.1452,1.1015,2021,6,41,0.3799,0.0,6,10.0,3,0
CZ-005,collique,-11.962689,-77.044326,20292,0.8369,0.2941,0.4124,0.5228,0.3976,0.6618,0.17,0.1452,1.1015,2021,7,42,0.5217,0.07,2,6.0,-12,0
CZ-005,collique,-11.962689,-77.044326,20292,0.8369,0.2941,0.4124,0.5228,0.3976,0.6618,0.17,0.1452,1.1015,2021,8,43,0.4331,-0.1905,8,5.333,-2,0
CZ-005,collique,-11.962689,-77.044326,20292,0.8369,0.2941,0.4124,0.5228,0.3976,0.6618,0.17,0.1452,1.1015,2021,9,44,0.4962,-0.22,7,5.667,1,0
CZ-005,collique,-11.962689,-77.044326,20292,0.8369,0.2941,0.4124,0.5228,0.3976,0.6618,0.17,0.1452,1.1015,2021,10,45,0.464,-0.1905,8,7.667,6,1
CZ-005,collique,-11.962689,-77.044326,20292,0.8369,0.2941,0.4124,0.5228,0.3976,0.6618,0.17,0.1452,1.1015,2021,11,46,0.4076,-0.11,5,6.667,-3,0
CZ-005,collique,-11.962689,-77.044326,20292,0.8369,0.2941,0.4124,0.5228,0.3976,0.6618,0.17,0.1452,1.1015,2021,12,47,0.5285,0.18,9,7.333,2,1
CZ-005,collique,-11.962689,-77.044326,20292,0.8369,0.2941,0.4124,0.5228,0.3976,0.6618,0.17,0.1452,1.1015,2022,1,48,0.4463,0.11,8,7.333,0,0
CZ-005,collique,-11.962689,-77.044326,20292,0.8369,0.2941,0.4124,0.5228,0.3976,0.6618,0.17,0.1452,1.1015,2022,2,49,0.5102,0.1905,9,8.667,4,1
CZ-005,collique,-11.962689,-77.044326,20292,0.8369,0.2941,0.4124,0.5228,0.3976,0.6618,0.17,0.1452,1.1015,2022,3,50,0.3951,0.22,4,7.0,-5,1
CZ-005,collique,-11.962689,-77.044326,20292,0.8369,0.2941,0.4124,0.5228,0.3976,0.6618,0.17,0.1452,1.1015,2022,4,51,0.434,0.1905,12,8.333,4,1
CZ-005,collique,-11.962689,-77.044326,20292,0.8369,0.2941,0.4124,0.5228,0.3976,0.6618,0.17,0.1452,1.1015,2022,5,52,0.4764,0.11,9,8.333,0,1
CZ-005,collique,-11.962689,-77.044326,20292,0.8369,0.2941,0.4124,0.5228,0.3976,0.6618,0.17,0.1452,1.1015,2022,6,53,0.3706,0.0,14,11.667,10,0
CZ-005,collique,-11.962689,-77.044326,20292,0.8369,0.2941,0.4124,0.5228,0.3976,0.6618,0.17,0.1452,1.1015,2022,7,54,0.4946,0.07,9,10.667,-3,0
CZ-005,collique,-11.962689,-77.044326,20292,0.8369,0.2941,0.4124,0.5228,0.3976,0.6618,0.17,0.1452,1.1015,2022,8,55,0.3784,-0.1905,6,9.667,-3,1
CZ-005,collique,-11.962689,-77.044326,20292,0.8369,0.2941,0.4124,0.5228,0.3976,0.6618,0.17,0.1452,1.1015,2022,9,56,0.3615,-0.22,5,6.667,-9,0
CZ-005,collique,-11.962689,-77.044326,20292,0.8369,0.2941,0.4124,0.5228,0.3976,0.6618,0.17,0.1452,1.1015,2022,10,57,0.5022,-0.1905,9,6.667,0,0
CZ-005,collique,-11.962689,-77.044326,20292,0.8369,0.2941,0.4124,0.5228,0.3976,0.6618,0.17,0.1452,1.1015,2022,11,58,0.355,-0.11,5,6.333,-1,0
CZ-005,collique,-11.962689,-77.044326,20292,0.8369,0.2941,0.4124,0.5228,0.3976,0.6618,0.17,0.1452,1.1015,2022,12,59,0.4745,0.18,5,6.333,0,0
CZ-005,collique,-11.962689,-77.044326,20292,0.8369,0.2941,0.4124,0.5228,0.3976,0.6618,0.17,0.1452,1.1015,2023,1,60,0.3699,0.11,4,4.667,-5,0
CZ-005,collique,-11.962689,-77.044326,20292,0.8369,0.2941,0.4124,0.5228,0.3976,0.6618,0.17,0.1452,1.1015,2023,2,61,0.4504,0.1905,6,5.0,1,1
CZ-005,collique,-11.962689,-77.044326,20292,0.8369,0.2941,0.4124,0.5228,0.3976,0.6618,0.17,0.1452,1.1015,2023,3,62,0.3381,0.22,8,6.0,3,0
CZ-005,collique,-11.962689,-77.044326,20292,0.8369,0.2941,0.4124,0.5228,0.3976,0.6618,0.17,0.1452,1.1015,2023,4,63,0.4068,0.1905,9,7.667,5,1
CZ-005,collique,-11.962689,-77.044326,20292,0.8369,0.2941,0.4124,0.5228,0.3976,0.6618,0.17,0.1452,1.1015,2023,5,64,0.4196,0.11,7,8.0,1,1
CZ-005,collique,-11.962689,-77.044326,20292,0.8369,0.2941,0.4124,0.5228,0.3976,0.6618,0.17,0.1452,1.1015,2023,6,65,0.479,0.0,10,8.667,2,1
CZ-005,collique,-11.962689,-77.044326,20292,0.8369,0.2941,0.4124,0.5228,0.3976,0.6618,0.17,0.1452,1.1015,2023,7,66,0.5644,0.07,9,8.667,0,1
CZ-005,collique,-11.962689,-77.044326,20292,0.8369,0.2941,0.4124,0.5228,0.3976,0.6618,0.17,0.1452,1.1015,2023,8,67,0.381,-0.1905,9,9.333,2,0
CZ-005,collique,-11.962689,-77.044326,20292,0.8369,0.2941,0.4124,0.5228,0.3976,0.6618,0.17,0.1452,1.1015,2023,9,68,0.3672,-0.22,11,9.667,1,0
CZ-005,collique,-11.962689,-77.044326,20292,0.8369,0.2941,0.4124,0.5228,0.3976,0.6618,0.17,0.1452,1.1015,2023,10,69,0.4063,-0.1905,6,8.667,-3,0
CZ-005,collique,-11.962689,-77.044326,20292,0.8369,0.2941,0.4124,0.5228,0.3976,0.6618,0.17,0.1452,1.1015,2023,11,70,0.4011,-0.11,3,6.667,-6,0
CZ-005,collique,-11.962689,-77.044326,20292,0.8369,0.2941,0.4124,0.5228,0.3976,0.6618,0.17,0.1452,1.1015,2023,12,71,0.4473,0.18,7,5.333,-4,1
CZ-005,collique,-11.962689,-77.044326,20292,0.8369,0.2941,0.4124,0.5228,0.3976,0.6618,0.17,0.1452,1.1015,2024,1,72,0.4637,0.11,8,6.0,2,1
CZ-005,collique,-11.962689,-77.044326,20292,0.8369,0.2941,0.4124,0.5228,0.3976,0.6618,0.17,0.1452,1.1015,2024,2,73,0.4674,0.1905,14,9.667,11,0
CZ-005,collique,-11.962689,-77.044326,20292,0.8369,0.2941,0.4124,0.5228,0.3976,0.6618,0.17,0.1452,1.1015,2024,3,74,0.4287,0.22,13,11.667,6,1
CZ-005,collique,-11.962689,-77.044326,20292,0.8369,0.2941,0.4124,0.5228,0.3976,0.6618,0.17,0.1452,1.1015,2024,4,75,0.3419,0.1905,8,11.667,0,1
CZ-005,collique,-11.962689,-77.044326,20292,0.8369,0.2941,0.4124,0.5228,0.3976,0.6618,0.17,0.1452,1.1015,2024,5,76,0.4174,0.11,17,12.667,3,0
CZ-005,collique,-11.962689,-77.044326,20292,0.8369,0.2941,0.4124,0.5228,0.3976,0.6618,0.17,0.1452,1.1015,2024,6,77,0.3919,0.0,9,11.333,-4,0
CZ-005,collique,-11.962689,-77.044326,20292,0.8369,0.2941,0.4124,0.5228,0.3976,0.6618,0.17,0.1452,1.1015,2024,7,78,0.5112,0.07,7,11.0,-1,1
CZ-005,collique,-11.962689,-77.044326,20292,0.8369,0.2941,0.4124,0.5228,0.3976,0.6618,0.17,0.1452,1.1015,2024,8,79,0.408,-0.1905,8,8.0,-9,0
CZ-005,collique,-11.962689,-77.044326,20292,0.8369,0.2941,0.4124,0.5228,0.3976,0.6618,0.17,0.1452,1.1015,2024,9,80,0.3781,-0.22,14,9.667,5,0
CZ-005,collique,-11.962689,-77.044326,20292,0.8369,0.2941,0.4124,0.5228,0.3976,0.6618,0.17,0.1452,1.1015,2024,10,81,0.3597,-0.1905,5,9.0,-2,0
CZ-005,collique,-11.962689,-77.044326,20292,0.8369,0.2941,0.4124,0.5228,0.3976,0.6618,0.17,0.1452,1.1015,2024,11,82,0.4275,-0.11,6,8.333,-2,0
CZ-005,collique,-11.962689,-77.044326,20292,0.8369,0.2941,0.4124,0.5228,0.3976,0.6618,0.17,0.1452,1.1015,2024,12,83,0.5628,0.18,4,5.0,-10,0
CZ-005,collique,-11.962689,-77.044326,20292,0.8369,0.2941,0.4124,0.5228,0.3976,0.6618,0.17,0.1452,1.1015,2025,1,84,0.3868,0.11,8,6.0,3,1
CZ-005,collique,-11.962689,-77.044326,20292,0.8369,0.2941,0.4124,0.5228,0.3976,0.6618,0.17,0.1452,1.1015,2025,2,85,0.369,0.1905,8,6.667,2,1
CZ-005,collique,-11.962689,-77.044326,20292,0.8369,0.2941,0.4124,0.5228,0.3976,0.6618,0.17,0.1452,1.1015,2025,3,86,0.4146,0.22,12,9.333,8,1
CZ-005,collique,-11.962689,-77.044326,20292,0.8369,0.2941,0.4124,0.5228,0.3976,0.6618,0.17,0.1452,1.1015,2025,4,87,0.4083,0.1905,9,9.667,1,0
CZ-005,collique,-11.962689,-77.044326,20292,0.8369,0.2941,0.4124,0.5228,0.3976,0.6618,0.17,0.1452,1.1015,2025,5,88,0.3806,0.11,15,12.0,7,1
CZ-005,collique,-11.962689,-77.044326,20292,0.8369,0.2941,0.4124,0.5228,0.3976,0.6618,0.17,0.1452,1.1015,2025,6,89,0.4117,0.0,7,10.333,-5,1
CZ-005,collique,-11.962689,-77.044326,20292,0.8369,0.2941,0.4124,0.5228,0.3976,0.6618,0.17,0.1452,1.1015,2025,7,90,0.5178,0.07,11,11.0,2,0
CZ-005,collique,-11.962689,-77.044326,20292,0.8369,0.2941,0.4124,0.5228,0.3976,0.6618,0.17,0.1452,1.1015,2025,8,91,0.391,-0.1905,9,9.0,-6,1
CZ-005,collique,-11.962689,-77.044326,20292,0.8369,0.2941,0.4124,0.5228,0.3976,0.6618,0.17,0.1452,1.1015,2025,9,92,0.3526,-0.22,4,8.0,-3,0
CZ-005,collique,-11.962689,-77.044326,20292,0.8369,0.2941,0.4124,0.5228,0.3976,0.6618,0.17,0.1452,1.1015,2025,10,93,0.4395,-0.1905,15,9.333,4,0
CZ-005,collique,-11.962689,-77.044326,20292,0.8369,0.2941,0.4124,0.5228,0.3976,0.6618,0.17,0.1452,1.1015,2025,11,94,0.5368,-0.11,5,8.0,-4,1
CZ-006,zonal_14,-11.932246,-77.060719,17734,0.4914,0.2696,0.5966,0.5624,0.5774,0.6731,0.3307,0.2536,1.0645,2018,5,4,0.4984,0.11,5,6.667,-3,0
CZ-006,zonal_14,-11.932246,-77.060719,17734,0.4914,0.2696,0.5966,0.5624,0.5774,0.6731,0.3307,0.2536,1.0645,2018,6,5,0.4734,0.0,3,5.0,-5,0
CZ-006,zonal_14,-11.932246,-77.060719,17734,0.4914,0.2696,0.5966,0.5624,0.5774,0.6731,0.3307,0.2536,1.0645,2018,7,6,0.5752,0.07,1,3.0,-6,0
CZ-006,zonal_14,-11.932246,-77.060719,17734,0.4914,0.2696,0.5966,0.5624,0.5774,0.6731,0.3307,0.2536,1.0645,2018,8,7,0.4108,-0.1905,3,2.333,-2,0
CZ-006,zonal_14,-11.932246,-77.060719,17734,0.4914,0.2696,0.5966,0.5624,0.5774,0.6731,0.3307,0.2536,1.0645,2018,9,8,0.4498,-0.22,6,3.333,3,0
CZ-006,zonal_14,-11.932246,-77.060719,17734,0.4914,0.2696,0.5966,0.5624,0.5774,0.6731,0.3307,0.2536,1.0645,2018,10,9,0.4237,-0.1905,2,3.667,1,0
CZ-006,zonal_14,-11.932246,-77.060719,17734,0.4914,0.2696,0.5966,0.5624,0.5774,0.6731,0.3307,0.2536,1.0645,2018,11,10,0.4447,-0.11,3,3.667,0,0
CZ-006,zonal_14,-11.932246,-77.060719,17734,0.4914,0.2696,0.5966,0.5624,0.5774,0.6731,0.3307,0.2536,1.0645,2018,12,11,0.5193,0.18,5,3.333,-1,0
CZ-006,zonal_14,-11.932246,-77.060719,17734,0.4914,0.2696,0.5966,0.5624,0.5774,0.6731,0.3307,0.2536,1.0645,2019,1,12,0.409,0.11,4,4.0,2,0
CZ-006,zonal_14,-11.932246,-77.060719,17734,0.4914,0.2696,0.5966,0.5624,0.5774,0.6731,0.3307,0.2536,1.0645,2019,2,13,0.4512,0.1905,4,4.333,1,0
CZ-006,zonal_14,-11.932246,-77.060719,17734,0.4914,0.2696,0.5966,0.5624,0.5774,0.6731,0.3307,0.2536,1.0645,2019,3,14,0.5478,0.22,6,4.667,1,0
CZ-006,zonal_14,-11.932246,-77.060719,17734,0.4914,0.2696,0.5966,0.5624,0.5774,0.6731,0.3307,0.2536,1.0645,2019,4,15,0.4669,0.1905,7,5.667,3,0
CZ-006,zonal_14,-11.932246,-77.060719,17734,0.4914,0.2696,0.5966,0.5624,0.5774,0.6731,0.3307,0.2536,1.0645,2019,5,16,0.441,0.11,4,5.667,0,0
CZ-006,zonal_14,-11.932246,-77.060719,17734,0.4914,0.2696,0.5966,0.5624,0.5774,0.6731,0.3307,0.2536,1.0645,2019,6,17,0.48,0.0,6,5.667,0,0
CZ-006,zonal_14,-11.932246,-77.060719,17734,0.4914,0.2696,0.5966,0.5624,0.5774,0.6731,0.3307,0.2536,1.0645,2019,7,18,0.5418,0.07,5,5.0,-2,0
CZ-006,zonal_14,-11.932246,-77.060719,17734,0.4914,0.2696,0.5966,0.5624,0.5774,0.6731,0.3307,0.2536,1.0645,2019,8,19,0.4274,-0.1905,4,5.0,0,0
CZ-006,zonal_14,-11.932246,-77.060719,17734,0.4914,0.2696,0.5966,0.5624,0.5774,0.6731,0.3307,0.2536,1.0645,2019,9,20,0.4165,-0.22,2,3.667,-4,0
CZ-006,zonal_14,-11.932246,-77.060719,17734,0.4914,0.2696,0.5966,0.5624,0.5774,0.6731,0.3307,0.2536,1.0645,2019,10,21,0.4868,-0.1905,1,2.333,-4,0
CZ-006,zonal_14,-11.932246,-77.060719,17734,0.4914,0.2696,0.5966,0.5624,0.5774,0.6731,0.3307,0.2536,1.0645,2019,11,22,0.4921,-0.11,5,2.667,1,0
CZ-006,zonal_14,-11.932246,-77.060719,17734,0.4914,0.2696,0.5966,0.5624,0.5774,0.6731,0.3307,0.2536,1.0645,2019,12,23,0.5196,0.18,1,2.333,-1,0
CZ-006,zonal_14,-11.932246,-77.060719,17734,0.4914,0.2696,0.5966,0.5624,0.5774,0.6731,0.3307,0.2536,1.0645,2020,1,24,0.4185,0.11,7,4.333,6,0
CZ-006,zonal_14,-11.932246,-77.060719,17734,0.4914,0.2696,0.5966,0.5624,0.5774,0.6731,0.3307,0.2536,1.0645,2020,2,25,0.4256,0.1905,7,5.0,2,0
CZ-006,zonal_14,-11.932246,-77.060719,17734,0.4914,0.2696,0.5966,0.5624,0.5774,0.6731,0.3307,0.2536,1.0645,2020,3,26,0.4447,0.22,5,6.333,4,1
CZ-006,zonal_14,-11.932246,-77.060719,17734,0.4914,0.2696,0.5966,0.5624,0.5774,0.6731,0.3307,0.2536,1.0645,2020,4,27,0.3854,0.1905,6,6.0,-1,0
CZ-006,zonal_14,-11.932246,-77.060719,17734,0.4914,0.2696,0.5966,0.5624,0.5774,0.6731,0.3307,0.2536,1.0645,2020,5,28,0.4788,0.11,9,6.667,2,0
CZ-006,zonal_14,-11.932246,-77.060719,17734,0.4914,0.2696,0.5966,0.5624,0.5774,0.6731,0.3307,0.2536,1.0645,2020,6,29,0.4723,0.0,7,7.333,2,0
CZ-006,zonal_14,-11.932246,-77.060719,17734,0.4914,0.2696,0.5966,0.5624,0.5774,0.6731,0.3307,0.2536,1.0645,2020,7,30,0.52,0.07,5,7.0,-1,0
CZ-006,zonal_14,-11.932246,-77.060719,17734,0.4914,0.2696,0.5966,0.5624,0.5774,0.6731,0.3307,0.2536,1.0645,2020,8,31,0.4591,-0.1905,5,5.667,-4,0
CZ-006,zonal_14,-11.932246,-77.060719,17734,0.4914,0.2696,0.5966,0.5624,0.5774,0.6731,0.3307,0.2536,1.0645,2020,9,32,0.5346,-0.22,4,4.667,-3,0
CZ-006,zonal_14,-11.932246,-77.060719,17734,0.4914,0.2696,0.5966,0.5624,0.5774,0.6731,0.3307,0.2536,1.0645,2020,10,33,0.525,-0.1905,4,4.333,-1,0
CZ-006,zonal_14,-11.932246,-77.060719,17734,0.4914,0.2696,0.5966,0.5624,0.5774,0.6731,0.3307,0.2536,1.0645,2020,11,34,0.4996,-0.11,7,5.0,2,0
CZ-006,zonal_14,-11.932246,-77.060719,17734,0.4914,0.2696,0.5966,0.5624,0.5774,0.6731,0.3307,0.2536,1.0645,2020,12,35,0.5696,0.18,5,5.333,1,0
CZ-006,zonal_14,-11.932246,-77.060719,17734,0.4914,0.2696,0.5966,0.5624,0.5774,0.6731,0.3307,0.2536,1.0645,2021,1,36,0.5041,0.11,4,5.333,0,0
CZ-006,zonal_14,-11.932246,-77.060719,17734,0.4914,0.2696,0.5966,0.5624,0.5774,0.6731,0.3307,0.2536,1.0645,2021,2,37,0.4093,0.1905,6,5.0,-1,0
CZ-006,zonal_14,-11.932246,-77.060719,17734,0.4914,0.2696,0.5966,0.5624,0.5774,0.6731,0.3307,0.2536,1.0645,2021,3,38,0.5332,0.22,1,3.667,-4,0
CZ-006,zonal_14,-11.932246,-77.060719,17734,0.4914,0.2696,0.5966,0.5624,0.5774,0.6731,0.3307,0.2536,1.0645,2021,4,39,0.4498,0.1905,7,4.667,3,0
CZ-006,zonal_14,-11.932246,-77.060719,17734,0.4914,0.2696,0.5966,0.5624,0.5774,0.6731,0.3307,0.2536,1.0645,2021,5,40,0.5125,0.11,5,4.333,-1,0
CZ-006,zonal_14,-11.932246,-77.060719,17734,0.4914,0.2696,0.5966,0.5624,0.5774,0.6731,0.3307,0.2536,1.0645,2021,6,41,0.4257,0.0,5,5.667,4,1
CZ-006,zonal_14,-11.932246,-77.060719,17734,0.4914,0.2696,0.5966,0.5624,0.5774,0.6731,0.3307,0.2536,1.0645,2021,7,42,0.5688,0.07,2,4.0,-5,0
CZ-006,zonal_14,-11.932246,-77.060719,17734,0.4914,0.2696,0.5966,0.5624,0.5774,0.6731,0.3307,0.2536,1.0645,2021,8,43,0.4472,-0.1905,12,6.333,7,0
CZ-006,zonal_14,-11.932246,-77.060719,17734,0.4914,0.2696,0.5966,0.5624,0.5774,0.6731,0.3307,0.2536,1.0645,2021,9,44,0.3945,-0.22,4,6.0,-1,0
CZ-006,zonal_14,-11.932246,-77.060719,17734,0.4914,0.2696,0.5966,0.5624,0.5774,0.6731,0.3307,0.2536,1.0645,2021,10,45,0.4281,-0.1905,7,7.667,5,0
CZ-006,zonal_14,-11.932246,-77.060719,17734,0.4914,0.2696,0.5966,0.5624,0.5774,0.6731,0.3307,0.2536,1.0645,2021,11,46,0.4547,-0.11,5,5.333,-7,0
CZ-006,zonal_14,-11.932246,-77.060719,17734,0.4914,0.2696,0.5966,0.5624,0.5774,0.6731,0.3307,0.2536,1.0645,2021,12,47,0.4904,0.18,7,6.333,3,0
CZ-006,zonal_14,-11.932246,-77.060719,17734,0.4914,0.2696,0.5966,0.5624,0.5774,0.6731,0.3307,0.2536,1.0645,2022,1,48,0.4726,0.11,5,5.667,-2,0
CZ-006,zonal_14,-11.932246,-77.060719,17734,0.4914,0.2696,0.5966,0.5624,0.5774,0.6731,0.3307,0.2536,1.0645,2022,2,49,0.3882,0.1905,4,5.333,-1,0
CZ-006,zonal_14,-11.932246,-77.060719,17734,0.4914,0.2696,0.5966,0.5624,0.5774,0.6731,0.3307,0.2536,1.0645,2022,3,50,0.4815,0.22,0,3.0,-7,0
CZ-006,zonal_14,-11.932246,-77.060719,17734,0.4914,0.2696,0.5966,0.5624,0.5774,0.6731,0.3307,0.2536,1.0645,2022,4,51,0.3705,0.1905,5,3.0,0,0
CZ-006,zonal_14,-11.932246,-77.060719,17734,0.4914,0.2696,0.5966,0.5624,0.5774,0.6731,0.3307,0.2536,1.0645,2022,5,52,0.5129,0.11,7,4.0,3,0
CZ-006,zonal_14,-11.932246,-77.060719,17734,0.4914,0.2696,0.5966,0.5624,0.5774,0.6731,0.3307,0.2536,1.0645,2022,6,53,0.5028,0.0,6,6.0,6,0
CZ-006,zonal_14,-11.932246,-77.060719,17734,0.4914,0.2696,0.5966,0.5624,0.5774,0.6731,0.3307,0.2536,1.0645,2022,7,54,0.5318,0.07,5,6.0,0,0
CZ-006,zonal_14,-11.932246,-77.060719,17734,0.4914,0.2696,0.5966,0.5624,0.5774,0.6731,0.3307,0.2536,1.0645,2022,8,55,0.4953,-0.1905,3,4.667,-4,0
CZ-006,zonal_14,-11.932246,-77.060719,17734,0.4914,0.2696,0.5966,0.5624,0.5774,0.6731,0.3307,0.2536,1.0645,2022,9,56,0.4788,-0.22,6,4.667,0,0
CZ-006,zonal_14,-11.932246,-77.060719,17734,0.4914,0.2696,0.5966,0.5624,0.5774,0.6731,0.3307,0.2536,1.0645,2022,10,57,0.5032,-0.1905,7,5.333,2,0
CZ-006,zonal_14,-11.932246,-77.060719,17734,0.4914,0.2696,0.5966,0.5624,0.5774,0.6731,0.3307,0.2536,1.0645,2022,11,58,0.4542,-0.11,7,6.667,4,0
CZ-006,zonal_14,-11.932246,-77.060719,17734,0.4914,0.2696,0.5966,0.5624,0.5774,0.6731,0.3307,0.2536,1.0645,2022,12,59,0.581,0.18,3,5.667,-3,0
CZ-006,zonal_14,-11.932246,-77.060719,17734,0.4914,0.2696,0.5966,0.5624,0.5774,0.6731,0.3307,0.2536,1.0645,2023,1,60,0.4574,0.11,8,6.0,1,0
CZ-006,zonal_14,-11.932246,-77.060719,17734,0.4914,0.2696,0.5966,0.5624,0.5774,0.6731,0.3307,0.2536,1.0645,2023,2,61,0.5627,0.1905,5,5.333,-2,0
CZ-006,zonal_14,-11.932246,-77.060719,17734,0.4914,0.2696,0.5966,0.5624,0.5774,0.6731,0.3307,0.2536,1.0645,2023,3,62,0.4611,0.22,8,7.0,5,0
CZ-006,zonal_14,-11.932246,-77.060719,17734,0.4914,0.2696,0.5966,0.5624,0.5774,0.6731,0.3307,0.2536,1.0645,2023,4,63,0.4283,0.1905,5,6.0,-3,1
CZ-006,zonal_14,-11.932246,-77.060719,17734,0.4914,0.2696,0.5966,0.5624,0.5774,0.6731,0.3307,0.2536,1.0645,2023,5,64,0.411,0.11,7,6.667,2,0
CZ-006,zonal_14,-11.932246,-77.060719,17734,0.4914,0.2696,0.5966,0.5624,0.5774,0.6731,0.3307,0.2536,1.0645,2023,6,65,0.4717,0.0,9,7.0,1,0
CZ-006,zonal_14,-11.932246,-77.060719,17734,0.4914,0.2696,0.5966,0.5624,0.5774,0.6731,0.3307,0.2536,1.0645,2023,7,66,0.4998,0.07,6,7.333,1,0
CZ-006,zonal_14,-11.932246,-77.060719,17734,0.4914,0.2696,0.5966,0.5624,0.5774,0.6731,0.3307,0.2536,1.0645,2023,8,67,0.4159,-0.1905,1,5.333,-6,0
CZ-006,zonal_14,-11.932246,-77.060719,17734,0.4914,0.2696,0.5966,0.5624,0.5774,0.6731,0.3307,0.2536,1.0645,2023,9,68,0.5892,-0.22,3,3.333,-6,0
CZ-006,zonal_14,-11.932246,-77.060719,17734,0.4914,0.2696,0.5966,0.5624,0.5774,0.6731,0.3307,0.2536,1.0645,2023,10,69,0.4708,-0.1905,8,4.0,2,0
CZ-006,zonal_14,-11.932246,-77.060719,17734,0.4914,0.2696,0.5966,0.5624,0.5774,0.6731,0.3307,0.2536,1.0645,2023,11,70,0.4084,-0.11,4,5.0,3,1
CZ-006,zonal_14,-11.932246,-77.060719,17734,0.4914,0.2696,0.5966,0.5624,0.5774,0.6731,0.3307,0.2536,1.0645,2023,12,71,0.5077,0.18,4,5.333,1,1
CZ-006,zonal_14,-11.932246,-77.060719,17734,0.4914,0.2696,0.5966,0.5624,0.5774,0.6731,0.3307,0.2536,1.0645,2024,1,72,0.5171,0.11,11,6.333,3,1
CZ-006,zonal_14,-11.932246,-77.060719,17734,0.4914,0.2696,0.5966,0.5624,0.5774,0.6731,0.3307,0.2536,1.0645,2024,2,73,0.4908,0.1905,9,8.0,5,0
CZ-006,zonal_14,-11.932246,-77.060719,17734,0.4914,0.2696,0.5966,0.5624,0.5774,0.6731,0.3307,0.2536,1.0645,2024,3,74,0.3259,0.22,9,9.667,5,0
CZ-006,zonal_14,-11.932246,-77.060719,17734,0.4914,0.2696,0.5966,0.5624,0.5774,0.6731,0.3307,0.2536,1.0645,2024,4,75,0.4469,0.1905,7,8.333,-4,0
CZ-006,zonal_14,-11.932246,-77.060719,17734,0.4914,0.2696,0.5966,0.5624,0.5774,0.6731,0.3307,0.2536,1.0645,2024,5,76,0.5082,0.11,6,7.333,-3,0
CZ-006,zonal_14,-11.932246,-77.060719,17734,0.4914,0.2696,0.5966,0.5624,0.5774,0.6731,0.3307,0.2536,1.0645,2024,6,77,0.4758,0.0,6,6.333,-3,0
CZ-006,zonal_14,-11.932246,-77.060719,17734,0.4914,0.2696,0.5966,0.5624,0.5774,0.6731,0.3307,0.2536,1.0645,2024,7,78,0.4717,0.07,6,6.0,-1,0
CZ-006,zonal_14,-11.932246,-77.060719,17734,0.4914,0.2696,0.5966,0.5624,0.5774,0.6731,0.3307,0.2536,1.0645,2024,8,79,0.5435,-0.1905,8,6.667,2,0
CZ-006,zonal_14,-11.932246,-77.060719,17734,0.4914,0.2696,0.5966,0.5624,0.5774,0.6731,0.3307,0.2536,1.0645,2024,9,80,0.4462,-0.22,8,7.333,2,0
CZ-006,zonal_14,-11.932246,-77.060719,17734,0.4914,0.2696,0.5966,0.5624,0.5774,0.6731,0.3307,0.2536,1.0645,2024,10,81,0.4648,-0.1905,5,7.0,-1,0
CZ-006,zonal_14,-11.932246,-77.060719,17734,0.4914,0.2696,0.5966,0.5624,0.5774,0.6731,0.3307,0.2536,1.0645,2024,11,82,0.4921,-0.11,8,7.0,0,1
CZ-006,zonal_14,-11.932246,-77.060719,17734,0.4914,0.2696,0.5966,0.5624,0.5774,0.6731,0.3307,0.2536,1.0645,2024,12,83,0.5607,0.18,5,6.0,-3,1
CZ-006,zonal_14,-11.932246,-77.060719,17734,0.4914,0.2696,0.5966,0.5624,0.5774,0.6731,0.3307,0.2536,1.0645,2025,1,84,0.562,0.11,10,7.667,5,1
CZ-006,zonal_14,-11.932246,-77.060719,17734,0.4914,0.2696,0.5966,0.5624,0.5774,0.6731,0.3307,0.2536,1.0645,2025,2,85,0.4922,0.1905,10,8.333,2,0
CZ-006,zonal_14,-11.932246,-77.060719,17734,0.4914,0.2696,0.5966,0.5624,0.5774,0.6731,0.3307,0.2536,1.0645,2025,3,86,0.4088,0.22,12,10.667,7,0
CZ-006,zonal_14,-11.932246,-77.060719,17734,0.4914,0.2696,0.5966,0.5624,0.5774,0.6731,0.3307,0.2536,1.0645,2025,4,87,0.413,0.1905,7,9.667,-3,0
CZ-006,zonal_14,-11.932246,-77.060719,17734,0.4914,0.2696,0.5966,0.5624,0.5774,0.6731,0.3307,0.2536,1.0645,2025,5,88,0.5083,0.11,3,7.333,-7,1
CZ-006,zonal_14,-11.932246,-77.060719,17734,0.4914,0.2696,0.5966,0.5624,0.5774,0.6731,0.3307,0.2536,1.0645,2025,6,89,0.565,0.0,4,4.667,-8,0
CZ-006,zonal_14,-11.932246,-77.060719,17734,0.4914,0.2696,0.5966,0.5624,0.5774,0.6731,0.3307,0.2536,1.0645,2025,7,90,0.5686,0.07,9,5.333,2,0
CZ-006,zonal_14,-11.932246,-77.060719,17734,0.4914,0.2696,0.5966,0.5624,0.5774,0.6731,0.3307,0.2536,1.0645,2025,8,91,0.4038,-0.1905,5,6.0,2,0
CZ-006,zonal_14,-11.932246,-77.060719,17734,0.4914,0.2696,0.5966,0.5624,0.5774,0.6731,0.3307,0.2536,1.0645,2025,9,92,0.4921,-0.22,5,6.333,1,0
CZ-006,zonal_14,-11.932246,-77.060719,17734,0.4914,0.2696,0.5966,0.5624,0.5774,0.6731,0.3307,0.2536,1.0645,2025,10,93,0.4853,-0.1905,5,5.0,-4,1
CZ-006,zonal_14,-11.932246,-77.060719,17734,0.4914,0.2696,0.5966,0.5624,0.5774,0.6731,0.3307,0.2536,1.0645,2025,11,94,0.4204,-0.11,8,6.0,3,0
CZ-007,santa_luzmila,-11.948906,-77.043636,13744,0.2684,0.2361,0.5325,0.5847,0.5007,0.8071,0.2455,0.3902,0.9722,2018,5,4,0.482,0.11,2,2.333,-1,0
CZ-007,santa_luzmila,-11.948906,-77.043636,13744,0.2684,0.2361,0.5325,0.5847,0.5007,0.8071,0.2455,0.3902,0.9722,2018,6,5,0.4144,0.0,3,2.667,1,0
CZ-007,santa_luzmila,-11.948906,-77.043636,13744,0.2684,0.2361,0.5325,0.5847,0.5007,0.8071,0.2455,0.3902,0.9722,2018,7,6,0.4801,0.07,2,2.333,-1,0
CZ-007,santa_luzmila,-11.948906,-77.043636,13744,0.2684,0.2361,0.5325,0.5847,0.5007,0.8071,0.2455,0.3902,0.9722,2018,8,7,0.4346,-0.1905,1,2.0,-1,0
CZ-007,santa_luzmila,-11.948906,-77.043636,13744,0.2684,0.2361,0.5325,0.5847,0.5007,0.8071,0.2455,0.3902,0.9722,2018,9,8,0.4655,-0.22,3,2.0,0,0
CZ-007,santa_luzmila,-11.948906,-77.043636,13744,0.2684,0.2361,0.5325,0.5847,0.5007,0.8071,0.2455,0.3902,0.9722,2018,10,9,0.4063,-0.1905,2,2.0,0,0
CZ-007,santa_luzmila,-11.948906,-77.043636,13744,0.2684,0.2361,0.5325,0.5847,0.5007,0.8071,0.2455,0.3902,0.9722,2018,11,10,0.5511,-0.11,2,2.333,1,0
CZ-007,santa_luzmila,-11.948906,-77.043636,13744,0.2684,0.2361,0.5325,0.5847,0.5007,0.8071,0.2455,0.3902,0.9722,2018,12,11,0.5582,0.18,1,1.667,-2,0
CZ-007,santa_luzmila,-11.948906,-77.043636,13744,0.2684,0.2361,0.5325,0.5847,0.5007,0.8071,0.2455,0.3902,0.9722,2019,1,12,0.4234,0.11,3,2.0,1,0
CZ-007,santa_luzmila,-11.948906,-77.043636,13744,0.2684,0.2361,0.5325,0.5847,0.5007,0.8071,0.2455,0.3902,0.9722,2019,2,13,0.4648,0.1905,4,2.667,2,0
CZ-007,santa_luzmila,-11.948906,-77.043636,13744,0.2684,0.2361,0.5325,0.5847,0.5007,0.8071,0.2455,0.3902,0.9722,2019,3,14,0.4759,0.22,6,4.333,5,0
CZ-007,santa_luzmila,-11.948906,-77.043636,13744,0.2684,0.2361,0.5325,0.5847,0.5007,0.8071,0.2455,0.3902,0.9722,2019,4,15,0.3622,0.1905,3,4.333,0,0
CZ-007,santa_luzmila,-11.948906,-77.043636,13744,0.2684,0.2361,0.5325,0.5847,0.5007,0.8071,0.2455,0.3902,0.9722,2019,5,16,0.4616,0.11,3,4.0,-1,0
CZ-007,santa_luzmila,-11.948906,-77.043636,13744,0.2684,0.2361,0.5325,0.5847,0.5007,0.8071,0.2455,0.3902,0.9722,2019,6,17,0.4692,0.0,5,3.667,-1,0
CZ-007,santa_luzmila,-11.948906,-77.043636,13744,0.2684,0.2361,0.5325,0.5847,0.5007,0.8071,0.2455,0.3902,0.9722,2019,7,18,0.5303,0.07,2,3.333,-1,0
CZ-007,santa_luzmila,-11.948906,-77.043636,13744,0.2684,0.2361,0.5325,0.5847,0.5007,0.8071,0.2455,0.3902,0.9722,2019,8,19,0.4595,-0.1905,4,3.667,1,0
CZ-007,santa_luzmila,-11.948906,-77.043636,13744,0.2684,0.2361,0.5325,0.5847,0.5007,0.8071,0.2455,0.3902,0.9722,2019,9,20,0.407,-0.22,2,2.667,-3,0
CZ-007,santa_luzmila,-11.948906,-77.043636,13744,0.2684,0.2361,0.5325,0.5847,0.5007,0.8071,0.2455,0.3902,0.9722,2019,10,21,0.3843,-0.1905,1,2.333,-1,0
CZ-007,santa_luzmila,-11.948906,-77.043636,13744,0.2684,0.2361,0.5325,0.5847,0.5007,0.8071,0.2455,0.3902,0.9722,2019,11,22,0.4268,-0.11,3,2.0,-1,0
CZ-007,santa_luzmila,-11.948906,-77.043636,13744,0.2684,0.2361,0.5325,0.5847,0.5007,0.8071,0.2455,0.3902,0.9722,2019,12,23,0.489,0.18,3,2.333,1,0
CZ-007,santa_luzmila,-11.948906,-77.043636,13744,0.2684,0.2361,0.5325,0.5847,0.5007,0.8071,0.2455,0.3902,0.9722,2020,1,24,0.489,0.11,6,4.0,5,0
CZ-007,santa_luzmila,-11.948906,-77.043636,13744,0.2684,0.2361,0.5325,0.5847,0.5007,0.8071,0.2455,0.3902,0.9722,2020,2,25,0.5104,0.1905,2,3.667,-1,0
CZ-007,santa_luzmila,-11.948906,-77.043636,13744,0.2684,0.2361,0.5325,0.5847,0.5007,0.8071,0.2455,0.3902,0.9722,2020,3,26,0.4985,0.22,0,2.667,-3,0
CZ-007,santa_luzmila,-11.948906,-77.043636,13744,0.2684,0.2361,0.5325,0.5847,0.5007,0.8071,0.2455,0.3902,0.9722,2020,4,27,0.4066,0.1905,5,2.333,-1,0
CZ-007,santa_luzmila,-11.948906,-77.043636,13744,0.2684,0.2361,0.5325,0.5847,0.5007,0.8071,0.2455,0.3902,0.9722,2020,5,28,0.3973,0.11,4,3.0,2,0
CZ-007,santa_luzmila,-11.948906,-77.043636,13744,0.2684,0.2361,0.5325,0.5847,0.5007,0.8071,0.2455,0.3902,0.9722,2020,6,29,0.4552,0.0,3,4.0,3,0
CZ-007,santa_luzmila,-11.948906,-77.043636,13744,0.2684,0.2361,0.5325,0.5847,0.5007,0.8071,0.2455,0.3902,0.9722,2020,7,30,0.5294,0.07,1,2.667,-4,0
CZ-007,santa_luzmila,-11.948906,-77.043636,13744,0.2684,0.2361,0.5325,0.5847,0.5007,0.8071,0.2455,0.3902,0.9722,2020,8,31,0.3954,-0.1905,4,2.667,0,0
CZ-007,santa_luzmila,-11.948906,-77.043636,13744,0.2684,0.2361,0.5325,0.5847,0.5007,0.8071,0.2455,0.3902,0.9722,2020,9,32,0.399,-0.22,0,1.667,-3,0
CZ-007,santa_luzmila,-11.948906,-77.043636,13744,0.2684,0.2361,0.5325,0.5847,0.5007,0.8071,0.2455,0.3902,0.9722,2020,10,33,0.433,-0.1905,0,1.333,-1,0
CZ-007,santa_luzmila,-11.948906,-77.043636,13744,0.2684,0.2361,0.5325,0.5847,0.5007,0.8071,0.2455,0.3902,0.9722,2020,11,34,0.4239,-0.11,4,1.333,0,0
CZ-007,santa_luzmila,-11.948906,-77.043636,13744,0.2684,0.2361,0.5325,0.5847,0.5007,0.8071,0.2455,0.3902,0.9722,2020,12,35,0.5313,0.18,5,3.0,5,0
CZ-007,santa_luzmila,-11.948906,-77.043636,13744,0.2684,0.2361,0.5325,0.5847,0.5007,0.8071,0.2455,0.3902,0.9722,2021,1,36,0.4159,0.11,2,3.667,2,0
CZ-007,santa_luzmila,-11.948906,-77.043636,13744,0.2684,0.2361,0.5325,0.5847,0.5007,0.8071,0.2455,0.3902,0.9722,2021,2,37,0.4368,0.1905,0,2.333,-4,0
CZ-007,santa_luzmila,-11.948906,-77.043636,13744,0.2684,0.2361,0.5325,0.5847,0.5007,0.8071,0.2455,0.3902,0.9722,2021,3,38,0.4111,0.22,2,1.333,-3,0
CZ-007,santa_luzmila,-11.948906,-77.043636,13744,0.2684,0.2361,0.5325,0.5847,0.5007,0.8071,0.2455,0.3902,0.9722,2021,4,39,0.4733,0.1905,5,2.333,3,0
CZ-007,santa_luzmila,-11.948906,-77.043636,13744,0.2684,0.2361,0.5325,0.5847,0.5007,0.8071,0.2455,0.3902,0.9722,2021,5,40,0.4004,0.11,2,3.0,2,0
CZ-007,santa_luzmila,-11.948906,-77.043636,13744,0.2684,0.2361,0.5325,0.5847,0.5007,0.8071,0.2455,0.3902,0.9722,2021,6,41,0.5281,0.0,1,2.667,-1,0
CZ-007,santa_luzmila,-11.948906,-77.043636,13744,0.2684,0.2361,0.5325,0.5847,0.5007,0.8071,0.2455,0.3902,0.9722,2021,7,42,0.487,0.07,2,1.667,-3,0
CZ-007,santa_luzmila,-11.948906,-77.043636,13744,0.2684,0.2361,0.5325,0.5847,0.5007,0.8071,0.2455,0.3902,0.9722,2021,8,43,0.4483,-0.1905,5,2.667,3,0
CZ-007,santa_luzmila,-11.948906,-77.043636,13744,0.2684,0.2361,0.5325,0.5847,0.5007,0.8071,0.2455,0.3902,0.9722,2021,9,44,0.4771,-0.22,1,2.667,0,0
CZ-007,santa_luzmila,-11.948906,-77.043636,13744,0.2684,0.2361,0.5325,0.5847,0.5007,0.8071,0.2455,0.3902,0.9722,2021,10,45,0.4805,-0.1905,2,2.667,0,0
CZ-007,santa_luzmila,-11.948906,-77.043636,13744,0.2684,0.2361,0.5325,0.5847,0.5007,0.8071,0.2455,0.3902,0.9722,2021,11,46,0.4223,-0.11,3,2.0,-2,0
CZ-007,santa_luzmila,-11.948906,-77.043636,13744,0.2684,0.2361,0.5325,0.5847,0.5007,0.8071,0.2455,0.3902,0.9722,2021,12,47,0.541,0.18,2,2.333,1,0
CZ-007,santa_luzmila,-11.948906,-77.043636,13744,0.2684,0.2361,0.5325,0.5847,0.5007,0.8071,0.2455,0.3902,0.9722,2022,1,48,0.4709,0.11,7,4.0,5,1
CZ-007,santa_luzmila,-11.948906,-77.043636,13744,0.2684,0.2361,0.5325,0.5847,0.5007,0.8071,0.2455,0.3902,0.9722,2022,2,49,0.5017,0.1905,4,4.333,1,0
CZ-007,santa_luzmila,-11.948906,-77.043636,13744,0.2684,0.2361,0.5325,0.5847,0.5007,0.8071,0.2455,0.3902,0.9722,2022,3,50,0.4154,0.22,11,7.333,9,0
CZ-007,santa_luzmila,-11.948906,-77.043636,13744,0.2684,0.2361,0.5325,0.5847,0.5007,0.8071,0.2455,0.3902,0.9722,2022,4,51,0.4566,0.1905,5,6.667,-2,0
CZ-007,santa_luzmila,-11.948906,-77.043636,13744,0.2684,0.2361,0.5325,0.5847,0.5007,0.8071,0.2455,0.3902,0.9722,2022,5,52,0.4841,0.11,5,7.0,1,0
CZ-007,santa_luzmila,-11.948906,-77.043636,13744,0.2684,0.2361,0.5325,0.5847,0.5007,0.8071,0.2455,0.3902,0.9722,2022,6,53,0.5175,0.0,5,5.0,-6,0
CZ-007,santa_luzmila,-11.948906,-77.043636,13744,0.2684,0.2361,0.5325,0.5847,0.5007,0.8071,0.2455,0.3902,0.9722,2022,7,54,0.5248,0.07,3,4.333,-2,0
CZ-007,santa_luzmila,-11.948906,-77.043636,13744,0.2684,0.2361,0.5325,0.5847,0.5007,0.8071,0.2455,0.3902,0.9722,2022,8,55,0.4786,-0.1905,3,3.667,-2,0
CZ-007,santa_luzmila,-11.948906,-77.043636,13744,0.2684,0.2361,0.5325,0.5847,0.5007,0.8071,0.2455,0.3902,0.9722,2022,9,56,0.4531,-0.22,3,3.0,-2,0
CZ-007,santa_luzmila,-11.948906,-77.043636,13744,0.2684,0.2361,0.5325,0.5847,0.5007,0.8071,0.2455,0.3902,0.9722,2022,10,57,0.4642,-0.1905,0,2.0,-3,0
CZ-007,santa_luzmila,-11.948906,-77.043636,13744,0.2684,0.2361,0.5325,0.5847,0.5007,0.8071,0.2455,0.3902,0.9722,2022,11,58,0.4514,-0.11,2,1.667,-1,0
CZ-007,santa_luzmila,-11.948906,-77.043636,13744,0.2684,0.2361,0.5325,0.5847,0.5007,0.8071,0.2455,0.3902,0.9722,2022,12,59,0.5168,0.18,1,1.0,-2,0
CZ-007,santa_luzmila,-11.948906,-77.043636,13744,0.2684,0.2361,0.5325,0.5847,0.5007,0.8071,0.2455,0.3902,0.9722,2023,1,60,0.3743,0.11,5,2.667,5,0
CZ-007,santa_luzmila,-11.948906,-77.043636,13744,0.2684,0.2361,0.5325,0.5847,0.5007,0.8071,0.2455,0.3902,0.9722,2023,2,61,0.4668,0.1905,2,2.667,0,0
CZ-007,santa_luzmila,-11.948906,-77.043636,13744,0.2684,0.2361,0.5325,0.5847,0.5007,0.8071,0.2455,0.3902,0.9722,2023,3,62,0.5076,0.22,5,4.0,4,1
CZ-007,santa_luzmila,-11.948906,-77.043636,13744,0.2684,0.2361,0.5325,0.5847,0.5007,0.8071,0.2455,0.3902,0.9722,2023,4,63,0.4674,0.1905,4,3.667,-1,0
CZ-007,santa_luzmila,-11.948906,-77.043636,13744,0.2684,0.2361,0.5325,0.5847,0.5007,0.8071,0.2455,0.3902,0.9722,2023,5,64,0.4165,0.11,9,6.0,7,0
CZ-007,santa_luzmila,-11.948906,-77.043636,13744,0.2684,0.2361,0.5325,0.5847,0.5007,0.8071,0.2455,0.3902,0.9722,2023,6,65,0.411,0.0,2,5.0,-3,0
CZ-007,santa_luzmila,-11.948906,-77.043636,13744,0.2684,0.2361,0.5325,0.5847,0.5007,0.8071,0.2455,0.3902,0.9722,2023,7,66,0.6899,0.07,6,5.667,2,0
CZ-007,santa_luzmila,-11.948906,-77.043636,13744,0.2684,0.2361,0.5325,0.5847,0.5007,0.8071,0.2455,0.3902,0.9722,2023,8,67,0.5217,-0.1905,5,4.333,-4,0
CZ-007,santa_luzmila,-11.948906,-77.043636,13744,0.2684,0.2361,0.5325,0.5847,0.5007,0.8071,0.2455,0.3902,0.9722,2023,9,68,0.3734,-0.22,3,4.667,1,0
CZ-007,santa_luzmila,-11.948906,-77.043636,13744,0.2684,0.2361,0.5325,0.5847,0.5007,0.8071,0.2455,0.3902,0.9722,2023,10,69,0.4727,-0.1905,2,3.333,-4,0
CZ-007,santa_luzmila,-11.948906,-77.043636,13744,0.2684,0.2361,0.5325,0.5847,0.5007,0.8071,0.2455,0.3902,0.9722,2023,11,70,0.4914,-0.11,6,3.667,1,0
CZ-007,santa_luzmila,-11.948906,-77.043636,13744,0.2684,0.2361,0.5325,0.5847,0.5007,0.8071,0.2455,0.3902,0.9722,2023,12,71,0.4947,0.18,2,3.333,-1,0
CZ-007,santa_luzmila,-11.948906,-77.043636,13744,0.2684,0.2361,0.5325,0.5847,0.5007,0.8071,0.2455,0.3902,0.9722,2024,1,72,0.5466,0.11,3,3.667,1,0
CZ-007,santa_luzmila,-11.948906,-77.043636,13744,0.2684,0.2361,0.5325,0.5847,0.5007,0.8071,0.2455,0.3902,0.9722,2024,2,73,0.4668,0.1905,4,3.0,-2,0
CZ-007,santa_luzmila,-11.948906,-77.043636,13744,0.2684,0.2361,0.5325,0.5847,0.5007,0.8071,0.2455,0.3902,0.9722,2024,3,74,0.4029,0.22,4,3.667,2,1
CZ-007,santa_luzmila,-11.948906,-77.043636,13744,0.2684,0.2361,0.5325,0.5847,0.5007,0.8071,0.2455,0.3902,0.9722,2024,4,75,0.4788,0.1905,5,4.333,2,0
CZ-007,santa_luzmila,-11.948906,-77.043636,13744,0.2684,0.2361,0.5325,0.5847,0.5007,0.8071,0.2455,0.3902,0.9722,2024,5,76,0.3987,0.11,10,6.333,6,0
CZ-007,santa_luzmila,-11.948906,-77.043636,13744,0.2684,0.2361,0.5325,0.5847,0.5007,0.8071,0.2455,0.3902,0.9722,2024,6,77,0.5014,0.0,3,6.0,-1,0
CZ-007,santa_luzmila,-11.948906,-77.043636,13744,0.2684,0.2361,0.5325,0.5847,0.5007,0.8071,0.2455,0.3902,0.9722,2024,7,78,0.5289,0.07,7,6.667,2,0
CZ-007,santa_luzmila,-11.948906,-77.043636,13744,0.2684,0.2361,0.5325,0.5847,0.5007,0.8071,0.2455,0.3902,0.9722,2024,8,79,0.4677,-0.1905,5,5.0,-5,0
CZ-007,santa_luzmila,-11.948906,-77.043636,13744,0.2684,0.2361,0.5325,0.5847,0.5007,0.8071,0.2455,0.3902,0.9722,2024,9,80,0.5029,-0.22,1,4.333,-2,0
CZ-007,santa_luzmila,-11.948906,-77.043636,13744,0.2684,0.2361,0.5325,0.5847,0.5007,0.8071,0.2455,0.3902,0.9722,2024,10,81,0.4924,-0.1905,1,2.333,-6,0
CZ-007,santa_luzmila,-11.948906,-77.043636,13744,0.2684,0.2361,0.5325,0.5847,0.5007,0.8071,0.2455,0.3902,0.9722,2024,11,82,0.4539,-0.11,3,1.667,-2,0
CZ-007,santa_luzmila,-11.948906,-77.043636,13744,0.2684,0.2361,0.5325,0.5847,0.5007,0.8071,0.2455,0.3902,0.9722,2024,12,83,0.4685,0.18,2,2.0,1,0
CZ-007,santa_luzmila,-11.948906,-77.043636,13744,0.2684,0.2361,0.5325,0.5847,0.5007,0.8071,0.2455,0.3902,0.9722,2025,1,84,0.4626,0.11,3,2.667,2,0
CZ-007,santa_luzmila,-11.948906,-77.043636,13744,0.2684,0.2361,0.5325,0.5847,0.5007,0.8071,0.2455,0.3902,0.9722,2025,2,85,0.4912,0.1905,3,2.667,0,0
CZ-007,santa_luzmila,-11.948906,-77.043636,13744,0.2684,0.2361,0.5325,0.5847,0.5007,0.8071,0.2455,0.3902,0.9722,2025,3,86,0.4624,0.22,7,4.333,5,0
CZ-007,santa_luzmila,-11.948906,-77.043636,13744,0.2684,0.2361,0.5325,0.5847,0.5007,0.8071,0.2455,0.3902,0.9722,2025,4,87,0.4445,0.1905,6,5.333,3,0
CZ-007,santa_luzmila,-11.948906,-77.043636,13744,0.2684,0.2361,0.5325,0.5847,0.5007,0.8071,0.2455,0.3902,0.9722,2025,5,88,0.5172,0.11,4,5.667,1,0
CZ-007,santa_luzmila,-11.948906,-77.043636,13744,0.2684,0.2361,0.5325,0.5847,0.5007,0.8071,0.2455,0.3902,0.9722,2025,6,89,0.4144,0.0,4,4.667,-3,0
CZ-007,santa_luzmila,-11.948906,-77.043636,13744,0.2684,0.2361,0.5325,0.5847,0.5007,0.8071,0.2455,0.3902,0.9722,2025,7,90,0.4813,0.07,4,4.0,-2,0
CZ-007,santa_luzmila,-11.948906,-77.043636,13744,0.2684,0.2361,0.5325,0.5847,0.5007,0.8071,0.2455,0.3902,0.9722,2025,8,91,0.4064,-0.1905,4,4.0,0,0
CZ-007,santa_luzmila,-11.948906,-77.043636,13744,0.2684,0.2361,0.5325,0.5847,0.5007,0.8071,0.2455,0.3902,0.9722,2025,9,92,0.477,-0.22,3,3.667,-1,0
CZ-007,santa_luzmila,-11.948906,-77.043636,13744,0.2684,0.2361,0.5325,0.5847,0.5007,0.8071,0.2455,0.3902,0.9722,2025,10,93,0.4596,-0.1905,6,4.333,2,0
CZ-007,santa_luzmila,-11.948906,-77.043636,13744,0.2684,0.2361,0.5325,0.5847,0.5007,0.8071,0.2455,0.3902,0.9722,2025,11,94,0.3935,-0.11,2,3.667,-2,0
CZ-008,santa_luzmila,-11.93436,-77.083404,17453,0.3915,0.2495,0.6462,0.8395,0.5899,0.5384,0.2371,0.3377,0.4805,2018,5,4,0.3823,0.11,12,6.667,5,0
CZ-008,santa_luzmila,-11.93436,-77.083404,17453,0.3915,0.2495,0.6462,0.8395,0.5899,0.5384,0.2371,0.3377,0.4805,2018,6,5,0.4219,0.0,4,6.333,-1,0
CZ-008,santa_luzmila,-11.93436,-77.083404,17453,0.3915,0.2495,0.6462,0.8395,0.5899,0.5384,0.2371,0.3377,0.4805,2018,7,6,0.5402,0.07,6,7.333,3,0
CZ-008,santa_luzmila,-11.93436,-77.083404,17453,0.3915,0.2495,0.6462,0.8395,0.5899,0.5384,0.2371,0.3377,0.4805,2018,8,7,0.4258,-0.1905,7,5.667,-5,0
CZ-008,santa_luzmila,-11.93436,-77.083404,17453,0.3915,0.2495,0.6462,0.8395,0.5899,0.5384,0.2371,0.3377,0.4805,2018,9,8,0.5705,-0.22,5,6.0,1,0
CZ-008,santa_luzmila,-11.93436,-77.083404,17453,0.3915,0.2495,0.6462,0.8395,0.5899,0.5384,0.2371,0.3377,0.4805,2018,10,9,0.3574,-0.1905,3,5.0,-3,0
CZ-008,santa_luzmila,-11.93436,-77.083404,17453,0.3915,0.2495,0.6462,0.8395,0.5899,0.5384,0.2371,0.3377,0.4805,2018,11,10,0.4479,-0.11,0,2.667,-7,0
CZ-008,santa_luzmila,-11.93436,-77.083404,17453,0.3915,0.2495,0.6462,0.8395,0.5899,0.5384,0.2371,0.3377,0.4805,2018,12,11,0.5167,0.18,4,2.333,-1,0
CZ-008,santa_luzmila,-11.93436,-77.083404,17453,0.3915,0.2495,0.6462,0.8395,0.5899,0.5384,0.2371,0.3377,0.4805,2019,1,12,0.4278,0.11,4,2.667,1,0
CZ-008,santa_luzmila,-11.93436,-77.083404,17453,0.3915,0.2495,0.6462,0.8395,0.5899,0.5384,0.2371,0.3377,0.4805,2019,2,13,0.5403,0.1905,6,4.667,6,0
CZ-008,santa_luzmila,-11.93436,-77.083404,17453,0.3915,0.2495,0.6462,0.8395,0.5899,0.5384,0.2371,0.3377,0.4805,2019,3,14,0.509,0.22,7,5.667,3,1
CZ-008,santa_luzmila,-11.93436,-77.083404,17453,0.3915,0.2495,0.6462,0.8395,0.5899,0.5384,0.2371,0.3377,0.4805,2019,4,15,0.4637,0.1905,6,6.333,2,0
CZ-008,santa_luzmila,-11.93436,-77.083404,17453,0.3915,0.2495,0.6462,0.8395,0.5899,0.5384,0.2371,0.3377,0.4805,2019,5,16,0.4145,0.11,9,7.333,3,0
CZ-008,santa_luzmila,-11.93436,-77.083404,17453,0.3915,0.2495,0.6462,0.8395,0.5899,0.5384,0.2371,0.3377,0.4805,2019,6,17,0.4248,0.0,8,7.667,1,0
CZ-008,santa_luzmila,-11.93436,-77.083404,17453,0.3915,0.2495,0.6462,0.8395,0.5899,0.5384,0.2371,0.3377,0.4805,2019,7,18,0.5234,0.07,2,6.333,-4,0
CZ-008,santa_luzmila,-11.93436,-77.083404,17453,0.3915,0.2495,0.6462,0.8395,0.5899,0.5384,0.2371,0.3377,0.4805,2019,8,19,0.4975,-0.1905,8,6.0,-1,0
CZ-008,santa_luzmila,-11.93436,-77.083404,17453,0.3915,0.2495,0.6462,0.8395,0.5899,0.5384,0.2371,0.3377,0.4805,2019,9,20,0.4144,-0.22,3,4.333,-5,0
CZ-008,santa_luzmila,-11.93436,-77.083404,17453,0.3915,0.2495,0.6462,0.8395,0.5899,0.5384,0.2371,0.3377,0.4805,2019,10,21,0.5313,-0.1905,5,5.333,3,0
CZ-008,santa_luzmila,-11.93436,-77.083404,17453,0.3915,0.2495,0.6462,0.8395,0.5899,0.5384,0.2371,0.3377,0.4805,2019,11,22,0.4996,-0.11,5,4.333,-3,1
CZ-008,santa_luzmila,-11.93436,-77.083404,17453,0.3915,0.2495,0.6462,0.8395,0.5899,0.5384,0.2371,0.3377,0.4805,2019,12,23,0.5942,0.18,4,4.667,1,0
CZ-008,santa_luzmila,-11.93436,-77.083404,17453,0.3915,0.2495,0.6462,0.8395,0.5899,0.5384,0.2371,0.3377,0.4805,2020,1,24,0.494,0.11,14,7.667,9,0
CZ-008,santa_luzmila,-11.93436,-77.083404,17453,0.3915,0.2495,0.6462,0.8395,0.5899,0.5384,0.2371,0.3377,0.4805,2020,2,25,0.5476,0.1905,8,8.667,3,0
CZ-008,santa_luzmila,-11.93436,-77.083404,17453,0.3915,0.2495,0.6462,0.8395,0.5899,0.5384,0.2371,0.3377,0.4805,2020,3,26,0.4846,0.22,6,9.333,2,1
CZ-008,santa_luzmila,-11.93436,-77.083404,17453,0.3915,0.2495,0.6462,0.8395,0.5899,0.5384,0.2371,0.3377,0.4805,2020,4,27,0.5238,0.1905,5,6.333,-9,1
CZ-008,santa_luzmila,-11.93436,-77.083404,17453,0.3915,0.2495,0.6462,0.8395,0.5899,0.5384,0.2371,0.3377,0.4805,2020,5,28,0.4933,0.11,10,7.0,2,0
CZ-008,santa_luzmila,-11.93436,-77.083404,17453,0.3915,0.2495,0.6462,0.8395,0.5899,0.5384,0.2371,0.3377,0.4805,2020,6,29,0.5051,0.0,13,9.333,7,1
CZ-008,santa_luzmila,-11.93436,-77.083404,17453,0.3915,0.2495,0.6462,0.8395,0.5899,0.5384,0.2371,0.3377,0.4805,2020,7,30,0.5419,0.07,7,10.0,2,0
CZ-008,santa_luzmila,-11.93436,-77.083404,17453,0.3915,0.2495,0.6462,0.8395,0.5899,0.5384,0.2371,0.3377,0.4805,2020,8,31,0.4587,-0.1905,10,10.0,0,0
CZ-008,santa_luzmila,-11.93436,-77.083404,17453,0.3915,0.2495,0.6462,0.8395,0.5899,0.5384,0.2371,0.3377,0.4805,2020,9,32,0.4561,-0.22,6,7.667,-7,0
CZ-008,santa_luzmila,-11.93436,-77.083404,17453,0.3915,0.2495,0.6462,0.8395,0.5899,0.5384,0.2371,0.3377,0.4805,2020,10,33,0.4303,-0.1905,5,7.0,-2,0
CZ-008,santa_luzmila,-11.93436,-77.083404,17453,0.3915,0.2495,0.6462,0.8395,0.5899,0.5384,0.2371,0.3377,0.4805,2020,11,34,0.4552,-0.11,6,5.667,-4,1
CZ-008,santa_luzmila,-11.93436,-77.083404,17453,0.3915,0.2495,0.6462,0.8395,0.5899,0.5384,0.2371,0.3377,0.4805,2020,12,35,0.5053,0.18,5,5.333,-1,0
CZ-008,santa_luzmila,-11.93436,-77.083404,17453,0.3915,0.2495,0.6462,0.8395,0.5899,0.5384,0.2371,0.3377,0.4805,2021,1,36,0.4747,0.11,10,7.0,5,1
CZ-008,santa_luzmila,-11.93436,-77.083404,17453,0.3915,0.2495,0.6462,0.8395,0.5899,0.5384,0.2371,0.3377,0.4805,2021,2,37,0.4849,0.1905,7,7.333,1,0
CZ-008,santa_luzmila,-11.93436,-77.083404,17453,0.3915,0.2495,0.6462,0.8395,0.5899,0.5384,0.2371,0.3377,0.4805,2021,3,38,0.4977,0.22,9,8.667,4,0
CZ-008,santa_luzmila,-11.93436,-77.083404,17453,0.3915,0.2495,0.6462,0.8395,0.5899,0.5384,0.2371,0.3377,0.4805,2021,4,39,0.5185,0.1905,7,7.667,-3,0
CZ-008,santa_luzmila,-11.93436,-77.083404,17453,0.3915,0.2495,0.6462,0.8395,0.5899,0.5384,0.2371,0.3377,0.4805,2021,5,40,0.5325,0.11,6,7.333,-1,0
CZ-008,santa_luzmila,-11.93436,-77.083404,17453,0.3915,0.2495,0.6462,0.8395,0.5899,0.5384,0.2371,0.3377,0.4805,2021,6,41,0.4453,0.0,7,6.667,-2,0
CZ-008,santa_luzmila,-11.93436,-77.083404,17453,0.3915,0.2495,0.6462,0.8395,0.5899,0.5384,0.2371,0.3377,0.4805,2021,7,42,0.5498,0.07,4,5.667,-3,0
CZ-008,santa_luzmila,-11.93436,-77.083404,17453,0.3915,0.2495,0.6462,0.8395,0.5899,0.5384,0.2371,0.3377,0.4805,2021,8,43,0.4836,-0.1905,7,6.0,1,0
CZ-008,santa_luzmila,-11.93436,-77.083404,17453,0.3915,0.2495,0.6462,0.8395,0.5899,0.5384,0.2371,0.3377,0.4805,2021,9,44,0.5635,-0.22,6,5.667,-1,0
CZ-008,santa_luzmila,-11.93436,-77.083404,17453,0.3915,0.2495,0.6462,0.8395,0.5899,0.5384,0.2371,0.3377,0.4805,2021,10,45,0.5313,-0.1905,6,6.333,2,0
CZ-008,santa_luzmila,-11.93436,-77.083404,17453,0.3915,0.2495,0.6462,0.8395,0.5899,0.5384,0.2371,0.3377,0.4805,2021,11,46,0.4956,-0.11,5,5.667,-2,0
CZ-008,santa_luzmila,-11.93436,-77.083404,17453,0.3915,0.2495,0.6462,0.8395,0.5899,0.5384,0.2371,0.3377,0.4805,2021,12,47,0.5476,0.18,6,5.667,0,0
CZ-008,santa_luzmila,-11.93436,-77.083404,17453,0.3915,0.2495,0.6462,0.8395,0.5899,0.5384,0.2371,0.3377,0.4805,2022,1,48,0.4887,0.11,7,6.0,1,1
CZ-008,santa_luzmila,-11.93436,-77.083404,17453,0.3915,0.2495,0.6462,0.8395,0.5899,0.5384,0.2371,0.3377,0.4805,2022,2,49,0.4649,0.1905,5,6.0,0,1
CZ-008,santa_luzmila,-11.93436,-77.083404,17453,0.3915,0.2495,0.6462,0.8395,0.5899,0.5384,0.2371,0.3377,0.4805,2022,3,50,0.4663,0.22,9,7.0,3,1
CZ-008,santa_luzmila,-11.93436,-77.083404,17453,0.3915,0.2495,0.6462,0.8395,0.5899,0.5384,0.2371,0.3377,0.4805,2022,4,51,0.5036,0.1905,12,8.667,5,1
CZ-008,santa_luzmila,-11.93436,-77.083404,17453,0.3915,0.2495,0.6462,0.8395,0.5899,0.5384,0.2371,0.3377,0.4805,2022,5,52,0.4517,0.11,14,11.667,9,0
CZ-008,santa_luzmila,-11.93436,-77.083404,17453,0.3915,0.2495,0.6462,0.8395,0.5899,0.5384,0.2371,0.3377,0.4805,2022,6,53,0.4762,0.0,9,11.667,0,0
CZ-008,santa_luzmila,-11.93436,-77.083404,17453,0.3915,0.2495,0.6462,0.8395,0.5899,0.5384,0.2371,0.3377,0.4805,2022,7,54,0.6117,0.07,5,9.333,-7,0
CZ-008,santa_luzmila,-11.93436,-77.083404,17453,0.3915,0.2495,0.6462,0.8395,0.5899,0.5384,0.2371,0.3377,0.4805,2022,8,55,0.5165,-0.1905,8,7.333,-6,0
CZ-008,santa_luzmila,-11.93436,-77.083404,17453,0.3915,0.2495,0.6462,0.8395,0.5899,0.5384,0.2371,0.3377,0.4805,2022,9,56,0.5344,-0.22,2,5.0,-7,0
CZ-008,santa_luzmila,-11.93436,-77.083404,17453,0.3915,0.2495,0.6462,0.8395,0.5899,0.5384,0.2371,0.3377,0.4805,2022,10,57,0.4587,-0.1905,6,5.333,1,0
CZ-008,santa_luzmila,-11.93436,-77.083404,17453,0.3915,0.2495,0.6462,0.8395,0.5899,0.5384,0.2371,0.3377,0.4805,2022,11,58,0.4777,-0.11,5,4.333,-3,1
CZ-008,santa_luzmila,-11.93436,-77.083404,17453,0.3915,0.2495,0.6462,0.8395,0.5899,0.5384,0.2371,0.3377,0.4805,2022,12,59,0.5474,0.18,5,5.333,3,0
CZ-008,santa_luzmila,-11.93436,-77.083404,17453,0.3915,0.2495,0.6462,0.8395,0.5899,0.5384,0.2371,0.3377,0.4805,2023,1,60,0.4699,0.11,11,7.0,5,0
CZ-008,santa_luzmila,-11.93436,-77.083404,17453,0.3915,0.2495,0.6462,0.8395,0.5899,0.5384,0.2371,0.3377,0.4805,2023,2,61,0.4405,0.1905,3,6.333,-2,0
CZ-008,santa_luzmila,-11.93436,-77.083404,17453,0.3915,0.2495,0.6462,0.8395,0.5899,0.5384,0.2371,0.3377,0.4805,2023,3,62,0.5056,0.22,6,6.667,1,1
CZ-008,santa_luzmila,-11.93436,-77.083404,17453,0.3915,0.2495,0.6462,0.8395,0.5899,0.5384,0.2371,0.3377,0.4805,2023,4,63,0.5275,0.1905,7,5.333,-4,1
CZ-008,santa_luzmila,-11.93436,-77.083404,17453,0.3915,0.2495,0.6462,0.8395,0.5899,0.5384,0.2371,0.3377,0.4805,2023,5,64,0.4027,0.11,9,7.333,6,0
CZ-008,santa_luzmila,-11.93436,-77.083404,17453,0.3915,0.2495,0.6462,0.8395,0.5899,0.5384,0.2371,0.3377,0.4805,2023,6,65,0.5514,0.0,9,8.333,3,0
CZ-008,santa_luzmila,-11.93436,-77.083404,17453,0.3915,0.2495,0.6462,0.8395,0.5899,0.5384,0.2371,0.3377,0.4805,2023,7,66,0.5353,0.07,5,7.667,-2,0
CZ-008,santa_luzmila,-11.93436,-77.083404,17453,0.3915,0.2495,0.6462,0.8395,0.5899,0.5384,0.2371,0.3377,0.4805,2023,8,67,0.5103,-0.1905,6,6.667,-3,0
CZ-008,santa_luzmila,-11.93436,-77.083404,17453,0.3915,0.2495,0.6462,0.8395,0.5899,0.5384,0.2371,0.3377,0.4805,2023,9,68,0.5212,-0.22,6,5.667,-3,1
CZ-008,santa_luzmila,-11.93436,-77.083404,17453,0.3915,0.2495,0.6462,0.8395,0.5899,0.5384,0.2371,0.3377,0.4805,2023,10,69,0.5558,-0.1905,4,5.333,-1,0
CZ-008,santa_luzmila,-11.93436,-77.083404,17453,0.3915,0.2495,0.6462,0.8395,0.5899,0.5384,0.2371,0.3377,0.4805,2023,11,70,0.5103,-0.11,12,7.333,6,1
CZ-008,santa_luzmila,-11.93436,-77.083404,17453,0.3915,0.2495,0.6462,0.8395,0.5899,0.5384,0.2371,0.3377,0.4805,2023,12,71,0.5117,0.18,1,5.667,-5,1
CZ-008,santa_luzmila,-11.93436,-77.083404,17453,0.3915,0.2495,0.6462,0.8395,0.5899,0.5384,0.2371,0.3377,0.4805,2024,1,72,0.5471,0.11,17,10.0,13,0
CZ-008,santa_luzmila,-11.93436,-77.083404,17453,0.3915,0.2495,0.6462,0.8395,0.5899,0.5384,0.2371,0.3377,0.4805,2024,2,73,0.4079,0.1905,9,9.0,-3,1
CZ-008,santa_luzmila,-11.93436,-77.083404,17453,0.3915,0.2495,0.6462,0.8395,0.5899,0.5384,0.2371,0.3377,0.4805,2024,3,74,0.4152,0.22,7,11.0,6,0
CZ-008,santa_luzmila,-11.93436,-77.083404,17453,0.3915,0.2495,0.6462,0.8395,0.5899,0.5384,0.2371,0.3377,0.4805,2024,4,75,0.5073,0.1905,10,8.667,-7,0
CZ-008,santa_luzmila,-11.93436,-77.083404,17453,0.3915,0.2495,0.6462,0.8395,0.5899,0.5384,0.2371,0.3377,0.4805,2024,5,76,0.4634,0.11,6,7.667,-3,0
CZ-008,santa_luzmila,-11.93436,-77.083404,17453,0.3915,0.2495,0.6462,0.8395,0.5899,0.5384,0.2371,0.3377,0.4805,2024,6,77,0.5,0.0,5,7.0,-2,1
CZ-008,santa_luzmila,-11.93436,-77.083404,17453,0.3915,0.2495,0.6462,0.8395,0.5899,0.5384,0.2371,0.3377,0.4805,2024,7,78,0.5949,0.07,7,6.0,-3,0
CZ-008,santa_luzmila,-11.93436,-77.083404,17453,0.3915,0.2495,0.6462,0.8395,0.5899,0.5384,0.2371,0.3377,0.4805,2024,8,79,0.4214,-0.1905,10,7.333,4,0
CZ-008,santa_luzmila,-11.93436,-77.083404,17453,0.3915,0.2495,0.6462,0.8395,0.5899,0.5384,0.2371,0.3377,0.4805,2024,9,80,0.4491,-0.22,7,8.0,2,0
CZ-008,santa_luzmila,-11.93436,-77.083404,17453,0.3915,0.2495,0.6462,0.8395,0.5899,0.5384,0.2371,0.3377,0.4805,2024,10,81,0.4471,-0.1905,7,8.0,0,0
CZ-008,santa_luzmila,-11.93436,-77.083404,17453,0.3915,0.2495,0.6462,0.8395,0.5899,0.5384,0.2371,0.3377,0.4805,2024,11,82,0.4824,-0.11,8,7.333,-2,0
CZ-008,santa_luzmila,-11.93436,-77.083404,17453,0.3915,0.2495,0.6462,0.8395,0.5899,0.5384,0.2371,0.3377,0.4805,2024,12,83,0.655,0.18,6,7.0,-1,0
CZ-008,santa_luzmila,-11.93436,-77.083404,17453,0.3915,0.2495,0.6462,0.8395,0.5899,0.5384,0.2371,0.3377,0.4805,2025,1,84,0.4619,0.11,8,7.333,1,1
CZ-008,santa_luzmila,-11.93436,-77.083404,17453,0.3915,0.2495,0.6462,0.8395,0.5899,0.5384,0.2371,0.3377,0.4805,2025,2,85,0.4836,0.1905,7,7.0,-1,1
CZ-008,santa_luzmila,-11.93436,-77.083404,17453,0.3915,0.2495,0.6462,0.8395,0.5899,0.5384,0.2371,0.3377,0.4805,2025,3,86,0.4222,0.22,11,8.667,5,1
CZ-008,santa_luzmila,-11.93436,-77.083404,17453,0.3915,0.2495,0.6462,0.8395,0.5899,0.5384,0.2371,0.3377,0.4805,2025,4,87,0.5475,0.1905,9,9.0,1,1
CZ-008,santa_luzmila,-11.93436,-77.083404,17453,0.3915,0.2495,0.6462,0.8395,0.5899,0.5384,0.2371,0.3377,0.4805,2025,5,88,0.3721,0.11,13,11.0,6,1
CZ-008,santa_luzmila,-11.93436,-77.083404,17453,0.3915,0.2495,0.6462,0.8395,0.5899,0.5384,0.2371,0.3377,0.4805,2025,6,89,0.4234,0.0,10,10.667,-1,1
CZ-008,santa_luzmila,-11.93436,-77.083404,17453,0.3915,0.2495,0.6462,0.8395,0.5899,0.5384,0.2371,0.3377,0.4805,2025,7,90,0.4627,0.07,11,11.333,2,1
CZ-008,santa_luzmila,-11.93436,-77.083404,17453,0.3915,0.2495,0.6462,0.8395,0.5899,0.5384,0.2371,0.3377,0.4805,2025,8,91,0.456,-0.1905,12,11.0,-1,1
CZ-008,santa_luzmila,-11.93436,-77.083404,17453,0.3915,0.2495,0.6462,0.8395,0.5899,0.5384,0.2371,0.3377,0.4805,2025,9,92,0.4258,-0.22,16,13.0,6,0
CZ-008,santa_luzmila,-11.93436,-77.083404,17453,0.3915,0.2495,0.6462,0.8395,0.5899,0.5384,0.2371,0.3377,0.4805,2025,10,93,0.5264,-0.1905,9,12.333,-2,1
CZ-008,santa_luzmila,-11.93436,-77.083404,17453,0.3915,0.2495,0.6462,0.8395,0.5899,0.5384,0.2371,0.3377,0.4805,2025,11,94,0.4747,-0.11,8,11.0,-4,0
CZ-009,collique,-11.900995,-77.017901,19798,0.6884,0.2548,0.4234,0.7321,0.3428,0.5259,0.1488,0.3017,0.8012,2018,5,4,0.4485,0.11,6,8.333,-3,1
CZ-009,collique,-11.900995,-77.017901,19798,0.6884,0.2548,0.4234,0.7321,0.3428,0.5259,0.1488,0.3017,0.8012,2018,6,5,0.3738,0.0,13,10.333,6,1
CZ-009,collique,-11.900995,-77.017901,19798,0.6884,0.2548,0.4234,0.7321,0.3428,0.5259,0.1488,0.3017,0.8012,2018,7,6,0.5801,0.07,11,10.0,-1,1
CZ-009,collique,-11.900995,-77.017901,19798,0.6884,0.2548,0.4234,0.7321,0.3428,0.5259,0.1488,0.3017,0.8012,2018,8,7,0.4364,-0.1905,13,12.333,7,0
CZ-009,collique,-11.900995,-77.017901,19798,0.6884,0.2548,0.4234,0.7321,0.3428,0.5259,0.1488,0.3017,0.8012,2018,9,8,0.5498,-0.22,11,11.667,-2,0
CZ-009,collique,-11.900995,-77.017901,19798,0.6884,0.2548,0.4234,0.7321,0.3428,0.5259,0.1488,0.3017,0.8012,2018,10,9,0.4092,-0.1905,5,9.667,-6,0
CZ-009,collique,-11.900995,-77.017901,19798,0.6884,0.2548,0.4234,0.7321,0.3428,0.5259,0.1488,0.3017,0.8012,2018,11,10,0.4527,-0.11,8,8.0,-5,0
CZ-009,collique,-11.900995,-77.017901,19798,0.6884,0.2548,0.4234,0.7321,0.3428,0.5259,0.1488,0.3017,0.8012,2018,12,11,0.5021,0.18,5,6.0,-6,1
CZ-009,collique,-11.900995,-77.017901,19798,0.6884,0.2548,0.4234,0.7321,0.3428,0.5259,0.1488,0.3017,0.8012,2019,1,12,0.5251,0.11,6,6.333,1,1
CZ-009,collique,-11.900995,-77.017901,19798,0.6884,0.2548,0.4234,0.7321,0.3428,0.5259,0.1488,0.3017,0.8012,2019,2,13,0.4087,0.1905,9,6.667,1,0
CZ-009,collique,-11.900995,-77.017901,19798,0.6884,0.2548,0.4234,0.7321,0.3428,0.5259,0.1488,0.3017,0.8012,2019,3,14,0.4043,0.22,10,8.333,5,1
CZ-009,collique,-11.900995,-77.017901,19798,0.6884,0.2548,0.4234,0.7321,0.3428,0.5259,0.1488,0.3017,0.8012,2019,4,15,0.3991,0.1905,7,8.667,1,1
CZ-009,collique,-11.900995,-77.017901,19798,0.6884,0.2548,0.4234,0.7321,0.3428,0.5259,0.1488,0.3017,0.8012,2019,5,16,0.4288,0.11,10,9.0,1,0
CZ-009,collique,-11.900995,-77.017901,19798,0.6884,0.2548,0.4234,0.7321,0.3428,0.5259,0.1488,0.3017,0.8012,2019,6,17,0.3464,0.0,10,9.0,0,1
CZ-009,collique,-11.900995,-77.017901,19798,0.6884,0.2548,0.4234,0.7321,0.3428,0.5259,0.1488,0.3017,0.8012,2019,7,18,0.489,0.07,6,8.667,-1,0
CZ-009,collique,-11.900995,-77.017901,19798,0.6884,0.2548,0.4234,0.7321,0.3428,0.5259,0.1488,0.3017,0.8012,2019,8,19,0.4253,-0.1905,15,10.333,5,1
CZ-009,collique,-11.900995,-77.017901,19798,0.6884,0.2548,0.4234,0.7321,0.3428,0.5259,0.1488,0.3017,0.8012,2019,9,20,0.4537,-0.22,8,9.667,-2,0
CZ-009,collique,-11.900995,-77.017901,19798,0.6884,0.2548,0.4234,0.7321,0.3428,0.5259,0.1488,0.3017,0.8012,2019,10,21,0.3764,-0.1905,9,10.667,3,0
CZ-009,collique,-11.900995,-77.017901,19798,0.6884,0.2548,0.4234,0.7321,0.3428,0.5259,0.1488,0.3017,0.8012,2019,11,22,0.4319,-0.11,3,6.667,-12,1
CZ-009,collique,-11.900995,-77.017901,19798,0.6884,0.2548,0.4234,0.7321,0.3428,0.5259,0.1488,0.3017,0.8012,2019,12,23,0.5636,0.18,5,5.667,-3,1
CZ-009,collique,-11.900995,-77.017901,19798,0.6884,0.2548,0.4234,0.7321,0.3428,0.5259,0.1488,0.3017,0.8012,2020,1,24,0.5077,0.11,9,5.667,0,1
CZ-009,collique,-11.900995,-77.017901,19798,0.6884,0.2548,0.4234,0.7321,0.3428,0.5259,0.1488,0.3017,0.8012,2020,2,25,0.4616,0.1905,10,8.0,7,1
CZ-009,collique,-11.900995,-77.017901,19798,0.6884,0.2548,0.4234,0.7321,0.3428,0.5259,0.1488,0.3017,0.8012,2020,3,26,0.4382,0.22,9,9.333,4,1
CZ-009,collique,-11.900995,-77.017901,19798,0.6884,0.2548,0.4234,0.7321,0.3428,0.5259,0.1488,0.3017,0.8012,2020,4,27,0.4861,0.1905,13,10.667,4,1
CZ-009,collique,-11.900995,-77.017901,19798,0.6884,0.2548,0.4234,0.7321,0.3428,0.5259,0.1488,0.3017,0.8012,2020,5,28,0.4594,0.11,14,12.0,4,0
CZ-009,collique,-11.900995,-77.017901,19798,0.6884,0.2548,0.4234,0.7321,0.3428,0.5259,0.1488,0.3017,0.8012,2020,6,29,0.4553,0.0,15,14.0,6,1
CZ-009,collique,-11.900995,-77.017901,19798,0.6884,0.2548,0.4234,0.7321,0.3428,0.5259,0.1488,0.3017,0.8012,2020,7,30,0.458,0.07,7,12.0,-6,0
CZ-009,collique,-11.900995,-77.017901,19798,0.6884,0.2548,0.4234,0.7321,0.3428,0.5259,0.1488,0.3017,0.8012,2020,8,31,0.3944,-0.1905,12,11.333,-2,1
CZ-009,collique,-11.900995,-77.017901,19798,0.6884,0.2548,0.4234,0.7321,0.3428,0.5259,0.1488,0.3017,0.8012,2020,9,32,0.3832,-0.22,8,9.0,-7,0
CZ-009,collique,-11.900995,-77.017901,19798,0.6884,0.2548,0.4234,0.7321,0.3428,0.5259,0.1488,0.3017,0.8012,2020,10,33,0.4941,-0.1905,11,10.333,4,1
CZ-009,collique,-11.900995,-77.017901,19798,0.6884,0.2548,0.4234,0.7321,0.3428,0.5259,0.1488,0.3017,0.8012,2020,11,34,0.3873,-0.11,8,9.0,-4,1
CZ-009,collique,-11.900995,-77.017901,19798,0.6884,0.2548,0.4234,0.7321,0.3428,0.5259,0.1488,0.3017,0.8012,2020,12,35,0.5121,0.18,11,10.0,3,1
CZ-009,collique,-11.900995,-77.017901,19798,0.6884,0.2548,0.4234,0.7321,0.3428,0.5259,0.1488,0.3017,0.8012,2021,1,36,0.4404,0.11,16,11.667,5,1
CZ-009,collique,-11.900995,-77.017901,19798,0.6884,0.2548,0.4234,0.7321,0.3428,0.5259,0.1488,0.3017,0.8012,2021,2,37,0.4071,0.1905,9,12.0,1,1
CZ-009,collique,-11.900995,-77.017901,19798,0.6884,0.2548,0.4234,0.7321,0.3428,0.5259,0.1488,0.3017,0.8012,2021,3,38,0.5002,0.22,12,12.333,1,1
CZ-009,collique,-11.900995,-77.017901,19798,0.6884,0.2548,0.4234,0.7321,0.3428,0.5259,0.1488,0.3017,0.8012,2021,4,39,0.363,0.1905,26,15.667,10,1
CZ-009,collique,-11.900995,-77.017901,19798,0.6884,0.2548,0.4234,0.7321,0.3428,0.5259,0.1488,0.3017,0.8012,2021,5,40,0.4057,0.11,12,16.667,3,1
CZ-009,collique,-11.900995,-77.017901,19798,0.6884,0.2548,0.4234,0.7321,0.3428,0.5259,0.1488,0.3017,0.8012,2021,6,41,0.4556,0.0,12,16.667,0,1
CZ-009,collique,-11.900995,-77.017901,19798,0.6884,0.2548,0.4234,0.7321,0.3428,0.5259,0.1488,0.3017,0.8012,2021,7,42,0.4996,0.07,14,12.667,-12,0
CZ-009,collique,-11.900995,-77.017901,19798,0.6884,0.2548,0.4234,0.7321,0.3428,0.5259,0.1488,0.3017,0.8012,2021,8,43,0.4087,-0.1905,13,13.0,1,0
CZ-009,collique,-11.900995,-77.017901,19798,0.6884,0.2548,0.4234,0.7321,0.3428,0.5259,0.1488,0.3017,0.8012,2021,9,44,0.4133,-0.22,5,10.667,-7,0
CZ-009,collique,-11.900995,-77.017901,19798,0.6884,0.2548,0.4234,0.7321,0.3428,0.5259,0.1488,0.3017,0.8012,2021,10,45,0.3595,-0.1905,8,8.667,-6,0
CZ-009,collique,-11.900995,-77.017901,19798,0.6884,0.2548,0.4234,0.7321,0.3428,0.5259,0.1488,0.3017,0.8012,2021,11,46,0.4509,-0.11,5,6.0,-8,1
CZ-009,collique,-11.900995,-77.017901,19798,0.6884,0.2548,0.4234,0.7321,0.3428,0.5259,0.1488,0.3017,0.8012,2021,12,47,0.4945,0.18,6,6.333,1,1
CZ-009,collique,-11.900995,-77.017901,19798,0.6884,0.2548,0.4234,0.7321,0.3428,0.5259,0.1488,0.3017,0.8012,2022,1,48,0.4359,0.11,19,10.0,11,1
CZ-009,collique,-11.900995,-77.017901,19798,0.6884,0.2548,0.4234,0.7321,0.3428,0.5259,0.1488,0.3017,0.8012,2022,2,49,0.4609,0.1905,11,12.0,6,1
CZ-009,collique,-11.900995,-77.017901,19798,0.6884,0.2548,0.4234,0.7321,0.3428,0.5259,0.1488,0.3017,0.8012,2022,3,50,0.4144,0.22,15,15.0,9,1
CZ-009,collique,-11.900995,-77.017901,19798,0.6884,0.2548,0.4234,0.7321,0.3428,0.5259,0.1488,0.3017,0.8012,2022,4,51,0.4658,0.1905,17,14.333,-2,1
CZ-009,collique,-11.900995,-77.017901,19798,0.6884,0.2548,0.4234,0.7321,0.3428,0.5259,0.1488,0.3017,0.8012,2022,5,52,0.4328,0.11,12,14.667,1,1
CZ-009,collique,-11.900995,-77.017901,19798,0.6884,0.2548,0.4234,0.7321,0.3428,0.5259,0.1488,0.3017,0.8012,2022,6,53,0.4528,0.0,12,13.667,-3,1
CZ-009,collique,-11.900995,-77.017901,19798,0.6884,0.2548,0.4234,0.7321,0.3428,0.5259,0.1488,0.3017,0.8012,2022,7,54,0.4475,0.07,11,11.667,-6,1
CZ-009,collique,-11.900995,-77.017901,19798,0.6884,0.2548,0.4234,0.7321,0.3428,0.5259,0.1488,0.3017,0.8012,2022,8,55,0.5058,-0.1905,11,11.333,-1,1
CZ-009,collique,-11.900995,-77.017901,19798,0.6884,0.2548,0.4234,0.7321,0.3428,0.5259,0.1488,0.3017,0.8012,2022,9,56,0.4091,-0.22,12,11.333,0,0
CZ-009,collique,-11.900995,-77.017901,19798,0.6884,0.2548,0.4234,0.7321,0.3428,0.5259,0.1488,0.3017,0.8012,2022,10,57,0.4493,-0.1905,11,11.333,0,0
CZ-009,collique,-11.900995,-77.017901,19798,0.6884,0.2548,0.4234,0.7321,0.3428,0.5259,0.1488,0.3017,0.8012,2022,11,58,0.3386,-0.11,7,10.0,-4,1
CZ-009,collique,-11.900995,-77.017901,19798,0.6884,0.2548,0.4234,0.7321,0.3428,0.5259,0.1488,0.3017,0.8012,2022,12,59,0.5552,0.18,7,8.333,-5,1
CZ-009,collique,-11.900995,-77.017901,19798,0.6884,0.2548,0.4234,0.7321,0.3428,0.5259,0.1488,0.3017,0.8012,2023,1,60,0.5438,0.11,16,10.0,5,1
CZ-009,collique,-11.900995,-77.017901,19798,0.6884,0.2548,0.4234,0.7321,0.3428,0.5259,0.1488,0.3017,0.8012,2023,2,61,0.3857,0.1905,15,12.667,8,1
CZ-009,collique,-11.900995,-77.017901,19798,0.6884,0.2548,0.4234,0.7321,0.3428,0.5259,0.1488,0.3017,0.8012,2023,3,62,0.4622,0.22,12,14.333,5,1
CZ-009,collique,-11.900995,-77.017901,19798,0.6884,0.2548,0.4234,0.7321,0.3428,0.5259,0.1488,0.3017,0.8012,2023,4,63,0.3624,0.1905,20,15.667,4,0
CZ-009,collique,-11.900995,-77.017901,19798,0.6884,0.2548,0.4234,0.7321,0.3428,0.5259,0.1488,0.3017,0.8012,2023,5,64,0.3895,0.11,16,16.0,1,1
CZ-009,collique,-11.900995,-77.017901,19798,0.6884,0.2548,0.4234,0.7321,0.3428,0.5259,0.1488,0.3017,0.8012,2023,6,65,0.4017,0.0,7,14.333,-5,1
CZ-009,collique,-11.900995,-77.017901,19798,0.6884,0.2548,0.4234,0.7321,0.3428,0.5259,0.1488,0.3017,0.8012,2023,7,66,0.4882,0.07,14,12.333,-6,0
CZ-009,collique,-11.900995,-77.017901,19798,0.6884,0.2548,0.4234,0.7321,0.3428,0.5259,0.1488,0.3017,0.8012,2023,8,67,0.3673,-0.1905,11,10.667,-5,1
CZ-009,collique,-11.900995,-77.017901,19798,0.6884,0.2548,0.4234,0.7321,0.3428,0.5259,0.1488,0.3017,0.8012,2023,9,68,0.3673,-0.22,6,10.333,-1,1
CZ-009,collique,-11.900995,-77.017901,19798,0.6884,0.2548,0.4234,0.7321,0.3428,0.5259,0.1488,0.3017,0.8012,2023,10,69,0.3971,-0.1905,9,8.667,-5,1
CZ-009,collique,-11.900995,-77.017901,19798,0.6884,0.2548,0.4234,0.7321,0.3428,0.5259,0.1488,0.3017,0.8012,2023,11,70,0.326,-0.11,10,8.333,-1,0
CZ-009,collique,-11.900995,-77.017901,19798,0.6884,0.2548,0.4234,0.7321,0.3428,0.5259,0.1488,0.3017,0.8012,2023,12,71,0.5577,0.18,12,10.333,6,1
CZ-009,collique,-11.900995,-77.017901,19798,0.6884,0.2548,0.4234,0.7321,0.3428,0.5259,0.1488,0.3017,0.8012,2024,1,72,0.4446,0.11,8,10.0,-1,1
CZ-009,collique,-11.900995,-77.017901,19798,0.6884,0.2548,0.4234,0.7321,0.3428,0.5259,0.1488,0.3017,0.8012,2024,2,73,0.4166,0.1905,22,14.0,12,1
CZ-009,collique,-11.900995,-77.017901,19798,0.6884,0.2548,0.4234,0.7321,0.3428,0.5259,0.1488,0.3017,0.8012,2024,3,74,0.4514,0.22,17,15.667,5,1
CZ-009,collique,-11.900995,-77.017901,19798,0.6884,0.2548,0.4234,0.7321,0.3428,0.5259,0.1488,0.3017,0.8012,2024,4,75,0.4953,0.1905,14,17.667,6,1
CZ-009,collique,-11.900995,-77.017901,19798,0.6884,0.2548,0.4234,0.7321,0.3428,0.5259,0.1488,0.3017,0.8012,2024,5,76,0.4479,0.11,17,16.0,-5,1
CZ-009,collique,-11.900995,-77.017901,19798,0.6884,0.2548,0.4234,0.7321,0.3428,0.5259,0.1488,0.3017,0.8012,2024,6,77,0.4546,0.0,16,15.667,-1,1
CZ-009,collique,-11.900995,-77.017901,19798,0.6884,0.2548,0.4234,0.7321,0.3428,0.5259,0.1488,0.3017,0.8012,2024,7,78,0.4617,0.07,12,15.0,-2,0
CZ-009,collique,-11.900995,-77.017901,19798,0.6884,0.2548,0.4234,0.7321,0.3428,0.5259,0.1488,0.3017,0.8012,2024,8,79,0.4461,-0.1905,10,12.667,-7,1
CZ-009,collique,-11.900995,-77.017901,19798,0.6884,0.2548,0.4234,0.7321,0.3428,0.5259,0.1488,0.3017,0.8012,2024,9,80,0.4658,-0.22,8,10.0,-8,1
CZ-009,collique,-11.900995,-77.017901,19798,0.6884,0.2548,0.4234,0.7321,0.3428,0.5259,0.1488,0.3017,0.8012,2024,10,81,0.4907,-0.1905,12,10.0,0,1
CZ-009,collique,-11.900995,-77.017901,19798,0.6884,0.2548,0.4234,0.7321,0.3428,0.5259,0.1488,0.3017,0.8012,2024,11,82,0.5152,-0.11,16,12.0,6,1
CZ-009,collique,-11.900995,-77.017901,19798,0.6884,0.2548,0.4234,0.7321,0.3428,0.5259,0.1488,0.3017,0.8012,2024,12,83,0.4317,0.18,9,12.333,1,1
CZ-009,collique,-11.900995,-77.017901,19798,0.6884,0.2548,0.4234,0.7321,0.3428,0.5259,0.1488,0.3017,0.8012,2025,1,84,0.4231,0.11,16,13.667,4,1
CZ-009,collique,-11.900995,-77.017901,19798,0.6884,0.2548,0.4234,0.7321,0.3428,0.5259,0.1488,0.3017,0.8012,2025,2,85,0.4757,0.1905,18,14.333,2,1
CZ-009,collique,-11.900995,-77.017901,19798,0.6884,0.2548,0.4234,0.7321,0.3428,0.5259,0.1488,0.3017,0.8012,2025,3,86,0.3639,0.22,11,15.0,2,1
CZ-009,collique,-11.900995,-77.017901,19798,0.6884,0.2548,0.4234,0.7321,0.3428,0.5259,0.1488,0.3017,0.8012,2025,4,87,0.3664,0.1905,16,15.0,0,1
CZ-009,collique,-11.900995,-77.017901,19798,0.6884,0.2548,0.4234,0.7321,0.3428,0.5259,0.1488,0.3017,0.8012,2025,5,88,0.3489,0.11,14,13.667,-4,0
CZ-009,collique,-11.900995,-77.017901,19798,0.6884,0.2548,0.4234,0.7321,0.3428,0.5259,0.1488,0.3017,0.8012,2025,6,89,0.4028,0.0,10,13.333,-1,1
CZ-009,collique,-11.900995,-77.017901,19798,0.6884,0.2548,0.4234,0.7321,0.3428,0.5259,0.1488,0.3017,0.8012,2025,7,90,0.5049,0.07,8,10.667,-8,1
CZ-009,collique,-11.900995,-77.017901,19798,0.6884,0.2548,0.4234,0.7321,0.3428,0.5259,0.1488,0.3017,0.8012,2025,8,91,0.4408,-0.1905,16,11.333,2,1
CZ-009,collique,-11.900995,-77.017901,19798,0.6884,0.2548,0.4234,0.7321,0.3428,0.5259,0.1488,0.3017,0.8012,2025,9,92,0.3978,-0.22,10,11.333,0,0
CZ-009,collique,-11.900995,-77.017901,19798,0.6884,0.2548,0.4234,0.7321,0.3428,0.5259,0.1488,0.3017,0.8012,2025,10,93,0.4522,-0.1905,11,12.333,3,1
CZ-009,collique,-11.900995,-77.017901,19798,0.6884,0.2548,0.4234,0.7321,0.3428,0.5259,0.1488,0.3017,0.8012,2025,11,94,0.4762,-0.11,8,9.667,-8,1
CZ-010,retablo,-11.947455,-77.051239,12624,0.4796,0.199,0.7432,0.6671,0.6614,0.6743,0.3013,0.3654,0.635,2018,5,4,0.4784,0.11,14,13.333,8,0
CZ-010,retablo,-11.947455,-77.051239,12624,0.4796,0.199,0.7432,0.6671,0.6614,0.6743,0.3013,0.3654,0.635,2018,6,5,0.5087,0.0,11,13.333,0,1
CZ-010,retablo,-11.947455,-77.051239,12624,0.4796,0.199,0.7432,0.6671,0.6614,0.6743,0.3013,0.3654,0.635,2018,7,6,0.5957,0.07,3,9.333,-12,1
CZ-010,retablo,-11.947455,-77.051239,12624,0.4796,0.199,0.7432,0.6671,0.6614,0.6743,0.3013,0.3654,0.635,2018,8,7,0.53,-0.1905,9,7.667,-5,0
CZ-010,retablo,-11.947455,-77.051239,12624,0.4796,0.199,0.7432,0.6671,0.6614,0.6743,0.3013,0.3654,0.635,2018,9,8,0.448,-0.22,11,7.667,0,1
CZ-010,retablo,-11.947455,-77.051239,12624,0.4796,0.199,0.7432,0.6671,0.6614,0.6743,0.3013,0.3654,0.635,2018,10,9,0.5757,-0.1905,4,8.0,1,0
CZ-010,retablo,-11.947455,-77.051239,12624,0.4796,0.199,0.7432,0.6671,0.6614,0.6743,0.3013,0.3654,0.635,2018,11,10,0.4916,-0.11,10,8.333,1,0
CZ-010,retablo,-11.947455,-77.051239,12624,0.4796,0.199,0.7432,0.6671,0.6614,0.6743,0.3013,0.3654,0.635,2018,12,11,0.5595,0.18,8,7.333,-3,0
CZ-010,retablo,-11.947455,-77.051239,12624,0.4796,0.199,0.7432,0.6671,0.6614,0.6743,0.3013,0.3654,0.635,2019,1,12,0.4921,0.11,8,8.667,4,1
CZ-010,retablo,-11.947455,-77.051239,12624,0.4796,0.199,0.7432,0.6671,0.6614,0.6743,0.3013,0.3654,0.635,2019,2,13,0.5481,0.1905,4,6.667,-6,1
CZ-010,retablo,-11.947455,-77.051239,12624,0.4796,0.199,0.7432,0.6671,0.6614,0.6743,0.3013,0.3654,0.635,2019,3,14,0.4938,0.22,12,8.0,4,1
CZ-010,retablo,-11.947455,-77.051239,12624,0.4796,0.199,0.7432,0.6671,0.6614,0.6743,0.3013,0.3654,0.635,2019,4,15,0.4795,0.1905,9,8.333,1,0
CZ-010,retablo,-11.947455,-77.051239,12624,0.4796,0.199,0.7432,0.6671,0.6614,0.6743,0.3013,0.3654,0.635,2019,5,16,0.4254,0.11,15,12.0,11,1
CZ-010,retablo,-11.947455,-77.051239,12624,0.4796,0.199,0.7432,0.6671,0.6614,0.6743,0.3013,0.3654,0.635,2019,6,17,0.501,0.0,8,10.667,-4,1
CZ-010,retablo,-11.947455,-77.051239,12624,0.4796,0.199,0.7432,0.6671,0.6614,0.6743,0.3013,0.3654,0.635,2019,7,18,0.5487,0.07,13,12.0,4,0
CZ-010,retablo,-11.947455,-77.051239,12624,0.4796,0.199,0.7432,0.6671,0.6614,0.6743,0.3013,0.3654,0.635,2019,8,19,0.4169,-0.1905,9,10.0,-6,0
CZ-010,retablo,-11.947455,-77.051239,12624,0.4796,0.199,0.7432,0.6671,0.6614,0.6743,0.3013,0.3654,0.635,2019,9,20,0.5507,-0.22,7,9.667,-1,1
CZ-010,retablo,-11.947455,-77.051239,12624,0.4796,0.199,0.7432,0.6671,0.6614,0.6743,0.3013,0.3654,0.635,2019,10,21,0.5086,-0.1905,4,6.667,-9,0
CZ-010,retablo,-11.947455,-77.051239,12624,0.4796,0.199,0.7432,0.6671,0.6614,0.6743,0.3013,0.3654,0.635,2019,11,22,0.5164,-0.11,12,7.667,3,1
CZ-010,retablo,-11.947455,-77.051239,12624,0.4796,0.199,0.7432,0.6671,0.6614,0.6743,0.3013,0.3654,0.635,2019,12,23,0.6137,0.18,8,8.0,1,1
CZ-010,retablo,-11.947455,-77.051239,12624,0.4796,0.199,0.7432,0.6671,0.6614,0.6743,0.3013,0.3654,0.635,2020,1,24,0.4815,0.11,15,11.667,11,1
CZ-010,retablo,-11.947455,-77.051239,12624,0.4796,0.199,0.7432,0.6671,0.6614,0.6743,0.3013,0.3654,0.635,2020,2,25,0.4888,0.1905,10,11.0,-2,1
CZ-010,retablo,-11.947455,-77.051239,12624,0.4796,0.199,0.7432,0.6671,0.6614,0.6743,0.3013,0.3654,0.635,2020,3,26,0.4873,0.22,10,11.667,2,1
CZ-010,retablo,-11.947455,-77.051239,12624,0.4796,0.199,0.7432,0.6671,0.6614,0.6743,0.3013,0.3654,0.635,2020,4,27,0.5134,0.1905,12,10.667,-3,1
CZ-010,retablo,-11.947455,-77.051239,12624,0.4796,0.199,0.7432,0.6671,0.6614,0.6743,0.3013,0.3654,0.635,2020,5,28,0.5088,0.11,16,12.667,6,1
CZ-010,retablo,-11.947455,-77.051239,12624,0.4796,0.199,0.7432,0.6671,0.6614,0.6743,0.3013,0.3654,0.635,2020,6,29,0.4839,0.0,15,14.333,5,1
CZ-010,retablo,-11.947455,-77.051239,12624,0.4796,0.199,0.7432,0.6671,0.6614,0.6743,0.3013,0.3654,0.635,2020,7,30,0.6768,0.07,12,14.333,0,1
CZ-010,retablo,-11.947455,-77.051239,12624,0.4796,0.199,0.7432,0.6671,0.6614,0.6743,0.3013,0.3654,0.635,2020,8,31,0.4373,-0.1905,9,12.0,-7,0
CZ-010,retablo,-11.947455,-77.051239,12624,0.4796,0.199,0.7432,0.6671,0.6614,0.6743,0.3013,0.3654,0.635,2020,9,32,0.5332,-0.22,9,10.0,-6,0
CZ-010,retablo,-11.947455,-77.051239,12624,0.4796,0.199,0.7432,0.6671,0.6614,0.6743,0.3013,0.3654,0.635,2020,10,33,0.4624,-0.1905,6,8.0,-6,1
CZ-010,retablo,-11.947455,-77.051239,12624,0.4796,0.199,0.7432,0.6671,0.6614,0.6743,0.3013,0.3654,0.635,2020,11,34,0.468,-0.11,7,7.333,-2,1
CZ-010,retablo,-11.947455,-77.051239,12624,0.4796,0.199,0.7432,0.6671,0.6614,0.6743,0.3013,0.3654,0.635,2020,12,35,0.586,0.18,12,8.333,3,1
CZ-010,retablo,-11.947455,-77.051239,12624,0.4796,0.199,0.7432,0.6671,0.6614,0.6743,0.3013,0.3654,0.635,2021,1,36,0.5228,0.11,15,11.333,9,1
CZ-010,retablo,-11.947455,-77.051239,12624,0.4796,0.199,0.7432,0.6671,0.6614,0.6743,0.3013,0.3654,0.635,2021,2,37,0.5046,0.1905,21,16.0,14,1
CZ-010,retablo,-11.947455,-77.051239,12624,0.4796,0.199,0.7432,0.6671,0.6614,0.6743,0.3013,0.3654,0.635,2021,3,38,0.5367,0.22,16,17.333,4,0
CZ-010,retablo,-11.947455,-77.051239,12624,0.4796,0.199,0.7432,0.6671,0.6614,0.6743,0.3013,0.3654,0.635,2021,4,39,0.4853,0.1905,16,17.667,1,1
CZ-010,retablo,-11.947455,-77.051239,12624,0.4796,0.199,0.7432,0.6671,0.6614,0.6743,0.3013,0.3654,0.635,2021,5,40,0.5824,0.11,5,12.333,-16,1
CZ-010,retablo,-11.947455,-77.051239,12624,0.4796,0.199,0.7432,0.6671,0.6614,0.6743,0.3013,0.3654,0.635,2021,6,41,0.4754,0.0,14,11.667,-2,1
CZ-010,retablo,-11.947455,-77.051239,12624,0.4796,0.199,0.7432,0.6671,0.6614,0.6743,0.3013,0.3654,0.635,2021,7,42,0.5374,0.07,13,10.667,-3,0
CZ-010,retablo,-11.947455,-77.051239,12624,0.4796,0.199,0.7432,0.6671,0.6614,0.6743,0.3013,0.3654,0.635,2021,8,43,0.5047,-0.1905,15,14.0,10,1
CZ-010,retablo,-11.947455,-77.051239,12624,0.4796,0.199,0.7432,0.6671,0.6614,0.6743,0.3013,0.3654,0.635,2021,9,44,0.5121,-0.22,6,11.333,-8,1
CZ-010,retablo,-11.947455,-77.051239,12624,0.4796,0.199,0.7432,0.6671,0.6614,0.6743,0.3013,0.3654,0.635,2021,10,45,0.4997,-0.1905,9,10.0,-4,1
CZ-010,retablo,-11.947455,-77.051239,12624,0.4796,0.199,0.7432,0.6671,0.6614,0.6743,0.3013,0.3654,0.635,2021,11,46,0.5297,-0.11,10,8.333,-5,1
CZ-010,retablo,-11.947455,-77.051239,12624,0.4796,0.199,0.7432,0.6671,0.6614,0.6743,0.3013,0.3654,0.635,2021,12,47,0.6003,0.18,9,9.333,3,1
CZ-010,retablo,-11.947455,-77.051239,12624,0.4796,0.199,0.7432,0.6671,0.6614,0.6743,0.3013,0.3654,0.635,2022,1,48,0.5095,0.11,21,13.333,12,1
CZ-010,retablo,-11.947455,-77.051239,12624,0.4796,0.199,0.7432,0.6671,0.6614,0.6743,0.3013,0.3654,0.635,2022,2,49,0.5008,0.1905,15,15.0,5,0
CZ-010,retablo,-11.947455,-77.051239,12624,0.4796,0.199,0.7432,0.6671,0.6614,0.6743,0.3013,0.3654,0.635,2022,3,50,0.5278,0.22,20,18.667,11,1
CZ-010,retablo,-11.947455,-77.051239,12624,0.4796,0.199,0.7432,0.6671,0.6614,0.6743,0.3013,0.3654,0.635,2022,4,51,0.5152,0.1905,7,14.0,-14,1
CZ-010,retablo,-11.947455,-77.051239,12624,0.4796,0.199,0.7432,0.6671,0.6614,0.6743,0.3013,0.3654,0.635,2022,5,52,0.4916,0.11,18,15.0,3,1
CZ-010,retablo,-11.947455,-77.051239,12624,0.4796,0.199,0.7432,0.6671,0.6614,0.6743,0.3013,0.3654,0.635,2022,6,53,0.494,0.0,18,14.333,-2,1
CZ-010,retablo,-11.947455,-77.051239,12624,0.4796,0.199,0.7432,0.6671,0.6614,0.6743,0.3013,0.3654,0.635,2022,7,54,0.6203,0.07,13,16.333,6,1
CZ-010,retablo,-11.947455,-77.051239,12624,0.4796,0.199,0.7432,0.6671,0.6614,0.6743,0.3013,0.3654,0.635,2022,8,55,0.471,-0.1905,13,14.667,-5,1
CZ-010,retablo,-11.947455,-77.051239,12624,0.4796,0.199,0.7432,0.6671,0.6614,0.6743,0.3013,0.3654,0.635,2022,9,56,0.5603,-0.22,9,11.667,-9,0
CZ-010,retablo,-11.947455,-77.051239,12624,0.4796,0.199,0.7432,0.6671,0.6614,0.6743,0.3013,0.3654,0.635,2022,10,57,0.5499,-0.1905,13,11.667,0,1
CZ-010,retablo,-11.947455,-77.051239,12624,0.4796,0.199,0.7432,0.6671,0.6614,0.6743,0.3013,0.3654,0.635,2022,11,58,0.5193,-0.11,7,9.667,-6,1
CZ-010,retablo,-11.947455,-77.051239,12624,0.4796,0.199,0.7432,0.6671,0.6614,0.6743,0.3013,0.3654,0.635,2022,12,59,0.6064,0.18,17,12.333,8,1
CZ-010,retablo,-11.947455,-77.051239,12624,0.4796,0.199,0.7432,0.6671,0.6614,0.6743,0.3013,0.3654,0.635,2023,1,60,0.5567,0.11,17,13.667,4,1
CZ-010,retablo,-11.947455,-77.051239,12624,0.4796,0.199,0.7432,0.6671,0.6614,0.6743,0.3013,0.3654,0.635,2023,2,61,0.4926,0.1905,12,15.333,5,1
CZ-010,retablo,-11.947455,-77.051239,12624,0.4796,0.199,0.7432,0.6671,0.6614,0.6743,0.3013,0.3654,0.635,2023,3,62,0.5287,0.22,18,15.667,1,1
CZ-010,retablo,-11.947455,-77.051239,12624,0.4796,0.199,0.7432,0.6671,0.6614,0.6743,0.3013,0.3654,0.635,2023,4,63,0.5159,0.1905,19,16.333,2,1
CZ-010,retablo,-11.947455,-77.051239,12624,0.4796,0.199,0.7432,0.6671,0.6614,0.6743,0.3013,0.3654,0.635,2023,5,64,0.4788,0.11,22,19.667,10,0
CZ-010,retablo,-11.947455,-77.051239,12624,0.4796,0.199,0.7432,0.6671,0.6614,0.6743,0.3013,0.3654,0.635,2023,6,65,0.4715,0.0,14,18.333,-4,1
CZ-010,retablo,-11.947455,-77.051239,12624,0.4796,0.199,0.7432,0.6671,0.6614,0.6743,0.3013,0.3654,0.635,2023,7,66,0.5688,0.07,8,14.667,-11,1
CZ-010,retablo,-11.947455,-77.051239,12624,0.4796,0.199,0.7432,0.6671,0.6614,0.6743,0.3013,0.3654,0.635,2023,8,67,0.6238,-0.1905,12,11.333,-10,1
CZ-010,retablo,-11.947455,-77.051239,12624,0.4796,0.199,0.7432,0.6671,0.6614,0.6743,0.3013,0.3654,0.635,2023,9,68,0.6631,-0.22,10,10.0,-4,0
CZ-010,retablo,-11.947455,-77.051239,12624,0.4796,0.199,0.7432,0.6671,0.6614,0.6743,0.3013,0.3654,0.635,2023,10,69,0.5405,-0.1905,22,14.667,14,1
CZ-010,retablo,-11.947455,-77.051239,12624,0.4796,0.199,0.7432,0.6671,0.6614,0.6743,0.3013,0.3654,0.635,2023,11,70,0.4878,-0.11,4,12.0,-8,1
CZ-010,retablo,-11.947455,-77.051239,12624,0.4796,0.199,0.7432,0.6671,0.6614,0.6743,0.3013,0.3654,0.635,2023,12,71,0.6067,0.18,19,15.0,9,1
CZ-010,retablo,-11.947455,-77.051239,12624,0.4796,0.199,0.7432,0.6671,0.6614,0.6743,0.3013,0.3654,0.635,2024,1,72,0.5588,0.11,15,12.667,-7,1
CZ-010,retablo,-11.947455,-77.051239,12624,0.4796,0.199,0.7432,0.6671,0.6614,0.6743,0.3013,0.3654,0.635,2024,2,73,0.5409,0.1905,22,18.667,18,1
CZ-010,retablo,-11.947455,-77.051239,12624,0.4796,0.199,0.7432,0.6671,0.6614,0.6743,0.3013,0.3654,0.635,2024,3,74,0.5052,0.22,16,17.667,-3,1
CZ-010,retablo,-11.947455,-77.051239,12624,0.4796,0.199,0.7432,0.6671,0.6614,0.6743,0.3013,0.3654,0.635,2024,4,75,0.5094,0.1905,18,18.667,3,0
CZ-010,retablo,-11.947455,-77.051239,12624,0.4796,0.199,0.7432,0.6671,0.6614,0.6743,0.3013,0.3654,0.635,2024,5,76,0.4994,0.11,18,17.333,-4,1
CZ-010,retablo,-11.947455,-77.051239,12624,0.4796,0.199,0.7432,0.6671,0.6614,0.6743,0.3013,0.3654,0.635,2024,6,77,0.5067,0.0,8,14.667,-8,1
CZ-010,retablo,-11.947455,-77.051239,12624,0.4796,0.199,0.7432,0.6671,0.6614,0.6743,0.3013,0.3654,0.635,2024,7,78,0.5713,0.07,13,13.0,-5,1
CZ-010,retablo,-11.947455,-77.051239,12624,0.4796,0.199,0.7432,0.6671,0.6614,0.6743,0.3013,0.3654,0.635,2024,8,79,0.4739,-0.1905,11,10.667,-7,1
CZ-010,retablo,-11.947455,-77.051239,12624,0.4796,0.199,0.7432,0.6671,0.6614,0.6743,0.3013,0.3654,0.635,2024,9,80,0.5206,-0.22,20,14.667,12,1
CZ-010,retablo,-11.947455,-77.051239,12624,0.4796,0.199,0.7432,0.6671,0.6614,0.6743,0.3013,0.3654,0.635,2024,10,81,0.5021,-0.1905,11,14.0,-2,1
CZ-010,retablo,-11.947455,-77.051239,12624,0.4796,0.199,0.7432,0.6671,0.6614,0.6743,0.3013,0.3654,0.635,2024,11,82,0.4763,-0.11,10,13.667,-1,1
CZ-010,retablo,-11.947455,-77.051239,12624,0.4796,0.199,0.7432,0.6671,0.6614,0.6743,0.3013,0.3654,0.635,2024,12,83,0.6139,0.18,17,12.667,-3,1
CZ-010,retablo,-11.947455,-77.051239,12624,0.4796,0.199,0.7432,0.6671,0.6614,0.6743,0.3013,0.3654,0.635,2025,1,84,0.4719,0.11,14,13.667,3,1
CZ-010,retablo,-11.947455,-77.051239,12624,0.4796,0.199,0.7432,0.6671,0.6614,0.6743,0.3013,0.3654,0.635,2025,2,85,0.4499,0.1905,24,18.333,14,1
CZ-010,retablo,-11.947455,-77.051239,12624,0.4796,0.199,0.7432,0.6671,0.6614,0.6743,0.3013,0.3654,0.635,2025,3,86,0.4698,0.22,19,19.0,2,1
CZ-010,retablo,-11.947455,-77.051239,12624,0.4796,0.199,0.7432,0.6671,0.6614,0.6743,0.3013,0.3654,0.635,2025,4,87,0.54,0.1905,14,19.0,0,1
CZ-010,retablo,-11.947455,-77.051239,12624,0.4796,0.199,0.7432,0.6671,0.6614,0.6743,0.3013,0.3654,0.635,2025,5,88,0.5252,0.11,18,17.0,-6,1
CZ-010,retablo,-11.947455,-77.051239,12624,0.4796,0.199,0.7432,0.6671,0.6614,0.6743,0.3013,0.3654,0.635,2025,6,89,0.4576,0.0,16,16.0,-3,1
CZ-010,retablo,-11.947455,-77.051239,12624,0.4796,0.199,0.7432,0.6671,0.6614,0.6743,0.3013,0.3654,0.635,2025,7,90,0.5437,0.07,10,14.667,-4,1
CZ-010,retablo,-11.947455,-77.051239,12624,0.4796,0.199,0.7432,0.6671,0.6614,0.6743,0.3013,0.3654,0.635,2025,8,91,0.442,-0.1905,12,12.667,-6,1
CZ-010,retablo,-11.947455,-77.051239,12624,0.4796,0.199,0.7432,0.6671,0.6614,0.6743,0.3013,0.3654,0.635,2025,9,92,0.4507,-0.22,10,10.667,-6,1
CZ-010,retablo,-11.947455,-77.051239,12624,0.4796,0.199,0.7432,0.6671,0.6614,0.6743,0.3013,0.3654,0.635,2025,10,93,0.4546,-0.1905,18,13.333,8,1
CZ-010,retablo,-11.947455,-77.051239,12624,0.4796,0.199,0.7432,0.6671,0.6614,0.6743,0.3013,0.3654,0.635,2025,11,94,0.5272,-0.11,13,13.667,1,1
CZ-011,la_libertad,-11.960627,-77.030209,17760,0.6469,0.2849,0.5245,0.5577,0.6251,0.5484,0.1027,0.339,0.7952,2018,5,4,0.4736,0.11,7,6.333,0,0
CZ-011,la_libertad,-11.960627,-77.030209,17760,0.6469,0.2849,0.5245,0.5577,0.6251,0.5484,0.1027,0.339,0.7952,2018,6,5,0.4795,0.0,7,7.0,2,0
CZ-011,la_libertad,-11.960627,-77.030209,17760,0.6469,0.2849,0.5245,0.5577,0.6251,0.5484,0.1027,0.339,0.7952,2018,7,6,0.5035,0.07,8,7.333,1,0
CZ-011,la_libertad,-11.960627,-77.030209,17760,0.6469,0.2849,0.5245,0.5577,0.6251,0.5484,0.1027,0.339,0.7952,2018,8,7,0.4731,-0.1905,2,5.667,-5,0
CZ-011,la_libertad,-11.960627,-77.030209,17760,0.6469,0.2849,0.5245,0.5577,0.6251,0.5484,0.1027,0.339,0.7952,2018,9,8,0.4653,-0.22,6,5.333,-1,0
CZ-011,la_libertad,-11.960627,-77.030209,17760,0.6469,0.2849,0.5245,0.5577,0.6251,0.5484,0.1027,0.339,0.7952,2018,10,9,0.4181,-0.1905,8,5.333,0,0
CZ-011,la_libertad,-11.960627,-77.030209,17760,0.6469,0.2849,0.5245,0.5577,0.6251,0.5484,0.1027,0.339,0.7952,2018,11,10,0.4239,-0.11,1,5.0,-1,0
CZ-011,la_libertad,-11.960627,-77.030209,17760,0.6469,0.2849,0.5245,0.5577,0.6251,0.5484,0.1027,0.339,0.7952,2018,12,11,0.5119,0.18,4,4.333,-2,1
CZ-011,la_libertad,-11.960627,-77.030209,17760,0.6469,0.2849,0.5245,0.5577,0.6251,0.5484,0.1027,0.339,0.7952,2019,1,12,0.399,0.11,7,4.0,-1,0
CZ-011,la_libertad,-11.960627,-77.030209,17760,0.6469,0.2849,0.5245,0.5577,0.6251,0.5484,0.1027,0.339,0.7952,2019,2,13,0.4491,0.1905,10,7.0,9,0
CZ-011,la_libertad,-11.960627,-77.030209,17760,0.6469,0.2849,0.5245,0.5577,0.6251,0.5484,0.1027,0.339,0.7952,2019,3,14,0.5307,0.22,4,7.0,0,0
CZ-011,la_libertad,-11.960627,-77.030209,17760,0.6469,0.2849,0.5245,0.5577,0.6251,0.5484,0.1027,0.339,0.7952,2019,4,15,0.353,0.1905,7,7.0,0,1
CZ-011,la_libertad,-11.960627,-77.030209,17760,0.6469,0.2849,0.5245,0.5577,0.6251,0.5484,0.1027,0.339,0.7952,2019,5,16,0.5144,0.11,3,4.667,-7,0
CZ-011,la_libertad,-11.960627,-77.030209,17760,0.6469,0.2849,0.5245,0.5577,0.6251,0.5484,0.1027,0.339,0.7952,2019,6,17,0.4256,0.0,9,6.333,5,1
CZ-011,la_libertad,-11.960627,-77.030209,17760,0.6469,0.2849,0.5245,0.5577,0.6251,0.5484,0.1027,0.339,0.7952,2019,7,18,0.5298,0.07,2,4.667,-5,0
CZ-011,la_libertad,-11.960627,-77.030209,17760,0.6469,0.2849,0.5245,0.5577,0.6251,0.5484,0.1027,0.339,0.7952,2019,8,19,0.3523,-0.1905,10,7.0,7,0
CZ-011,la_libertad,-11.960627,-77.030209,17760,0.6469,0.2849,0.5245,0.5577,0.6251,0.5484,0.1027,0.339,0.7952,2019,9,20,0.4498,-0.22,3,5.0,-6,0
CZ-011,la_libertad,-11.960627,-77.030209,17760,0.6469,0.2849,0.5245,0.5577,0.6251,0.5484,0.1027,0.339,0.7952,2019,10,21,0.3841,-0.1905,6,6.333,4,0
CZ-011,la_libertad,-11.960627,-77.030209,17760,0.6469,0.2849,0.5245,0.5577,0.6251,0.5484,0.1027,0.339,0.7952,2019,11,22,0.3788,-0.11,2,3.667,-8,1
CZ-011,la_libertad,-11.960627,-77.030209,17760,0.6469,0.2849,0.5245,0.5577,0.6251,0.5484,0.1027,0.339,0.7952,2019,12,23,0.6032,0.18,6,4.667,3,1
CZ-011,la_libertad,-11.960627,-77.030209,17760,0.6469,0.2849,0.5245,0.5577,0.6251,0.5484,0.1027,0.339,0.7952,2020,1,24,0.4733,0.11,19,9.0,13,0
CZ-011,la_libertad,-11.960627,-77.030209,17760,0.6469,0.2849,0.5245,0.5577,0.6251,0.5484,0.1027,0.339,0.7952,2020,2,25,0.4514,0.1905,13,12.667,11,0
CZ-011,la_libertad,-11.960627,-77.030209,17760,0.6469,0.2849,0.5245,0.5577,0.6251,0.5484,0.1027,0.339,0.7952,2020,3,26,0.4564,0.22,7,13.0,1,0
CZ-011,la_libertad,-11.960627,-77.030209,17760,0.6469,0.2849,0.5245,0.5577,0.6251,0.5484,0.1027,0.339,0.7952,2020,4,27,0.329,0.1905,2,7.333,-17,0
CZ-011,la_libertad,-11.960627,-77.030209,17760,0.6469,0.2849,0.5245,0.5577,0.6251,0.5484,0.1027,0.339,0.7952,2020,5,28,0.4634,0.11,8,5.667,-5,1
CZ-011,la_libertad,-11.960627,-77.030209,17760,0.6469,0.2849,0.5245,0.5577,0.6251,0.5484,0.1027,0.339,0.7952,2020,6,29,0.4879,0.0,6,5.333,-1,1
CZ-011,la_libertad,-11.960627,-77.030209,17760,0.6469,0.2849,0.5245,0.5577,0.6251,0.5484,0.1027,0.339,0.7952,2020,7,30,0.4972,0.07,10,8.0,8,0
CZ-011,la_libertad,-11.960627,-77.030209,17760,0.6469,0.2849,0.5245,0.5577,0.6251,0.5484,0.1027,0.339,0.7952,2020,8,31,0.3793,-0.1905,9,8.333,1,0
CZ-011,la_libertad,-11.960627,-77.030209,17760,0.6469,0.2849,0.5245,0.5577,0.6251,0.5484,0.1027,0.339,0.7952,2020,9,32,0.3564,-0.22,7,8.667,1,0
CZ-011,la_libertad,-11.960627,-77.030209,17760,0.6469,0.2849,0.5245,0.5577,0.6251,0.5484,0.1027,0.339,0.7952,2020,10,33,0.4154,-0.1905,3,6.333,-7,0
CZ-011,la_libertad,-11.960627,-77.030209,17760,0.6469,0.2849,0.5245,0.5577,0.6251,0.5484,0.1027,0.339,0.7952,2020,11,34,0.4944,-0.11,5,5.0,-4,0
CZ-011,la_libertad,-11.960627,-77.030209,17760,0.6469,0.2849,0.5245,0.5577,0.6251,0.5484,0.1027,0.339,0.7952,2020,12,35,0.4507,0.18,7,5.0,0,0
CZ-011,la_libertad,-11.960627,-77.030209,17760,0.6469,0.2849,0.5245,0.5577,0.6251,0.5484,0.1027,0.339,0.7952,2021,1,36,0.4756,0.11,7,6.333,4,0
CZ-011,la_libertad,-11.960627,-77.030209,17760,0.6469,0.2849,0.5245,0.5577,0.6251,0.5484,0.1027,0.339,0.7952,2021,2,37,0.3808,0.1905,8,7.333,3,1
CZ-011,la_libertad,-11.960627,-77.030209,17760,0.6469,0.2849,0.5245,0.5577,0.6251,0.5484,0.1027,0.339,0.7952,2021,3,38,0.4838,0.22,8,7.667,1,0
CZ-011,la_libertad,-11.960627,-77.030209,17760,0.6469,0.2849,0.5245,0.5577,0.6251,0.5484,0.1027,0.339,0.7952,2021,4,39,0.4154,0.1905,11,9.0,4,0
CZ-011,la_libertad,-11.960627,-77.030209,17760,0.6469,0.2849,0.5245,0.5577,0.6251,0.5484,0.1027,0.339,0.7952,2021,5,40,0.3159,0.11,7,8.667,-1,0
CZ-011,la_libertad,-11.960627,-77.030209,17760,0.6469,0.2849,0.5245,0.5577,0.6251,0.5484,0.1027,0.339,0.7952,2021,6,41,0.5131,0.0,6,8.0,-2,1
CZ-011,la_libertad,-11.960627,-77.030209,17760,0.6469,0.2849,0.5245,0.5577,0.6251,0.5484,0.1027,0.339,0.7952,2021,7,42,0.503,0.07,5,6.0,-6,0
CZ-011,la_libertad,-11.960627,-77.030209,17760,0.6469,0.2849,0.5245,0.5577,0.6251,0.5484,0.1027,0.339,0.7952,2021,8,43,0.4452,-0.1905,9,6.667,2,0
CZ-011,la_libertad,-11.960627,-77.030209,17760,0.6469,0.2849,0.5245,0.5577,0.6251,0.5484,0.1027,0.339,0.7952,2021,9,44,0.4375,-0.22,8,7.333,2,0
CZ-011,la_libertad,-11.960627,-77.030209,17760,0.6469,0.2849,0.5245,0.5577,0.6251,0.5484,0.1027,0.339,0.7952,2021,10,45,0.3686,-0.1905,6,7.667,1,1
CZ-011,la_libertad,-11.960627,-77.030209,17760,0.6469,0.2849,0.5245,0.5577,0.6251,0.5484,0.1027,0.339,0.7952,2021,11,46,0.4376,-0.11,6,6.667,-3,1
CZ-011,la_libertad,-11.960627,-77.030209,17760,0.6469,0.2849,0.5245,0.5577,0.6251,0.5484,0.1027,0.339,0.7952,2021,12,47,0.5739,0.18,10,7.333,2,0
CZ-011,la_libertad,-11.960627,-77.030209,17760,0.6469,0.2849,0.5245,0.5577,0.6251,0.5484,0.1027,0.339,0.7952,2022,1,48,0.5072,0.11,9,8.333,3,1
CZ-011,la_libertad,-11.960627,-77.030209,17760,0.6469,0.2849,0.5245,0.5577,0.6251,0.5484,0.1027,0.339,0.7952,2022,2,49,0.4184,0.1905,8,9.0,2,0
CZ-011,la_libertad,-11.960627,-77.030209,17760,0.6469,0.2849,0.5245,0.5577,0.6251,0.5484,0.1027,0.339,0.7952,2022,3,50,0.4392,0.22,9,8.667,-1,0
CZ-011,la_libertad,-11.960627,-77.030209,17760,0.6469,0.2849,0.5245,0.5577,0.6251,0.5484,0.1027,0.339,0.7952,2022,4,51,0.3818,0.1905,7,8.0,-2,0
CZ-011,la_libertad,-11.960627,-77.030209,17760,0.6469,0.2849,0.5245,0.5577,0.6251,0.5484,0.1027,0.339,0.7952,2022,5,52,0.4725,0.11,4,6.667,-4,0
CZ-011,la_libertad,-11.960627,-77.030209,17760,0.6469,0.2849,0.5245,0.5577,0.6251,0.5484,0.1027,0.339,0.7952,2022,6,53,0.4224,0.0,8,6.333,-1,0
CZ-011,la_libertad,-11.960627,-77.030209,17760,0.6469,0.2849,0.5245,0.5577,0.6251,0.5484,0.1027,0.339,0.7952,2022,7,54,0.5012,0.07,5,5.667,-2,1
CZ-011,la_libertad,-11.960627,-77.030209,17760,0.6469,0.2849,0.5245,0.5577,0.6251,0.5484,0.1027,0.339,0.7952,2022,8,55,0.4177,-0.1905,8,7.0,4,0
CZ-011,la_libertad,-11.960627,-77.030209,17760,0.6469,0.2849,0.5245,0.5577,0.6251,0.5484,0.1027,0.339,0.7952,2022,9,56,0.3805,-0.22,10,7.667,2,0
CZ-011,la_libertad,-11.960627,-77.030209,17760,0.6469,0.2849,0.5245,0.5577,0.6251,0.5484,0.1027,0.339,0.7952,2022,10,57,0.4783,-0.1905,6,8.0,1,0
CZ-011,la_libertad,-11.960627,-77.030209,17760,0.6469,0.2849,0.5245,0.5577,0.6251,0.5484,0.1027,0.339,0.7952,2022,11,58,0.4446,-0.11,8,8.0,0,1
CZ-011,la_libertad,-11.960627,-77.030209,17760,0.6469,0.2849,0.5245,0.5577,0.6251,0.5484,0.1027,0.339,0.7952,2022,12,59,0.5145,0.18,5,6.333,-5,1
CZ-011,la_libertad,-11.960627,-77.030209,17760,0.6469,0.2849,0.5245,0.5577,0.6251,0.5484,0.1027,0.339,0.7952,2023,1,60,0.4615,0.11,9,7.333,3,1
CZ-011,la_libertad,-11.960627,-77.030209,17760,0.6469,0.2849,0.5245,0.5577,0.6251,0.5484,0.1027,0.339,0.7952,2023,2,61,0.4736,0.1905,10,8.0,2,0
CZ-011,la_libertad,-11.960627,-77.030209,17760,0.6469,0.2849,0.5245,0.5577,0.6251,0.5484,0.1027,0.339,0.7952,2023,3,62,0.4426,0.22,10,9.667,5,1
CZ-011,la_libertad,-11.960627,-77.030209,17760,0.6469,0.2849,0.5245,0.5577,0.6251,0.5484,0.1027,0.339,0.7952,2023,4,63,0.4364,0.1905,6,8.667,-3,0
CZ-011,la_libertad,-11.960627,-77.030209,17760,0.6469,0.2849,0.5245,0.5577,0.6251,0.5484,0.1027,0.339,0.7952,2023,5,64,0.4944,0.11,20,12.0,10,1
CZ-011,la_libertad,-11.960627,-77.030209,17760,0.6469,0.2849,0.5245,0.5577,0.6251,0.5484,0.1027,0.339,0.7952,2023,6,65,0.4695,0.0,7,11.0,-3,1
CZ-011,la_libertad,-11.960627,-77.030209,17760,0.6469,0.2849,0.5245,0.5577,0.6251,0.5484,0.1027,0.339,0.7952,2023,7,66,0.5757,0.07,9,12.0,3,0
CZ-011,la_libertad,-11.960627,-77.030209,17760,0.6469,0.2849,0.5245,0.5577,0.6251,0.5484,0.1027,0.339,0.7952,2023,8,67,0.5055,-0.1905,11,9.0,-9,0
CZ-011,la_libertad,-11.960627,-77.030209,17760,0.6469,0.2849,0.5245,0.5577,0.6251,0.5484,0.1027,0.339,0.7952,2023,9,68,0.3266,-0.22,5,8.333,-2,1
CZ-011,la_libertad,-11.960627,-77.030209,17760,0.6469,0.2849,0.5245,0.5577,0.6251,0.5484,0.1027,0.339,0.7952,2023,10,69,0.371,-0.1905,5,7.0,-4,0
CZ-011,la_libertad,-11.960627,-77.030209,17760,0.6469,0.2849,0.5245,0.5577,0.6251,0.5484,0.1027,0.339,0.7952,2023,11,70,0.3845,-0.11,14,8.0,3,1
CZ-011,la_libertad,-11.960627,-77.030209,17760,0.6469,0.2849,0.5245,0.5577,0.6251,0.5484,0.1027,0.339,0.7952,2023,12,71,0.5255,0.18,8,9.0,3,0
CZ-011,la_libertad,-11.960627,-77.030209,17760,0.6469,0.2849,0.5245,0.5577,0.6251,0.5484,0.1027,0.339,0.7952,2024,1,72,0.4838,0.11,11,11.0,6,1
CZ-011,la_libertad,-11.960627,-77.030209,17760,0.6469,0.2849,0.5245,0.5577,0.6251,0.5484,0.1027,0.339,0.7952,2024,2,73,0.477,0.1905,8,9.0,-6,0
CZ-011,la_libertad,-11.960627,-77.030209,17760,0.6469,0.2849,0.5245,0.5577,0.6251,0.5484,0.1027,0.339,0.7952,2024,3,74,0.5284,0.22,17,12.0,9,0
CZ-011,la_libertad,-11.960627,-77.030209,17760,0.6469,0.2849,0.5245,0.5577,0.6251,0.5484,0.1027,0.339,0.7952,2024,4,75,0.4857,0.1905,6,10.333,-5,1
CZ-011,la_libertad,-11.960627,-77.030209,17760,0.6469,0.2849,0.5245,0.5577,0.6251,0.5484,0.1027,0.339,0.7952,2024,5,76,0.4087,0.11,5,9.333,-3,1
CZ-011,la_libertad,-11.960627,-77.030209,17760,0.6469,0.2849,0.5245,0.5577,0.6251,0.5484,0.1027,0.339,0.7952,2024,6,77,0.422,0.0,9,6.667,-8,1
CZ-011,la_libertad,-11.960627,-77.030209,17760,0.6469,0.2849,0.5245,0.5577,0.6251,0.5484,0.1027,0.339,0.7952,2024,7,78,0.4869,0.07,10,8.0,4,0
CZ-011,la_libertad,-11.960627,-77.030209,17760,0.6469,0.2849,0.5245,0.5577,0.6251,0.5484,0.1027,0.339,0.7952,2024,8,79,0.4387,-0.1905,15,11.333,10,1
CZ-011,la_libertad,-11.960627,-77.030209,17760,0.6469,0.2849,0.5245,0.5577,0.6251,0.5484,0.1027,0.339,0.7952,2024,9,80,0.4618,-0.22,7,10.667,-2,0
CZ-011,la_libertad,-11.960627,-77.030209,17760,0.6469,0.2849,0.5245,0.5577,0.6251,0.5484,0.1027,0.339,0.7952,2024,10,81,0.3992,-0.1905,10,10.667,0,1
CZ-011,la_libertad,-11.960627,-77.030209,17760,0.6469,0.2849,0.5245,0.5577,0.6251,0.5484,0.1027,0.339,0.7952,2024,11,82,0.4393,-0.11,8,8.333,-7,1
CZ-011,la_libertad,-11.960627,-77.030209,17760,0.6469,0.2849,0.5245,0.5577,0.6251,0.5484,0.1027,0.339,0.7952,2024,12,83,0.5225,0.18,10,9.333,3,1
CZ-011,la_libertad,-11.960627,-77.030209,17760,0.6469,0.2849,0.5245,0.5577,0.6251,0.5484,0.1027,0.339,0.7952,2025,1,84,0.4529,0.11,11,9.667,1,1
CZ-011,la_libertad,-11.960627,-77.030209,17760,0.6469,0.2849,0.5245,0.5577,0.6251,0.5484,0.1027,0.339,0.7952,2025,2,85,0.4617,0.1905,16,12.333,8,1
CZ-011,la_libertad,-11.960627,-77.030209,17760,0.6469,0.2849,0.5245,0.5577,0.6251,0.5484,0.1027,0.339,0.7952,2025,3,86,0.4206,0.22,12,13.0,2,1
CZ-011,la_libertad,-11.960627,-77.030209,17760,0.6469,0.2849,0.5245,0.5577,0.6251,0.5484,0.1027,0.339,0.7952,2025,4,87,0.4672,0.1905,16,14.667,5,1
CZ-011,la_libertad,-11.960627,-77.030209,17760,0.6469,0.2849,0.5245,0.5577,0.6251,0.5484,0.1027,0.339,0.7952,2025,5,88,0.5077,0.11,17,15.0,1,1
CZ-011,la_libertad,-11.960627,-77.030209,17760,0.6469,0.2849,0.5245,0.5577,0.6251,0.5484,0.1027,0.339,0.7952,2025,6,89,0.4556,0.0,10,14.333,-2,1
CZ-011,la_libertad,-11.960627,-77.030209,17760,0.6469,0.2849,0.5245,0.5577,0.6251,0.5484,0.1027,0.339,0.7952,2025,7,90,0.4872,0.07,13,13.333,-3,0
CZ-011,la_libertad,-11.960627,-77.030209,17760,0.6469,0.2849,0.5245,0.5577,0.6251,0.5484,0.1027,0.339,0.7952,2025,8,91,0.4832,-0.1905,14,12.333,-3,1
CZ-011,la_libertad,-11.960627,-77.030209,17760,0.6469,0.2849,0.5245,0.5577,0.6251,0.5484,0.1027,0.339,0.7952,2025,9,92,0.4729,-0.22,8,11.667,-2,0
CZ-011,la_libertad,-11.960627,-77.030209,17760,0.6469,0.2849,0.5245,0.5577,0.6251,0.5484,0.1027,0.339,0.7952,2025,10,93,0.4198,-0.1905,10,10.667,-3,1
CZ-011,la_libertad,-11.960627,-77.030209,17760,0.6469,0.2849,0.5245,0.5577,0.6251,0.5484,0.1027,0.339,0.7952,2025,11,94,0.4736,-0.11,7,8.333,-7,1
CZ-012,zonal_14,-11.943896,-77.079209,15192,0.607,0.2653,0.6572,0.7406,0.4316,0.7065,0.2394,0.2409,0.3515,2018,5,4,0.5295,0.11,11,10.667,1,1
CZ-012,zonal_14,-11.943896,-77.079209,15192,0.607,0.2653,0.6572,0.7406,0.4316,0.7065,0.2394,0.2409,0.3515,2018,6,5,0.4576,0.0,8,10.0,-2,1
CZ-012,zonal_14,-11.943896,-77.079209,15192,0.607,0.2653,0.6572,0.7406,0.4316,0.7065,0.2394,0.2409,0.3515,2018,7,6,0.6094,0.07,9,9.333,-2,0
CZ-012,zonal_14,-11.943896,-77.079209,15192,0.607,0.2653,0.6572,0.7406,0.4316,0.7065,0.2394,0.2409,0.3515,2018,8,7,0.4827,-0.1905,19,12.0,8,1
CZ-012,zonal_14,-11.943896,-77.079209,15192,0.607,0.2653,0.6572,0.7406,0.4316,0.7065,0.2394,0.2409,0.3515,2018,9,8,0.5666,-0.22,4,10.667,-4,0
CZ-012,zonal_14,-11.943896,-77.079209,15192,0.607,0.2653,0.6572,0.7406,0.4316,0.7065,0.2394,0.2409,0.3515,2018,10,9,0.4519,-0.1905,11,11.333,2,1
CZ-012,zonal_14,-11.943896,-77.079209,15192,0.607,0.2653,0.6572,0.7406,0.4316,0.7065,0.2394,0.2409,0.3515,2018,11,10,0.5239,-0.11,7,7.333,-12,1
CZ-012,zonal_14,-11.943896,-77.079209,15192,0.607,0.2653,0.6572,0.7406,0.4316,0.7065,0.2394,0.2409,0.3515,2018,12,11,0.5096,0.18,10,9.333,6,0
CZ-012,zonal_14,-11.943896,-77.079209,15192,0.607,0.2653,0.6572,0.7406,0.4316,0.7065,0.2394,0.2409,0.3515,2019,1,12,0.4252,0.11,9,8.667,-2,1
CZ-012,zonal_14,-11.943896,-77.079209,15192,0.607,0.2653,0.6572,0.7406,0.4316,0.7065,0.2394,0.2409,0.3515,2019,2,13,0.5532,0.1905,7,8.667,0,1
CZ-012,zonal_14,-11.943896,-77.079209,15192,0.607,0.2653,0.6572,0.7406,0.4316,0.7065,0.2394,0.2409,0.3515,2019,3,14,0.5016,0.22,9,8.333,-1,1
CZ-012,zonal_14,-11.943896,-77.079209,15192,0.607,0.2653,0.6572,0.7406,0.4316,0.7065,0.2394,0.2409,0.3515,2019,4,15,0.4716,0.1905,12,9.333,3,1
CZ-012,zonal_14,-11.943896,-77.079209,15192,0.607,0.2653,0.6572,0.7406,0.4316,0.7065,0.2394,0.2409,0.3515,2019,5,16,0.4999,0.11,15,12.0,8,1
CZ-012,zonal_14,-11.943896,-77.079209,15192,0.607,0.2653,0.6572,0.7406,0.4316,0.7065,0.2394,0.2409,0.3515,2019,6,17,0.4268,0.0,9,12.0,0,1
CZ-012,zonal_14,-11.943896,-77.079209,15192,0.607,0.2653,0.6572,0.7406,0.4316,0.7065,0.2394,0.2409,0.3515,2019,7,18,0.5595,0.07,13,12.333,1,0
CZ-012,zonal_14,-11.943896,-77.079209,15192,0.607,0.2653,0.6572,0.7406,0.4316,0.7065,0.2394,0.2409,0.3515,2019,8,19,0.513,-0.1905,12,11.333,-3,1
CZ-012,zonal_14,-11.943896,-77.079209,15192,0.607,0.2653,0.6572,0.7406,0.4316,0.7065,0.2394,0.2409,0.3515,2019,9,20,0.4726,-0.22,8,11.0,-1,1
CZ-012,zonal_14,-11.943896,-77.079209,15192,0.607,0.2653,0.6572,0.7406,0.4316,0.7065,0.2394,0.2409,0.3515,2019,10,21,0.4715,-0.1905,9,9.667,-4,1
CZ-012,zonal_14,-11.943896,-77.079209,15192,0.607,0.2653,0.6572,0.7406,0.4316,0.7065,0.2394,0.2409,0.3515,2019,11,22,0.4961,-0.11,14,10.333,2,1
CZ-012,zonal_14,-11.943896,-77.079209,15192,0.607,0.2653,0.6572,0.7406,0.4316,0.7065,0.2394,0.2409,0.3515,2019,12,23,0.5168,0.18,11,11.333,3,1
CZ-012,zonal_14,-11.943896,-77.079209,15192,0.607,0.2653,0.6572,0.7406,0.4316,0.7065,0.2394,0.2409,0.3515,2020,1,24,0.4215,0.11,18,14.333,9,1
CZ-012,zonal_14,-11.943896,-77.079209,15192,0.607,0.2653,0.6572,0.7406,0.4316,0.7065,0.2394,0.2409,0.3515,2020,2,25,0.5412,0.1905,17,15.333,3,1
CZ-012,zonal_14,-11.943896,-77.079209,15192,0.607,0.2653,0.6572,0.7406,0.4316,0.7065,0.2394,0.2409,0.3515,2020,3,26,0.5073,0.22,14,16.333,3,1
CZ-012,zonal_14,-11.943896,-77.079209,15192,0.607,0.2653,0.6572,0.7406,0.4316,0.7065,0.2394,0.2409,0.3515,2020,4,27,0.504,0.1905,13,14.667,-5,1
CZ-012,zonal_14,-11.943896,-77.079209,15192,0.607,0.2653,0.6572,0.7406,0.4316,0.7065,0.2394,0.2409,0.3515,2020,5,28,0.4325,0.11,19,15.333,2,1
CZ-012,zonal_14,-11.943896,-77.079209,15192,0.607,0.2653,0.6572,0.7406,0.4316,0.7065,0.2394,0.2409,0.3515,2020,6,29,0.4567,0.0,11,14.333,-3,1
CZ-012,zonal_14,-11.943896,-77.079209,15192,0.607,0.2653,0.6572,0.7406,0.4316,0.7065,0.2394,0.2409,0.3515,2020,7,30,0.5803,0.07,13,14.333,0,1
CZ-012,zonal_14,-11.943896,-77.079209,15192,0.607,0.2653,0.6572,0.7406,0.4316,0.7065,0.2394,0.2409,0.3515,2020,8,31,0.4629,-0.1905,16,13.333,-3,0
CZ-012,zonal_14,-11.943896,-77.079209,15192,0.607,0.2653,0.6572,0.7406,0.4316,0.7065,0.2394,0.2409,0.3515,2020,9,32,0.4889,-0.22,9,12.667,-2,1
CZ-012,zonal_14,-11.943896,-77.079209,15192,0.607,0.2653,0.6572,0.7406,0.4316,0.7065,0.2394,0.2409,0.3515,2020,10,33,0.5433,-0.1905,7,10.667,-6,1
CZ-012,zonal_14,-11.943896,-77.079209,15192,0.607,0.2653,0.6572,0.7406,0.4316,0.7065,0.2394,0.2409,0.3515,2020,11,34,0.5064,-0.11,15,10.333,-1,1
CZ-012,zonal_14,-11.943896,-77.079209,15192,0.607,0.2653,0.6572,0.7406,0.4316,0.7065,0.2394,0.2409,0.3515,2020,12,35,0.5714,0.18,17,13.0,8,1
CZ-012,zonal_14,-11.943896,-77.079209,15192,0.607,0.2653,0.6572,0.7406,0.4316,0.7065,0.2394,0.2409,0.3515,2021,1,36,0.4754,0.11,20,17.333,13,1
CZ-012,zonal_14,-11.943896,-77.079209,15192,0.607,0.2653,0.6572,0.7406,0.4316,0.7065,0.2394,0.2409,0.3515,2021,2,37,0.4907,0.1905,12,16.333,-3,1
CZ-012,zonal_14,-11.943896,-77.079209,15192,0.607,0.2653,0.6572,0.7406,0.4316,0.7065,0.2394,0.2409,0.3515,2021,3,38,0.4606,0.22,13,15.0,-4,1
CZ-012,zonal_14,-11.943896,-77.079209,15192,0.607,0.2653,0.6572,0.7406,0.4316,0.7065,0.2394,0.2409,0.3515,2021,4,39,0.5007,0.1905,14,13.0,-6,1
CZ-012,zonal_14,-11.943896,-77.079209,15192,0.607,0.2653,0.6572,0.7406,0.4316,0.7065,0.2394,0.2409,0.3515,2021,5,40,0.5343,0.11,12,13.0,0,1
CZ-012,zonal_14,-11.943896,-77.079209,15192,0.607,0.2653,0.6572,0.7406,0.4316,0.7065,0.2394,0.2409,0.3515,2021,6,41,0.462,0.0,12,12.667,-1,1
CZ-012,zonal_14,-11.943896,-77.079209,15192,0.607,0.2653,0.6572,0.7406,0.4316,0.7065,0.2394,0.2409,0.3515,2021,7,42,0.5779,0.07,9,11.0,-5,1
CZ-012,zonal_14,-11.943896,-77.079209,15192,0.607,0.2653,0.6572,0.7406,0.4316,0.7065,0.2394,0.2409,0.3515,2021,8,43,0.5198,-0.1905,22,14.333,10,1
CZ-012,zonal_14,-11.943896,-77.079209,15192,0.607,0.2653,0.6572,0.7406,0.4316,0.7065,0.2394,0.2409,0.3515,2021,9,44,0.4452,-0.22,13,14.667,1,1
CZ-012,zonal_14,-11.943896,-77.079209,15192,0.607,0.2653,0.6572,0.7406,0.4316,0.7065,0.2394,0.2409,0.3515,2021,10,45,0.556,-0.1905,9,14.667,0,1
CZ-012,zonal_14,-11.943896,-77.079209,15192,0.607,0.2653,0.6572,0.7406,0.4316,0.7065,0.2394,0.2409,0.3515,2021,11,46,0.5081,-0.11,11,11.0,-11,1
CZ-012,zonal_14,-11.943896,-77.079209,15192,0.607,0.2653,0.6572,0.7406,0.4316,0.7065,0.2394,0.2409,0.3515,2021,12,47,0.5444,0.18,12,10.667,-1,1
CZ-012,zonal_14,-11.943896,-77.079209,15192,0.607,0.2653,0.6572,0.7406,0.4316,0.7065,0.2394,0.2409,0.3515,2022,1,48,0.5333,0.11,20,14.333,11,1
CZ-012,zonal_14,-11.943896,-77.079209,15192,0.607,0.2653,0.6572,0.7406,0.4316,0.7065,0.2394,0.2409,0.3515,2022,2,49,0.4935,0.1905,17,16.333,6,1
CZ-012,zonal_14,-11.943896,-77.079209,15192,0.607,0.2653,0.6572,0.7406,0.4316,0.7065,0.2394,0.2409,0.3515,2022,3,50,0.4524,0.22,21,19.333,9,1
CZ-012,zonal_14,-11.943896,-77.079209,15192,0.607,0.2653,0.6572,0.7406,0.4316,0.7065,0.2394,0.2409,0.3515,2022,4,51,0.4374,0.1905,15,17.667,-5,1
CZ-012,zonal_14,-11.943896,-77.079209,15192,0.607,0.2653,0.6572,0.7406,0.4316,0.7065,0.2394,0.2409,0.3515,2022,5,52,0.5017,0.11,11,15.667,-6,1
CZ-012,zonal_14,-11.943896,-77.079209,15192,0.607,0.2653,0.6572,0.7406,0.4316,0.7065,0.2394,0.2409,0.3515,2022,6,53,0.5042,0.0,17,14.333,-4,1
CZ-012,zonal_14,-11.943896,-77.079209,15192,0.607,0.2653,0.6572,0.7406,0.4316,0.7065,0.2394,0.2409,0.3515,2022,7,54,0.465,0.07,13,13.667,-2,0
CZ-012,zonal_14,-11.943896,-77.079209,15192,0.607,0.2653,0.6572,0.7406,0.4316,0.7065,0.2394,0.2409,0.3515,2022,8,55,0.4668,-0.1905,18,16.0,7,1
CZ-012,zonal_14,-11.943896,-77.079209,15192,0.607,0.2653,0.6572,0.7406,0.4316,0.7065,0.2394,0.2409,0.3515,2022,9,56,0.5209,-0.22,3,11.333,-14,1
CZ-012,zonal_14,-11.943896,-77.079209,15192,0.607,0.2653,0.6572,0.7406,0.4316,0.7065,0.2394,0.2409,0.3515,2022,10,57,0.5896,-0.1905,14,11.667,1,1
CZ-012,zonal_14,-11.943896,-77.079209,15192,0.607,0.2653,0.6572,0.7406,0.4316,0.7065,0.2394,0.2409,0.3515,2022,11,58,0.4735,-0.11,20,12.333,2,1
CZ-012,zonal_14,-11.943896,-77.079209,15192,0.607,0.2653,0.6572,0.7406,0.4316,0.7065,0.2394,0.2409,0.3515,2022,12,59,0.4801,0.18,9,14.333,6,1
CZ-012,zonal_14,-11.943896,-77.079209,15192,0.607,0.2653,0.6572,0.7406,0.4316,0.7065,0.2394,0.2409,0.3515,2023,1,60,0.4484,0.11,17,15.333,3,1
CZ-012,zonal_14,-11.943896,-77.079209,15192,0.607,0.2653,0.6572,0.7406,0.4316,0.7065,0.2394,0.2409,0.3515,2023,2,61,0.3976,0.1905,19,15.0,-1,1
CZ-012,zonal_14,-11.943896,-77.079209,15192,0.607,0.2653,0.6572,0.7406,0.4316,0.7065,0.2394,0.2409,0.3515,2023,3,62,0.4064,0.22,19,18.333,10,1
CZ-012,zonal_14,-11.943896,-77.079209,15192,0.607,0.2653,0.6572,0.7406,0.4316,0.7065,0.2394,0.2409,0.3515,2023,4,63,0.5196,0.1905,21,19.667,4,1
CZ-012,zonal_14,-11.943896,-77.079209,15192,0.607,0.2653,0.6572,0.7406,0.4316,0.7065,0.2394,0.2409,0.3515,2023,5,64,0.3583,0.11,21,20.333,2,1
CZ-012,zonal_14,-11.943896,-77.079209,15192,0.607,0.2653,0.6572,0.7406,0.4316,0.7065,0.2394,0.2409,0.3515,2023,6,65,0.4365,0.0,12,18.0,-7,1
CZ-012,zonal_14,-11.943896,-77.079209,15192,0.607,0.2653,0.6572,0.7406,0.4316,0.7065,0.2394,0.2409,0.3515,2023,7,66,0.532,0.07,20,17.667,-1,1
CZ-012,zonal_14,-11.943896,-77.079209,15192,0.607,0.2653,0.6572,0.7406,0.4316,0.7065,0.2394,0.2409,0.3515,2023,8,67,0.4493,-0.1905,20,17.333,-1,1
CZ-012,zonal_14,-11.943896,-77.079209,15192,0.607,0.2653,0.6572,0.7406,0.4316,0.7065,0.2394,0.2409,0.3515,2023,9,68,0.4289,-0.22,16,18.667,4,1
CZ-012,zonal_14,-11.943896,-77.079209,15192,0.607,0.2653,0.6572,0.7406,0.4316,0.7065,0.2394,0.2409,0.3515,2023,10,69,0.4841,-0.1905,12,16.0,-8,1
CZ-012,zonal_14,-11.943896,-77.079209,15192,0.607,0.2653,0.6572,0.7406,0.4316,0.7065,0.2394,0.2409,0.3515,2023,11,70,0.5237,-0.11,14,14.0,-6,1
CZ-012,zonal_14,-11.943896,-77.079209,15192,0.607,0.2653,0.6572,0.7406,0.4316,0.7065,0.2394,0.2409,0.3515,2023,12,71,0.5591,0.18,12,12.667,-4,1
CZ-012,zonal_14,-11.943896,-77.079209,15192,0.607,0.2653,0.6572,0.7406,0.4316,0.7065,0.2394,0.2409,0.3515,2024,1,72,0.4729,0.11,24,16.667,12,1
CZ-012,zonal_14,-11.943896,-77.079209,15192,0.607,0.2653,0.6572,0.7406,0.4316,0.7065,0.2394,0.2409,0.3515,2024,2,73,0.4671,0.1905,16,17.333,2,1
CZ-012,zonal_14,-11.943896,-77.079209,15192,0.607,0.2653,0.6572,0.7406,0.4316,0.7065,0.2394,0.2409,0.3515,2024,3,74,0.556,0.22,19,19.667,7,1
CZ-012,zonal_14,-11.943896,-77.079209,15192,0.607,0.2653,0.6572,0.7406,0.4316,0.7065,0.2394,0.2409,0.3515,2024,4,75,0.4597,0.1905,19,18.0,-5,1
CZ-012,zonal_14,-11.943896,-77.079209,15192,0.607,0.2653,0.6572,0.7406,0.4316,0.7065,0.2394,0.2409,0.3515,2024,5,76,0.4198,0.11,21,19.667,5,1
CZ-012,zonal_14,-11.943896,-77.079209,15192,0.607,0.2653,0.6572,0.7406,0.4316,0.7065,0.2394,0.2409,0.3515,2024,6,77,0.4441,0.0,16,18.667,-3,1
CZ-012,zonal_14,-11.943896,-77.079209,15192,0.607,0.2653,0.6572,0.7406,0.4316,0.7065,0.2394,0.2409,0.3515,2024,7,78,0.6157,0.07,18,18.333,-1,1
CZ-012,zonal_14,-11.943896,-77.079209,15192,0.607,0.2653,0.6572,0.7406,0.4316,0.7065,0.2394,0.2409,0.3515,2024,8,79,0.5093,-0.1905,21,18.333,0,0
CZ-012,zonal_14,-11.943896,-77.079209,15192,0.607,0.2653,0.6572,0.7406,0.4316,0.7065,0.2394,0.2409,0.3515,2024,9,80,0.4832,-0.22,9,16.0,-7,1
CZ-012,zonal_14,-11.943896,-77.079209,15192,0.607,0.2653,0.6572,0.7406,0.4316,0.7065,0.2394,0.2409,0.3515,2024,10,81,0.4733,-0.1905,6,12.0,-12,1
CZ-012,zonal_14,-11.943896,-77.079209,15192,0.607,0.2653,0.6572,0.7406,0.4316,0.7065,0.2394,0.2409,0.3515,2024,11,82,0.4391,-0.11,14,9.667,-7,1
CZ-012,zonal_14,-11.943896,-77.079209,15192,0.607,0.2653,0.6572,0.7406,0.4316,0.7065,0.2394,0.2409,0.3515,2024,12,83,0.5488,0.18,15,11.667,6,1
CZ-012,zonal_14,-11.943896,-77.079209,15192,0.607,0.2653,0.6572,0.7406,0.4316,0.7065,0.2394,0.2409,0.3515,2025,1,84,0.4921,0.11,18,15.667,12,1
CZ-012,zonal_14,-11.943896,-77.079209,15192,0.607,0.2653,0.6572,0.7406,0.4316,0.7065,0.2394,0.2409,0.3515,2025,2,85,0.5374,0.1905,25,19.333,11,1
CZ-012,zonal_14,-11.943896,-77.079209,15192,0.607,0.2653,0.6572,0.7406,0.4316,0.7065,0.2394,0.2409,0.3515,2025,3,86,0.48,0.22,21,21.333,6,1
CZ-012,zonal_14,-11.943896,-77.079209,15192,0.607,0.2653,0.6572,0.7406,0.4316,0.7065,0.2394,0.2409,0.3515,2025,4,87,0.5378,0.1905,23,23.0,5,1
CZ-012,zonal_14,-11.943896,-77.079209,15192,0.607,0.2653,0.6572,0.7406,0.4316,0.7065,0.2394,0.2409,0.3515,2025,5,88,0.4426,0.11,17,20.333,-8,1
CZ-012,zonal_14,-11.943896,-77.079209,15192,0.607,0.2653,0.6572,0.7406,0.4316,0.7065,0.2394,0.2409,0.3515,2025,6,89,0.4733,0.0,16,18.667,-5,1
CZ-012,zonal_14,-11.943896,-77.079209,15192,0.607,0.2653,0.6572,0.7406,0.4316,0.7065,0.2394,0.2409,0.3515,2025,7,90,0.6309,0.07,19,17.333,-4,1
CZ-012,zonal_14,-11.943896,-77.079209,15192,0.607,0.2653,0.6572,0.7406,0.4316,0.7065,0.2394,0.2409,0.3515,2025,8,91,0.5161,-0.1905,22,19.0,5,1
CZ-012,zonal_14,-11.943896,-77.079209,15192,0.607,0.2653,0.6572,0.7406,0.4316,0.7065,0.2394,0.2409,0.3515,2025,9,92,0.531,-0.22,13,18.0,-3,1
CZ-012,zonal_14,-11.943896,-77.079209,15192,0.607,0.2653,0.6572,0.7406,0.4316,0.7065,0.2394,0.2409,0.3515,2025,10,93,0.503,-0.1905,14,16.333,-5,1
CZ-012,zonal_14,-11.943896,-77.079209,15192,0.607,0.2653,0.6572,0.7406,0.4316,0.7065,0.2394,0.2409,0.3515,2025,11,94,0.5149,-0.11,12,13.0,-10,1
CZ-013,tahuantinsuyo,-11.94298,-77.050934,17175,0.6626,0.2975,0.6013,0.4792,0.4119,0.788,0.1893,0.2993,0.9204,2018,5,4,0.4872,0.11,4,6.0,0,0
CZ-013,tahuantinsuyo,-11.94298,-77.050934,17175,0.6626,0.2975,0.6013,0.4792,0.4119,0.788,0.1893,0.2993,0.9204,2018,6,5,0.5387,0.0,4,4.0,-6,0
CZ-013,tahuantinsuyo,-11.94298,-77.050934,17175,0.6626,0.2975,0.6013,0.4792,0.4119,0.788,0.1893,0.2993,0.9204,2018,7,6,0.5066,0.07,2,3.333,-2,0
CZ-013,tahuantinsuyo,-11.94298,-77.050934,17175,0.6626,0.2975,0.6013,0.4792,0.4119,0.788,0.1893,0.2993,0.9204,2018,8,7,0.4484,-0.1905,5,3.667,1,0
CZ-013,tahuantinsuyo,-11.94298,-77.050934,17175,0.6626,0.2975,0.6013,0.4792,0.4119,0.788,0.1893,0.2993,0.9204,2018,9,8,0.4483,-0.22,1,2.667,-3,0
CZ-013,tahuantinsuyo,-11.94298,-77.050934,17175,0.6626,0.2975,0.6013,0.4792,0.4119,0.788,0.1893,0.2993,0.9204,2018,10,9,0.4645,-0.1905,3,3.0,1,0
CZ-013,tahuantinsuyo,-11.94298,-77.050934,17175,0.6626,0.2975,0.6013,0.4792,0.4119,0.788,0.1893,0.2993,0.9204,2018,11,10,0.5419,-0.11,5,3.0,0,0
CZ-013,tahuantinsuyo,-11.94298,-77.050934,17175,0.6626,0.2975,0.6013,0.4792,0.4119,0.788,0.1893,0.2993,0.9204,2018,12,11,0.5588,0.18,6,4.667,5,1
CZ-013,tahuantinsuyo,-11.94298,-77.050934,17175,0.6626,0.2975,0.6013,0.4792,0.4119,0.788,0.1893,0.2993,0.9204,2019,1,12,0.5657,0.11,3,4.667,0,0
CZ-013,tahuantinsuyo,-11.94298,-77.050934,17175,0.6626,0.2975,0.6013,0.4792,0.4119,0.788,0.1893,0.2993,0.9204,2019,2,13,0.4747,0.1905,11,6.667,6,0
CZ-013,tahuantinsuyo,-11.94298,-77.050934,17175,0.6626,0.2975,0.6013,0.4792,0.4119,0.788,0.1893,0.2993,0.9204,2019,3,14,0.4467,0.22,4,6.0,-2,1
CZ-013,tahuantinsuyo,-11.94298,-77.050934,17175,0.6626,0.2975,0.6013,0.4792,0.4119,0.788,0.1893,0.2993,0.9204,2019,4,15,0.4195,0.1905,7,7.333,4,1
CZ-013,tahuantinsuyo,-11.94298,-77.050934,17175,0.6626,0.2975,0.6013,0.4792,0.4119,0.788,0.1893,0.2993,0.9204,2019,5,16,0.3742,0.11,9,6.667,-2,0
CZ-013,tahuantinsuyo,-11.94298,-77.050934,17175,0.6626,0.2975,0.6013,0.4792,0.4119,0.788,0.1893,0.2993,0.9204,2019,6,17,0.4286,0.0,9,8.333,5,0
CZ-013,tahuantinsuyo,-11.94298,-77.050934,17175,0.6626,0.2975,0.6013,0.4792,0.4119,0.788,0.1893,0.2993,0.9204,2019,7,18,0.5356,0.07,6,8.0,-1,1
CZ-013,tahuantinsuyo,-11.94298,-77.050934,17175,0.6626,0.2975,0.6013,0.4792,0.4119,0.788,0.1893,0.2993,0.9204,2019,8,19,0.5056,-0.1905,4,6.333,-5,0
CZ-013,tahuantinsuyo,-11.94298,-77.050934,17175,0.6626,0.2975,0.6013,0.4792,0.4119,0.788,0.1893,0.2993,0.9204,2019,9,20,0.2879,-0.22,14,8.0,5,0
CZ-013,tahuantinsuyo,-11.94298,-77.050934,17175,0.6626,0.2975,0.6013,0.4792,0.4119,0.788,0.1893,0.2993,0.9204,2019,10,21,0.5027,-0.1905,6,8.0,0,0
CZ-013,tahuantinsuyo,-11.94298,-77.050934,17175,0.6626,0.2975,0.6013,0.4792,0.4119,0.788,0.1893,0.2993,0.9204,2019,11,22,0.4734,-0.11,3,7.667,-1,1
CZ-013,tahuantinsuyo,-11.94298,-77.050934,17175,0.6626,0.2975,0.6013,0.4792,0.4119,0.788,0.1893,0.2993,0.9204,2019,12,23,0.5551,0.18,4,4.333,-10,0
CZ-013,tahuantinsuyo,-11.94298,-77.050934,17175,0.6626,0.2975,0.6013,0.4792,0.4119,0.788,0.1893,0.2993,0.9204,2020,1,24,0.4415,0.11,10,5.667,4,0
CZ-013,tahuantinsuyo,-11.94298,-77.050934,17175,0.6626,0.2975,0.6013,0.4792,0.4119,0.788,0.1893,0.2993,0.9204,2020,2,25,0.4078,0.1905,6,6.667,3,0
CZ-013,tahuantinsuyo,-11.94298,-77.050934,17175,0.6626,0.2975,0.6013,0.4792,0.4119,0.788,0.1893,0.2993,0.9204,2020,3,26,0.4737,0.22,4,6.667,0,0
CZ-013,tahuantinsuyo,-11.94298,-77.050934,17175,0.6626,0.2975,0.6013,0.4792,0.4119,0.788,0.1893,0.2993,0.9204,2020,4,27,0.4438,0.1905,5,5.0,-5,0
CZ-013,tahuantinsuyo,-11.94298,-77.050934,17175,0.6626,0.2975,0.6013,0.4792,0.4119,0.788,0.1893,0.2993,0.9204,2020,5,28,0.3218,0.11,7,5.333,1,0
CZ-013,tahuantinsuyo,-11.94298,-77.050934,17175,0.6626,0.2975,0.6013,0.4792,0.4119,0.788,0.1893,0.2993,0.9204,2020,6,29,0.4991,0.0,3,5.0,-1,0
CZ-013,tahuantinsuyo,-11.94298,-77.050934,17175,0.6626,0.2975,0.6013,0.4792,0.4119,0.788,0.1893,0.2993,0.9204,2020,7,30,0.5257,0.07,5,5.0,0,0
CZ-013,tahuantinsuyo,-11.94298,-77.050934,17175,0.6626,0.2975,0.6013,0.4792,0.4119,0.788,0.1893,0.2993,0.9204,2020,8,31,0.4478,-0.1905,7,5.0,0,0
CZ-013,tahuantinsuyo,-11.94298,-77.050934,17175,0.6626,0.2975,0.6013,0.4792,0.4119,0.788,0.1893,0.2993,0.9204,2020,9,32,0.4405,-0.22,6,6.0,3,0
CZ-013,tahuantinsuyo,-11.94298,-77.050934,17175,0.6626,0.2975,0.6013,0.4792,0.4119,0.788,0.1893,0.2993,0.9204,2020,10,33,0.4689,-0.1905,6,6.333,1,0
CZ-013,tahuantinsuyo,-11.94298,-77.050934,17175,0.6626,0.2975,0.6013,0.4792,0.4119,0.788,0.1893,0.2993,0.9204,2020,11,34,0.4837,-0.11,7,6.333,0,0
CZ-013,tahuantinsuyo,-11.94298,-77.050934,17175,0.6626,0.2975,0.6013,0.4792,0.4119,0.788,0.1893,0.2993,0.9204,2020,12,35,0.485,0.18,5,6.0,-1,0
CZ-013,tahuantinsuyo,-11.94298,-77.050934,17175,0.6626,0.2975,0.6013,0.4792,0.4119,0.788,0.1893,0.2993,0.9204,2021,1,36,0.5038,0.11,6,6.0,0,0
CZ-013,tahuantinsuyo,-11.94298,-77.050934,17175,0.6626,0.2975,0.6013,0.4792,0.4119,0.788,0.1893,0.2993,0.9204,2021,2,37,0.5347,0.1905,8,6.333,1,1
CZ-013,tahuantinsuyo,-11.94298,-77.050934,17175,0.6626,0.2975,0.6013,0.4792,0.4119,0.788,0.1893,0.2993,0.9204,2021,3,38,0.4642,0.22,3,5.667,-2,0
CZ-013,tahuantinsuyo,-11.94298,-77.050934,17175,0.6626,0.2975,0.6013,0.4792,0.4119,0.788,0.1893,0.2993,0.9204,2021,4,39,0.5346,0.1905,11,7.333,5,0
CZ-013,tahuantinsuyo,-11.94298,-77.050934,17175,0.6626,0.2975,0.6013,0.4792,0.4119,0.788,0.1893,0.2993,0.9204,2021,5,40,0.3895,0.11,7,7.0,-1,1
CZ-013,tahuantinsuyo,-11.94298,-77.050934,17175,0.6626,0.2975,0.6013,0.4792,0.4119,0.788,0.1893,0.2993,0.9204,2021,6,41,0.4722,0.0,7,8.333,4,0
CZ-013,tahuantinsuyo,-11.94298,-77.050934,17175,0.6626,0.2975,0.6013,0.4792,0.4119,0.788,0.1893,0.2993,0.9204,2021,7,42,0.5526,0.07,10,8.0,-1,1
CZ-013,tahuantinsuyo,-11.94298,-77.050934,17175,0.6626,0.2975,0.6013,0.4792,0.4119,0.788,0.1893,0.2993,0.9204,2021,8,43,0.5051,-0.1905,5,7.333,-2,0
CZ-013,tahuantinsuyo,-11.94298,-77.050934,17175,0.6626,0.2975,0.6013,0.4792,0.4119,0.788,0.1893,0.2993,0.9204,2021,9,44,0.4419,-0.22,12,9.0,5,0
CZ-013,tahuantinsuyo,-11.94298,-77.050934,17175,0.6626,0.2975,0.6013,0.4792,0.4119,0.788,0.1893,0.2993,0.9204,2021,10,45,0.5017,-0.1905,3,6.667,-7,0
CZ-013,tahuantinsuyo,-11.94298,-77.050934,17175,0.6626,0.2975,0.6013,0.4792,0.4119,0.788,0.1893,0.2993,0.9204,2021,11,46,0.3806,-0.11,8,7.667,3,1
CZ-013,tahuantinsuyo,-11.94298,-77.050934,17175,0.6626,0.2975,0.6013,0.4792,0.4119,0.788,0.1893,0.2993,0.9204,2021,12,47,0.551,0.18,4,5.0,-8,1
CZ-013,tahuantinsuyo,-11.94298,-77.050934,17175,0.6626,0.2975,0.6013,0.4792,0.4119,0.788,0.1893,0.2993,0.9204,2022,1,48,0.5378,0.11,11,7.667,8,0
CZ-013,tahuantinsuyo,-11.94298,-77.050934,17175,0.6626,0.2975,0.6013,0.4792,0.4119,0.788,0.1893,0.2993,0.9204,2022,2,49,0.4452,0.1905,11,8.667,3,0
CZ-013,tahuantinsuyo,-11.94298,-77.050934,17175,0.6626,0.2975,0.6013,0.4792,0.4119,0.788,0.1893,0.2993,0.9204,2022,3,50,0.5374,0.22,7,9.667,3,1
CZ-013,tahuantinsuyo,-11.94298,-77.050934,17175,0.6626,0.2975,0.6013,0.4792,0.4119,0.788,0.1893,0.2993,0.9204,2022,4,51,0.4774,0.1905,3,7.0,-8,1
CZ-013,tahuantinsuyo,-11.94298,-77.050934,17175,0.6626,0.2975,0.6013,0.4792,0.4119,0.788,0.1893,0.2993,0.9204,2022,5,52,0.4563,0.11,9,6.333,-2,1
CZ-013,tahuantinsuyo,-11.94298,-77.050934,17175,0.6626,0.2975,0.6013,0.4792,0.4119,0.788,0.1893,0.2993,0.9204,2022,6,53,0.388,0.0,13,8.333,6,0
CZ-013,tahuantinsuyo,-11.94298,-77.050934,17175,0.6626,0.2975,0.6013,0.4792,0.4119,0.788,0.1893,0.2993,0.9204,2022,7,54,0.5728,0.07,13,11.667,10,0
CZ-013,tahuantinsuyo,-11.94298,-77.050934,17175,0.6626,0.2975,0.6013,0.4792,0.4119,0.788,0.1893,0.2993,0.9204,2022,8,55,0.4059,-0.1905,6,10.667,-3,0
CZ-013,tahuantinsuyo,-11.94298,-77.050934,17175,0.6626,0.2975,0.6013,0.4792,0.4119,0.788,0.1893,0.2993,0.9204,2022,9,56,0.4146,-0.22,6,8.333,-7,0
CZ-013,tahuantinsuyo,-11.94298,-77.050934,17175,0.6626,0.2975,0.6013,0.4792,0.4119,0.788,0.1893,0.2993,0.9204,2022,10,57,0.5318,-0.1905,4,5.333,-9,0
CZ-013,tahuantinsuyo,-11.94298,-77.050934,17175,0.6626,0.2975,0.6013,0.4792,0.4119,0.788,0.1893,0.2993,0.9204,2022,11,58,0.4459,-0.11,7,5.667,1,0
CZ-013,tahuantinsuyo,-11.94298,-77.050934,17175,0.6626,0.2975,0.6013,0.4792,0.4119,0.788,0.1893,0.2993,0.9204,2022,12,59,0.514,0.18,8,6.333,2,1
CZ-013,tahuantinsuyo,-11.94298,-77.050934,17175,0.6626,0.2975,0.6013,0.4792,0.4119,0.788,0.1893,0.2993,0.9204,2023,1,60,0.5145,0.11,7,7.333,3,0
CZ-013,tahuantinsuyo,-11.94298,-77.050934,17175,0.6626,0.2975,0.6013,0.4792,0.4119,0.788,0.1893,0.2993,0.9204,2023,2,61,0.4673,0.1905,9,8.0,2,0
CZ-013,tahuantinsuyo,-11.94298,-77.050934,17175,0.6626,0.2975,0.6013,0.4792,0.4119,0.788,0.1893,0.2993,0.9204,2023,3,62,0.4316,0.22,8,8.0,0,0
CZ-013,tahuantinsuyo,-11.94298,-77.050934,17175,0.6626,0.2975,0.6013,0.4792,0.4119,0.788,0.1893,0.2993,0.9204,2023,4,63,0.3822,0.1905,8,8.333,1,1
CZ-013,tahuantinsuyo,-11.94298,-77.050934,17175,0.6626,0.2975,0.6013,0.4792,0.4119,0.788,0.1893,0.2993,0.9204,2023,5,64,0.407,0.11,5,7.0,-4,0
CZ-013,tahuantinsuyo,-11.94298,-77.050934,17175,0.6626,0.2975,0.6013,0.4792,0.4119,0.788,0.1893,0.2993,0.9204,2023,6,65,0.4679,0.0,12,8.333,4,0
CZ-013,tahuantinsuyo,-11.94298,-77.050934,17175,0.6626,0.2975,0.6013,0.4792,0.4119,0.788,0.1893,0.2993,0.9204,2023,7,66,0.4907,0.07,6,7.667,-2,1
CZ-013,tahuantinsuyo,-11.94298,-77.050934,17175,0.6626,0.2975,0.6013,0.4792,0.4119,0.788,0.1893,0.2993,0.9204,2023,8,67,0.5232,-0.1905,7,8.333,2,0
CZ-013,tahuantinsuyo,-11.94298,-77.050934,17175,0.6626,0.2975,0.6013,0.4792,0.4119,0.788,0.1893,0.2993,0.9204,2023,9,68,0.4692,-0.22,9,7.333,-3,1
CZ-013,tahuantinsuyo,-11.94298,-77.050934,17175,0.6626,0.2975,0.6013,0.4792,0.4119,0.788,0.1893,0.2993,0.9204,2023,10,69,0.4173,-0.1905,6,7.333,0,0
CZ-013,tahuantinsuyo,-11.94298,-77.050934,17175,0.6626,0.2975,0.6013,0.4792,0.4119,0.788,0.1893,0.2993,0.9204,2023,11,70,0.5169,-0.11,9,8.0,2,1
CZ-013,tahuantinsuyo,-11.94298,-77.050934,17175,0.6626,0.2975,0.6013,0.4792,0.4119,0.788,0.1893,0.2993,0.9204,2023,12,71,0.5689,0.18,7,7.333,-2,0
CZ-013,tahuantinsuyo,-11.94298,-77.050934,17175,0.6626,0.2975,0.6013,0.4792,0.4119,0.788,0.1893,0.2993,0.9204,2024,1,72,0.558,0.11,9,8.333,3,1
CZ-013,tahuantinsuyo,-11.94298,-77.050934,17175,0.6626,0.2975,0.6013,0.4792,0.4119,0.788,0.1893,0.2993,0.9204,2024,2,73,0.5181,0.1905,7,7.667,-2,0
CZ-013,tahuantinsuyo,-11.94298,-77.050934,17175,0.6626,0.2975,0.6013,0.4792,0.4119,0.788,0.1893,0.2993,0.9204,2024,3,74,0.396,0.22,13,9.667,6,1
CZ-013,tahuantinsuyo,-11.94298,-77.050934,17175,0.6626,0.2975,0.6013,0.4792,0.4119,0.788,0.1893,0.2993,0.9204,2024,4,75,0.3983,0.1905,7,9.0,-2,1
CZ-013,tahuantinsuyo,-11.94298,-77.050934,17175,0.6626,0.2975,0.6013,0.4792,0.4119,0.788,0.1893,0.2993,0.9204,2024,5,76,0.4627,0.11,10,10.0,3,1
CZ-013,tahuantinsuyo,-11.94298,-77.050934,17175,0.6626,0.2975,0.6013,0.4792,0.4119,0.788,0.1893,0.2993,0.9204,2024,6,77,0.3717,0.0,10,9.0,-3,1
CZ-013,tahuantinsuyo,-11.94298,-77.050934,17175,0.6626,0.2975,0.6013,0.4792,0.4119,0.788,0.1893,0.2993,0.9204,2024,7,78,0.5491,0.07,9,9.667,2,1
CZ-013,tahuantinsuyo,-11.94298,-77.050934,17175,0.6626,0.2975,0.6013,0.4792,0.4119,0.788,0.1893,0.2993,0.9204,2024,8,79,0.5474,-0.1905,12,10.333,2,1
CZ-013,tahuantinsuyo,-11.94298,-77.050934,17175,0.6626,0.2975,0.6013,0.4792,0.4119,0.788,0.1893,0.2993,0.9204,2024,9,80,0.476,-0.22,9,10.0,-1,0
CZ-013,tahuantinsuyo,-11.94298,-77.050934,17175,0.6626,0.2975,0.6013,0.4792,0.4119,0.788,0.1893,0.2993,0.9204,2024,10,81,0.4371,-0.1905,13,11.333,4,0
CZ-013,tahuantinsuyo,-11.94298,-77.050934,17175,0.6626,0.2975,0.6013,0.4792,0.4119,0.788,0.1893,0.2993,0.9204,2024,11,82,0.4114,-0.11,7,9.667,-5,0
CZ-013,tahuantinsuyo,-11.94298,-77.050934,17175,0.6626,0.2975,0.6013,0.4792,0.4119,0.788,0.1893,0.2993,0.9204,2024,12,83,0.4972,0.18,5,8.333,-4,1
CZ-013,tahuantinsuyo,-11.94298,-77.050934,17175,0.6626,0.2975,0.6013,0.4792,0.4119,0.788,0.1893,0.2993,0.9204,2025,1,84,0.4422,0.11,7,6.333,-6,1
CZ-013,tahuantinsuyo,-11.94298,-77.050934,17175,0.6626,0.2975,0.6013,0.4792,0.4119,0.788,0.1893,0.2993,0.9204,2025,2,85,0.4183,0.1905,12,8.0,5,0
CZ-013,tahuantinsuyo,-11.94298,-77.050934,17175,0.6626,0.2975,0.6013,0.4792,0.4119,0.788,0.1893,0.2993,0.9204,2025,3,86,0.4068,0.22,12,10.333,7,0
CZ-013,tahuantinsuyo,-11.94298,-77.050934,17175,0.6626,0.2975,0.6013,0.4792,0.4119,0.788,0.1893,0.2993,0.9204,2025,4,87,0.4703,0.1905,8,10.667,1,1
CZ-013,tahuantinsuyo,-11.94298,-77.050934,17175,0.6626,0.2975,0.6013,0.4792,0.4119,0.788,0.1893,0.2993,0.9204,2025,5,88,0.4878,0.11,8,9.333,-4,0
CZ-013,tahuantinsuyo,-11.94298,-77.050934,17175,0.6626,0.2975,0.6013,0.4792,0.4119,0.788,0.1893,0.2993,0.9204,2025,6,89,0.4527,0.0,10,8.667,-2,1
CZ-013,tahuantinsuyo,-11.94298,-77.050934,17175,0.6626,0.2975,0.6013,0.4792,0.4119,0.788,0.1893,0.2993,0.9204,2025,7,90,0.5411,0.07,8,8.667,0,0
CZ-013,tahuantinsuyo,-11.94298,-77.050934,17175,0.6626,0.2975,0.6013,0.4792,0.4119,0.788,0.1893,0.2993,0.9204,2025,8,91,0.4222,-0.1905,14,10.667,6,1
CZ-013,tahuantinsuyo,-11.94298,-77.050934,17175,0.6626,0.2975,0.6013,0.4792,0.4119,0.788,0.1893,0.2993,0.9204,2025,9,92,0.3968,-0.22,7,9.667,-3,0
CZ-013,tahuantinsuyo,-11.94298,-77.050934,17175,0.6626,0.2975,0.6013,0.4792,0.4119,0.788,0.1893,0.2993,0.9204,2025,10,93,0.3802,-0.1905,9,10.0,1,0
CZ-013,tahuantinsuyo,-11.94298,-77.050934,17175,0.6626,0.2975,0.6013,0.4792,0.4119,0.788,0.1893,0.2993,0.9204,2025,11,94,0.493,-0.11,5,7.0,-9,0
CZ-014,santa_luzmila,-11.915356,-77.050651,16255,0.3472,0.2531,0.6855,0.667,0.6763,0.6539,0.3627,0.3558,0.6438,2018,5,4,0.5053,0.11,9,7.667,-1,0
CZ-014,santa_luzmila,-11.915356,-77.050651,16255,0.3472,0.2531,0.6855,0.667,0.6763,0.6539,0.3627,0.3558,0.6438,2018,6,5,0.4592,0.0,6,6.333,-4,1
CZ-014,santa_luzmila,-11.915356,-77.050651,16255,0.3472,0.2531,0.6855,0.667,0.6763,0.6539,0.3627,0.3558,0.6438,2018,7,6,0.6025,0.07,5,6.667,1,0
CZ-014,santa_luzmila,-11.915356,-77.050651,16255,0.3472,0.2531,0.6855,0.667,0.6763,0.6539,0.3627,0.3558,0.6438,2018,8,7,0.4246,-0.1905,12,7.667,3,0
CZ-014,santa_luzmila,-11.915356,-77.050651,16255,0.3472,0.2531,0.6855,0.667,0.6763,0.6539,0.3627,0.3558,0.6438,2018,9,8,0.5038,-0.22,7,8.0,1,0
CZ-014,santa_luzmila,-11.915356,-77.050651,16255,0.3472,0.2531,0.6855,0.667,0.6763,0.6539,0.3627,0.3558,0.6438,2018,10,9,0.4483,-0.1905,8,9.0,3,1
CZ-014,santa_luzmila,-11.915356,-77.050651,16255,0.3472,0.2531,0.6855,0.667,0.6763,0.6539,0.3627,0.3558,0.6438,2018,11,10,0.4422,-0.11,1,5.333,-11,1
CZ-014,santa_luzmila,-11.915356,-77.050651,16255,0.3472,0.2531,0.6855,0.667,0.6763,0.6539,0.3627,0.3558,0.6438,2018,12,11,0.5144,0.18,13,7.333,6,1
CZ-014,santa_luzmila,-11.915356,-77.050651,16255,0.3472,0.2531,0.6855,0.667,0.6763,0.6539,0.3627,0.3558,0.6438,2019,1,12,0.4261,0.11,9,7.667,1,1
CZ-014,santa_luzmila,-11.915356,-77.050651,16255,0.3472,0.2531,0.6855,0.667,0.6763,0.6539,0.3627,0.3558,0.6438,2019,2,13,0.4398,0.1905,12,11.333,11,1
CZ-014,santa_luzmila,-11.915356,-77.050651,16255,0.3472,0.2531,0.6855,0.667,0.6763,0.6539,0.3627,0.3558,0.6438,2019,3,14,0.5886,0.22,15,12.0,2,1
CZ-014,santa_luzmila,-11.915356,-77.050651,16255,0.3472,0.2531,0.6855,0.667,0.6763,0.6539,0.3627,0.3558,0.6438,2019,4,15,0.5181,0.1905,12,13.0,3,0
CZ-014,santa_luzmila,-11.915356,-77.050651,16255,0.3472,0.2531,0.6855,0.667,0.6763,0.6539,0.3627,0.3558,0.6438,2019,5,16,0.4671,0.11,9,12.0,-3,0
CZ-014,santa_luzmila,-11.915356,-77.050651,16255,0.3472,0.2531,0.6855,0.667,0.6763,0.6539,0.3627,0.3558,0.6438,2019,6,17,0.4752,0.0,6,9.0,-9,0
CZ-014,santa_luzmila,-11.915356,-77.050651,16255,0.3472,0.2531,0.6855,0.667,0.6763,0.6539,0.3627,0.3558,0.6438,2019,7,18,0.5511,0.07,7,7.333,-5,0
CZ-014,santa_luzmila,-11.915356,-77.050651,16255,0.3472,0.2531,0.6855,0.667,0.6763,0.6539,0.3627,0.3558,0.6438,2019,8,19,0.491,-0.1905,6,6.333,-3,0
CZ-014,santa_luzmila,-11.915356,-77.050651,16255,0.3472,0.2531,0.6855,0.667,0.6763,0.6539,0.3627,0.3558,0.6438,2019,9,20,0.3931,-0.22,7,6.667,1,1
CZ-014,santa_luzmila,-11.915356,-77.050651,16255,0.3472,0.2531,0.6855,0.667,0.6763,0.6539,0.3627,0.3558,0.6438,2019,10,21,0.5771,-0.1905,3,5.333,-4,0
CZ-014,santa_luzmila,-11.915356,-77.050651,16255,0.3472,0.2531,0.6855,0.667,0.6763,0.6539,0.3627,0.3558,0.6438,2019,11,22,0.5398,-0.11,10,6.667,4,1
CZ-014,santa_luzmila,-11.915356,-77.050651,16255,0.3472,0.2531,0.6855,0.667,0.6763,0.6539,0.3627,0.3558,0.6438,2019,12,23,0.5417,0.18,3,5.333,-4,1
CZ-014,santa_luzmila,-11.915356,-77.050651,16255,0.3472,0.2531,0.6855,0.667,0.6763,0.6539,0.3627,0.3558,0.6438,2020,1,24,0.4896,0.11,12,8.333,9,1
CZ-014,santa_luzmila,-11.915356,-77.050651,16255,0.3472,0.2531,0.6855,0.667,0.6763,0.6539,0.3627,0.3558,0.6438,2020,2,25,0.4074,0.1905,12,9.0,2,0
CZ-014,santa_luzmila,-11.915356,-77.050651,16255,0.3472,0.2531,0.6855,0.667,0.6763,0.6539,0.3627,0.3558,0.6438,2020,3,26,0.4735,0.22,10,11.333,7,1
CZ-014,santa_luzmila,-11.915356,-77.050651,16255,0.3472,0.2531,0.6855,0.667,0.6763,0.6539,0.3627,0.3558,0.6438,2020,4,27,0.4787,0.1905,5,9.0,-7,1
CZ-014,santa_luzmila,-11.915356,-77.050651,16255,0.3472,0.2531,0.6855,0.667,0.6763,0.6539,0.3627,0.3558,0.6438,2020,5,28,0.4531,0.11,9,8.0,-3,1
CZ-014,santa_luzmila,-11.915356,-77.050651,16255,0.3472,0.2531,0.6855,0.667,0.6763,0.6539,0.3627,0.3558,0.6438,2020,6,29,0.4612,0.0,10,8.0,0,0
CZ-014,santa_luzmila,-11.915356,-77.050651,16255,0.3472,0.2531,0.6855,0.667,0.6763,0.6539,0.3627,0.3558,0.6438,2020,7,30,0.5516,0.07,10,9.667,5,0
CZ-014,santa_luzmila,-11.915356,-77.050651,16255,0.3472,0.2531,0.6855,0.667,0.6763,0.6539,0.3627,0.3558,0.6438,2020,8,31,0.5163,-0.1905,7,9.0,-2,0
CZ-014,santa_luzmila,-11.915356,-77.050651,16255,0.3472,0.2531,0.6855,0.667,0.6763,0.6539,0.3627,0.3558,0.6438,2020,9,32,0.4607,-0.22,3,6.667,-7,0
CZ-014,santa_luzmila,-11.915356,-77.050651,16255,0.3472,0.2531,0.6855,0.667,0.6763,0.6539,0.3627,0.3558,0.6438,2020,10,33,0.5513,-0.1905,4,4.667,-6,0
CZ-014,santa_luzmila,-11.915356,-77.050651,16255,0.3472,0.2531,0.6855,0.667,0.6763,0.6539,0.3627,0.3558,0.6438,2020,11,34,0.4873,-0.11,7,4.667,0,1
CZ-014,santa_luzmila,-11.915356,-77.050651,16255,0.3472,0.2531,0.6855,0.667,0.6763,0.6539,0.3627,0.3558,0.6438,2020,12,35,0.5442,0.18,4,5.0,1,1
CZ-014,santa_luzmila,-11.915356,-77.050651,16255,0.3472,0.2531,0.6855,0.667,0.6763,0.6539,0.3627,0.3558,0.6438,2021,1,36,0.3991,0.11,17,9.333,13,1
CZ-014,santa_luzmila,-11.915356,-77.050651,16255,0.3472,0.2531,0.6855,0.667,0.6763,0.6539,0.3627,0.3558,0.6438,2021,2,37,0.5263,0.1905,9,10.0,2,1
CZ-014,santa_luzmila,-11.915356,-77.050651,16255,0.3472,0.2531,0.6855,0.667,0.6763,0.6539,0.3627,0.3558,0.6438,2021,3,38,0.4899,0.22,12,12.667,8,1
CZ-014,santa_luzmila,-11.915356,-77.050651,16255,0.3472,0.2531,0.6855,0.667,0.6763,0.6539,0.3627,0.3558,0.6438,2021,4,39,0.5402,0.1905,15,12.0,-2,1
CZ-014,santa_luzmila,-11.915356,-77.050651,16255,0.3472,0.2531,0.6855,0.667,0.6763,0.6539,0.3627,0.3558,0.6438,2021,5,40,0.563,0.11,12,13.0,3,1
CZ-014,santa_luzmila,-11.915356,-77.050651,16255,0.3472,0.2531,0.6855,0.667,0.6763,0.6539,0.3627,0.3558,0.6438,2021,6,41,0.5155,0.0,12,13.0,0,0
CZ-014,santa_luzmila,-11.915356,-77.050651,16255,0.3472,0.2531,0.6855,0.667,0.6763,0.6539,0.3627,0.3558,0.6438,2021,7,42,0.574,0.07,9,11.0,-6,0
CZ-014,santa_luzmila,-11.915356,-77.050651,16255,0.3472,0.2531,0.6855,0.667,0.6763,0.6539,0.3627,0.3558,0.6438,2021,8,43,0.5211,-0.1905,6,9.0,-6,0
CZ-014,santa_luzmila,-11.915356,-77.050651,16255,0.3472,0.2531,0.6855,0.667,0.6763,0.6539,0.3627,0.3558,0.6438,2021,9,44,0.5109,-0.22,7,7.333,-5,0
CZ-014,santa_luzmila,-11.915356,-77.050651,16255,0.3472,0.2531,0.6855,0.667,0.6763,0.6539,0.3627,0.3558,0.6438,2021,10,45,0.4565,-0.1905,2,5.0,-7,0
CZ-014,santa_luzmila,-11.915356,-77.050651,16255,0.3472,0.2531,0.6855,0.667,0.6763,0.6539,0.3627,0.3558,0.6438,2021,11,46,0.5654,-0.11,8,5.667,2,1
CZ-014,santa_luzmila,-11.915356,-77.050651,16255,0.3472,0.2531,0.6855,0.667,0.6763,0.6539,0.3627,0.3558,0.6438,2021,12,47,0.5477,0.18,8,6.0,1,1
CZ-014,santa_luzmila,-11.915356,-77.050651,16255,0.3472,0.2531,0.6855,0.667,0.6763,0.6539,0.3627,0.3558,0.6438,2022,1,48,0.4911,0.11,13,9.667,11,1
CZ-014,santa_luzmila,-11.915356,-77.050651,16255,0.3472,0.2531,0.6855,0.667,0.6763,0.6539,0.3627,0.3558,0.6438,2022,2,49,0.4572,0.1905,16,12.333,8,1
CZ-014,santa_luzmila,-11.915356,-77.050651,16255,0.3472,0.2531,0.6855,0.667,0.6763,0.6539,0.3627,0.3558,0.6438,2022,3,50,0.5322,0.22,14,14.333,6,1
CZ-014,santa_luzmila,-11.915356,-77.050651,16255,0.3472,0.2531,0.6855,0.667,0.6763,0.6539,0.3627,0.3558,0.6438,2022,4,51,0.4281,0.1905,19,16.333,6,1
CZ-014,santa_luzmila,-11.915356,-77.050651,16255,0.3472,0.2531,0.6855,0.667,0.6763,0.6539,0.3627,0.3558,0.6438,2022,5,52,0.6295,0.11,14,15.667,-2,1
CZ-014,santa_luzmila,-11.915356,-77.050651,16255,0.3472,0.2531,0.6855,0.667,0.6763,0.6539,0.3627,0.3558,0.6438,2022,6,53,0.5057,0.0,15,16.0,1,1
CZ-014,santa_luzmila,-11.915356,-77.050651,16255,0.3472,0.2531,0.6855,0.667,0.6763,0.6539,0.3627,0.3558,0.6438,2022,7,54,0.633,0.07,9,12.667,-10,0
CZ-014,santa_luzmila,-11.915356,-77.050651,16255,0.3472,0.2531,0.6855,0.667,0.6763,0.6539,0.3627,0.3558,0.6438,2022,8,55,0.4857,-0.1905,13,12.333,-1,0
CZ-014,santa_luzmila,-11.915356,-77.050651,16255,0.3472,0.2531,0.6855,0.667,0.6763,0.6539,0.3627,0.3558,0.6438,2022,9,56,0.5155,-0.22,8,10.0,-7,1
CZ-014,santa_luzmila,-11.915356,-77.050651,16255,0.3472,0.2531,0.6855,0.667,0.6763,0.6539,0.3627,0.3558,0.6438,2022,10,57,0.458,-0.1905,6,9.0,-3,0
CZ-014,santa_luzmila,-11.915356,-77.050651,16255,0.3472,0.2531,0.6855,0.667,0.6763,0.6539,0.3627,0.3558,0.6438,2022,11,58,0.4736,-0.11,11,8.333,-2,1
CZ-014,santa_luzmila,-11.915356,-77.050651,16255,0.3472,0.2531,0.6855,0.667,0.6763,0.6539,0.3627,0.3558,0.6438,2022,12,59,0.6317,0.18,5,7.333,-3,1
CZ-014,santa_luzmila,-11.915356,-77.050651,16255,0.3472,0.2531,0.6855,0.667,0.6763,0.6539,0.3627,0.3558,0.6438,2023,1,60,0.525,0.11,18,11.333,12,1
CZ-014,santa_luzmila,-11.915356,-77.050651,16255,0.3472,0.2531,0.6855,0.667,0.6763,0.6539,0.3627,0.3558,0.6438,2023,2,61,0.4766,0.1905,12,11.667,1,1
CZ-014,santa_luzmila,-11.915356,-77.050651,16255,0.3472,0.2531,0.6855,0.667,0.6763,0.6539,0.3627,0.3558,0.6438,2023,3,62,0.6013,0.22,13,14.333,8,1
CZ-014,santa_luzmila,-11.915356,-77.050651,16255,0.3472,0.2531,0.6855,0.667,0.6763,0.6539,0.3627,0.3558,0.6438,2023,4,63,0.4236,0.1905,14,13.0,-4,1
CZ-014,santa_luzmila,-11.915356,-77.050651,16255,0.3472,0.2531,0.6855,0.667,0.6763,0.6539,0.3627,0.3558,0.6438,2023,5,64,0.4598,0.11,12,13.0,0,1
CZ-014,santa_luzmila,-11.915356,-77.050651,16255,0.3472,0.2531,0.6855,0.667,0.6763,0.6539,0.3627,0.3558,0.6438,2023,6,65,0.5752,0.0,13,13.0,0,1
CZ-014,santa_luzmila,-11.915356,-77.050651,16255,0.3472,0.2531,0.6855,0.667,0.6763,0.6539,0.3627,0.3558,0.6438,2023,7,66,0.6096,0.07,13,12.667,-1,1
CZ-014,santa_luzmila,-11.915356,-77.050651,16255,0.3472,0.2531,0.6855,0.667,0.6763,0.6539,0.3627,0.3558,0.6438,2023,8,67,0.4844,-0.1905,17,14.333,5,0
CZ-014,santa_luzmila,-11.915356,-77.050651,16255,0.3472,0.2531,0.6855,0.667,0.6763,0.6539,0.3627,0.3558,0.6438,2023,9,68,0.5361,-0.22,10,13.333,-3,0
CZ-014,santa_luzmila,-11.915356,-77.050651,16255,0.3472,0.2531,0.6855,0.667,0.6763,0.6539,0.3627,0.3558,0.6438,2023,10,69,0.3904,-0.1905,7,11.333,-6,0
CZ-014,santa_luzmila,-11.915356,-77.050651,16255,0.3472,0.2531,0.6855,0.667,0.6763,0.6539,0.3627,0.3558,0.6438,2023,11,70,0.4272,-0.11,5,7.333,-12,1
CZ-014,santa_luzmila,-11.915356,-77.050651,16255,0.3472,0.2531,0.6855,0.667,0.6763,0.6539,0.3627,0.3558,0.6438,2023,12,71,0.473,0.18,7,6.333,-3,1
CZ-014,santa_luzmila,-11.915356,-77.050651,16255,0.3472,0.2531,0.6855,0.667,0.6763,0.6539,0.3627,0.3558,0.6438,2024,1,72,0.4981,0.11,14,8.667,7,1
CZ-014,santa_luzmila,-11.915356,-77.050651,16255,0.3472,0.2531,0.6855,0.667,0.6763,0.6539,0.3627,0.3558,0.6438,2024,2,73,0.4926,0.1905,20,13.667,15,1
CZ-014,santa_luzmila,-11.915356,-77.050651,16255,0.3472,0.2531,0.6855,0.667,0.6763,0.6539,0.3627,0.3558,0.6438,2024,3,74,0.5347,0.22,18,17.333,11,1
CZ-014,santa_luzmila,-11.915356,-77.050651,16255,0.3472,0.2531,0.6855,0.667,0.6763,0.6539,0.3627,0.3558,0.6438,2024,4,75,0.5213,0.1905,11,16.333,-3,1
CZ-014,santa_luzmila,-11.915356,-77.050651,16255,0.3472,0.2531,0.6855,0.667,0.6763,0.6539,0.3627,0.3558,0.6438,2024,5,76,0.5135,0.11,10,13.0,-10,1
CZ-014,santa_luzmila,-11.915356,-77.050651,16255,0.3472,0.2531,0.6855,0.667,0.6763,0.6539,0.3627,0.3558,0.6438,2024,6,77,0.4175,0.0,14,11.667,-4,1
CZ-014,santa_luzmila,-11.915356,-77.050651,16255,0.3472,0.2531,0.6855,0.667,0.6763,0.6539,0.3627,0.3558,0.6438,2024,7,78,0.6093,0.07,13,12.333,2,0
CZ-014,santa_luzmila,-11.915356,-77.050651,16255,0.3472,0.2531,0.6855,0.667,0.6763,0.6539,0.3627,0.3558,0.6438,2024,8,79,0.4095,-0.1905,15,14.0,5,1
CZ-014,santa_luzmila,-11.915356,-77.050651,16255,0.3472,0.2531,0.6855,0.667,0.6763,0.6539,0.3627,0.3558,0.6438,2024,9,80,0.4309,-0.22,6,11.333,-8,1
CZ-014,santa_luzmila,-11.915356,-77.050651,16255,0.3472,0.2531,0.6855,0.667,0.6763,0.6539,0.3627,0.3558,0.6438,2024,10,81,0.5268,-0.1905,10,10.333,-3,0
CZ-014,santa_luzmila,-11.915356,-77.050651,16255,0.3472,0.2531,0.6855,0.667,0.6763,0.6539,0.3627,0.3558,0.6438,2024,11,82,0.463,-0.11,16,10.667,1,1
CZ-014,santa_luzmila,-11.915356,-77.050651,16255,0.3472,0.2531,0.6855,0.667,0.6763,0.6539,0.3627,0.3558,0.6438,2024,12,83,0.5454,0.18,8,11.333,2,1
CZ-014,santa_luzmila,-11.915356,-77.050651,16255,0.3472,0.2531,0.6855,0.667,0.6763,0.6539,0.3627,0.3558,0.6438,2025,1,84,0.4728,0.11,22,15.333,12,1
CZ-014,santa_luzmila,-11.915356,-77.050651,16255,0.3472,0.2531,0.6855,0.667,0.6763,0.6539,0.3627,0.3558,0.6438,2025,2,85,0.5115,0.1905,10,13.333,-6,1
CZ-014,santa_luzmila,-11.915356,-77.050651,16255,0.3472,0.2531,0.6855,0.667,0.6763,0.6539,0.3627,0.3558,0.6438,2025,3,86,0.5503,0.22,11,14.333,3,1
CZ-014,santa_luzmila,-11.915356,-77.050651,16255,0.3472,0.2531,0.6855,0.667,0.6763,0.6539,0.3627,0.3558,0.6438,2025,4,87,0.4837,0.1905,17,12.667,-5,1
CZ-014,santa_luzmila,-11.915356,-77.050651,16255,0.3472,0.2531,0.6855,0.667,0.6763,0.6539,0.3627,0.3558,0.6438,2025,5,88,0.4563,0.11,25,17.667,15,1
CZ-014,santa_luzmila,-11.915356,-77.050651,16255,0.3472,0.2531,0.6855,0.667,0.6763,0.6539,0.3627,0.3558,0.6438,2025,6,89,0.4672,0.0,16,19.333,5,1
CZ-014,santa_luzmila,-11.915356,-77.050651,16255,0.3472,0.2531,0.6855,0.667,0.6763,0.6539,0.3627,0.3558,0.6438,2025,7,90,0.5262,0.07,13,18.0,-4,1
CZ-014,santa_luzmila,-11.915356,-77.050651,16255,0.3472,0.2531,0.6855,0.667,0.6763,0.6539,0.3627,0.3558,0.6438,2025,8,91,0.3901,-0.1905,10,13.0,-15,0
CZ-014,santa_luzmila,-11.915356,-77.050651,16255,0.3472,0.2531,0.6855,0.667,0.6763,0.6539,0.3627,0.3558,0.6438,2025,9,92,0.5164,-0.22,12,11.667,-4,1
CZ-014,santa_luzmila,-11.915356,-77.050651,16255,0.3472,0.2531,0.6855,0.667,0.6763,0.6539,0.3627,0.3558,0.6438,2025,10,93,0.5484,-0.1905,6,9.333,-7,1
CZ-014,santa_luzmila,-11.915356,-77.050651,16255,0.3472,0.2531,0.6855,0.667,0.6763,0.6539,0.3627,0.3558,0.6438,2025,11,94,0.5258,-0.11,9,9.0,-1,1
CZ-015,retablo,-11.923223,-77.019352,17355,0.5315,0.2685,0.7552,0.6622,0.5585,0.611,0.259,0.264,0.4039,2018,5,4,0.5629,0.11,3,5.0,-2,0
CZ-015,retablo,-11.923223,-77.019352,17355,0.5315,0.2685,0.7552,0.6622,0.5585,0.611,0.259,0.264,0.4039,2018,6,5,0.5234,0.0,4,5.0,0,0
CZ-015,retablo,-11.923223,-77.019352,17355,0.5315,0.2685,0.7552,0.6622,0.5585,0.611,0.259,0.264,0.4039,2018,7,6,0.6808,0.07,6,4.333,-2,0
CZ-015,retablo,-11.923223,-77.019352,17355,0.5315,0.2685,0.7552,0.6622,0.5585,0.611,0.259,0.264,0.4039,2018,8,7,0.5335,-0.1905,8,6.0,5,0
CZ-015,retablo,-11.923223,-77.019352,17355,0.5315,0.2685,0.7552,0.6622,0.5585,0.611,0.259,0.264,0.4039,2018,9,8,0.5297,-0.22,7,7.0,3,0
CZ-015,retablo,-11.923223,-77.019352,17355,0.5315,0.2685,0.7552,0.6622,0.5585,0.611,0.259,0.264,0.4039,2018,10,9,0.4787,-0.1905,7,7.333,1,0
CZ-015,retablo,-11.923223,-77.019352,17355,0.5315,0.2685,0.7552,0.6622,0.5585,0.611,0.259,0.264,0.4039,2018,11,10,0.5523,-0.11,2,5.333,-6,1
CZ-015,retablo,-11.923223,-77.019352,17355,0.5315,0.2685,0.7552,0.6622,0.5585,0.611,0.259,0.264,0.4039,2018,12,11,0.5816,0.18,5,4.667,-2,0
CZ-015,retablo,-11.923223,-77.019352,17355,0.5315,0.2685,0.7552,0.6622,0.5585,0.611,0.259,0.264,0.4039,2019,1,12,0.4938,0.11,12,6.333,5,0
CZ-015,retablo,-11.923223,-77.019352,17355,0.5315,0.2685,0.7552,0.6622,0.5585,0.611,0.259,0.264,0.4039,2019,2,13,0.4493,0.1905,3,6.667,1,1
CZ-015,retablo,-11.923223,-77.019352,17355,0.5315,0.2685,0.7552,0.6622,0.5585,0.611,0.259,0.264,0.4039,2019,3,14,0.549,0.22,3,6.0,-2,1
CZ-015,retablo,-11.923223,-77.019352,17355,0.5315,0.2685,0.7552,0.6622,0.5585,0.611,0.259,0.264,0.4039,2019,4,15,0.4981,0.1905,10,5.333,-2,0
CZ-015,retablo,-11.923223,-77.019352,17355,0.5315,0.2685,0.7552,0.6622,0.5585,0.611,0.259,0.264,0.4039,2019,5,16,0.5045,0.11,9,7.333,6,1
CZ-015,retablo,-11.923223,-77.019352,17355,0.5315,0.2685,0.7552,0.6622,0.5585,0.611,0.259,0.264,0.4039,2019,6,17,0.5385,0.0,6,8.333,3,1
CZ-015,retablo,-11.923223,-77.019352,17355,0.5315,0.2685,0.7552,0.6622,0.5585,0.611,0.259,0.264,0.4039,2019,7,18,0.5017,0.07,12,9.0,2,0
CZ-015,retablo,-11.923223,-77.019352,17355,0.5315,0.2685,0.7552,0.6622,0.5585,0.611,0.259,0.264,0.4039,2019,8,19,0.4525,-0.1905,9,9.0,0,1
CZ-015,retablo,-11.923223,-77.019352,17355,0.5315,0.2685,0.7552,0.6622,0.5585,0.611,0.259,0.264,0.4039,2019,9,20,0.6083,-0.22,3,8.0,-3,0
CZ-015,retablo,-11.923223,-77.019352,17355,0.5315,0.2685,0.7552,0.6622,0.5585,0.611,0.259,0.264,0.4039,2019,10,21,0.5514,-0.1905,9,7.0,-3,0
CZ-015,retablo,-11.923223,-77.019352,17355,0.5315,0.2685,0.7552,0.6622,0.5585,0.611,0.259,0.264,0.4039,2019,11,22,0.3907,-0.11,7,6.333,-2,1
CZ-015,retablo,-11.923223,-77.019352,17355,0.5315,0.2685,0.7552,0.6622,0.5585,0.611,0.259,0.264,0.4039,2019,12,23,0.6187,0.18,7,7.667,4,0
CZ-015,retablo,-11.923223,-77.019352,17355,0.5315,0.2685,0.7552,0.6622,0.5585,0.611,0.259,0.264,0.4039,2020,1,24,0.5909,0.11,10,8.0,1,0
CZ-015,retablo,-11.923223,-77.019352,17355,0.5315,0.2685,0.7552,0.6622,0.5585,0.611,0.259,0.264,0.4039,2020,2,25,0.4134,0.1905,4,7.0,-3,1
CZ-015,retablo,-11.923223,-77.019352,17355,0.5315,0.2685,0.7552,0.6622,0.5585,0.611,0.259,0.264,0.4039,2020,3,26,0.5544,0.22,6,6.667,-1,1
CZ-015,retablo,-11.923223,-77.019352,17355,0.5315,0.2685,0.7552,0.6622,0.5585,0.611,0.259,0.264,0.4039,2020,4,27,0.4473,0.1905,13,7.667,3,0
CZ-015,retablo,-11.923223,-77.019352,17355,0.5315,0.2685,0.7552,0.6622,0.5585,0.611,0.259,0.264,0.4039,2020,5,28,0.4342,0.11,14,11.0,10,0
CZ-015,retablo,-11.923223,-77.019352,17355,0.5315,0.2685,0.7552,0.6622,0.5585,0.611,0.259,0.264,0.4039,2020,6,29,0.444,0.0,6,11.0,0,0
CZ-015,retablo,-11.923223,-77.019352,17355,0.5315,0.2685,0.7552,0.6622,0.5585,0.611,0.259,0.264,0.4039,2020,7,30,0.6229,0.07,6,8.667,-7,0
CZ-015,retablo,-11.923223,-77.019352,17355,0.5315,0.2685,0.7552,0.6622,0.5585,0.611,0.259,0.264,0.4039,2020,8,31,0.466,-0.1905,7,6.333,-7,0
CZ-015,retablo,-11.923223,-77.019352,17355,0.5315,0.2685,0.7552,0.6622,0.5585,0.611,0.259,0.264,0.4039,2020,9,32,0.546,-0.22,7,6.667,1,0
CZ-015,retablo,-11.923223,-77.019352,17355,0.5315,0.2685,0.7552,0.6622,0.5585,0.611,0.259,0.264,0.4039,2020,10,33,0.4531,-0.1905,6,6.667,0,0
CZ-015,retablo,-11.923223,-77.019352,17355,0.5315,0.2685,0.7552,0.6622,0.5585,0.611,0.259,0.264,0.4039,2020,11,34,0.4983,-0.11,4,5.667,-3,0
CZ-015,retablo,-11.923223,-77.019352,17355,0.5315,0.2685,0.7552,0.6622,0.5585,0.611,0.259,0.264,0.4039,2020,12,35,0.5578,0.18,4,4.667,-3,0
CZ-015,retablo,-11.923223,-77.019352,17355,0.5315,0.2685,0.7552,0.6622,0.5585,0.611,0.259,0.264,0.4039,2021,1,36,0.4412,0.11,8,5.333,2,1
CZ-015,retablo,-11.923223,-77.019352,17355,0.5315,0.2685,0.7552,0.6622,0.5585,0.611,0.259,0.264,0.4039,2021,2,37,0.5237,0.1905,4,5.333,0,1
CZ-015,retablo,-11.923223,-77.019352,17355,0.5315,0.2685,0.7552,0.6622,0.5585,0.611,0.259,0.264,0.4039,2021,3,38,0.4611,0.22,10,7.333,6,0
CZ-015,retablo,-11.923223,-77.019352,17355,0.5315,0.2685,0.7552,0.6622,0.5585,0.611,0.259,0.264,0.4039,2021,4,39,0.5999,0.1905,13,9.0,5,0
CZ-015,retablo,-11.923223,-77.019352,17355,0.5315,0.2685,0.7552,0.6622,0.5585,0.611,0.259,0.264,0.4039,2021,5,40,0.4987,0.11,8,10.333,4,1
CZ-015,retablo,-11.923223,-77.019352,17355,0.5315,0.2685,0.7552,0.6622,0.5585,0.611,0.259,0.264,0.4039,2021,6,41,0.5519,0.0,8,9.667,-2,1
CZ-015,retablo,-11.923223,-77.019352,17355,0.5315,0.2685,0.7552,0.6622,0.5585,0.611,0.259,0.264,0.4039,2021,7,42,0.6396,0.07,9,8.333,-4,0
CZ-015,retablo,-11.923223,-77.019352,17355,0.5315,0.2685,0.7552,0.6622,0.5585,0.611,0.259,0.264,0.4039,2021,8,43,0.4638,-0.1905,13,10.0,5,0
CZ-015,retablo,-11.923223,-77.019352,17355,0.5315,0.2685,0.7552,0.6622,0.5585,0.611,0.259,0.264,0.4039,2021,9,44,0.5278,-0.22,5,9.0,-3,1
CZ-015,retablo,-11.923223,-77.019352,17355,0.5315,0.2685,0.7552,0.6622,0.5585,0.611,0.259,0.264,0.4039,2021,10,45,0.4872,-0.1905,6,8.0,-3,0
CZ-015,retablo,-11.923223,-77.019352,17355,0.5315,0.2685,0.7552,0.6622,0.5585,0.611,0.259,0.264,0.4039,2021,11,46,0.5661,-0.11,9,6.667,-4,1
CZ-015,retablo,-11.923223,-77.019352,17355,0.5315,0.2685,0.7552,0.6622,0.5585,0.611,0.259,0.264,0.4039,2021,12,47,0.6311,0.18,6,7.0,1,1
CZ-015,retablo,-11.923223,-77.019352,17355,0.5315,0.2685,0.7552,0.6622,0.5585,0.611,0.259,0.264,0.4039,2022,1,48,0.5305,0.11,14,9.667,8,1
CZ-015,retablo,-11.923223,-77.019352,17355,0.5315,0.2685,0.7552,0.6622,0.5585,0.611,0.259,0.264,0.4039,2022,2,49,0.4932,0.1905,13,11.0,4,1
CZ-015,retablo,-11.923223,-77.019352,17355,0.5315,0.2685,0.7552,0.6622,0.5585,0.611,0.259,0.264,0.4039,2022,3,50,0.5576,0.22,16,14.333,10,0
CZ-015,retablo,-11.923223,-77.019352,17355,0.5315,0.2685,0.7552,0.6622,0.5585,0.611,0.259,0.264,0.4039,2022,4,51,0.5347,0.1905,9,12.667,-5,1
CZ-015,retablo,-11.923223,-77.019352,17355,0.5315,0.2685,0.7552,0.6622,0.5585,0.611,0.259,0.264,0.4039,2022,5,52,0.4838,0.11,7,10.667,-6,1
CZ-015,retablo,-11.923223,-77.019352,17355,0.5315,0.2685,0.7552,0.6622,0.5585,0.611,0.259,0.264,0.4039,2022,6,53,0.4658,0.0,13,9.667,-3,1
CZ-015,retablo,-11.923223,-77.019352,17355,0.5315,0.2685,0.7552,0.6622,0.5585,0.611,0.259,0.264,0.4039,2022,7,54,0.5569,0.07,9,9.667,0,0
CZ-015,retablo,-11.923223,-77.019352,17355,0.5315,0.2685,0.7552,0.6622,0.5585,0.611,0.259,0.264,0.4039,2022,8,55,0.4065,-0.1905,13,11.667,6,1
CZ-015,retablo,-11.923223,-77.019352,17355,0.5315,0.2685,0.7552,0.6622,0.5585,0.611,0.259,0.264,0.4039,2022,9,56,0.5213,-0.22,8,10.0,-5,1
CZ-015,retablo,-11.923223,-77.019352,17355,0.5315,0.2685,0.7552,0.6622,0.5585,0.611,0.259,0.264,0.4039,2022,10,57,0.599,-0.1905,10,10.333,1,1
CZ-015,retablo,-11.923223,-77.019352,17355,0.5315,0.2685,0.7552,0.6622,0.5585,0.611,0.259,0.264,0.4039,2022,11,58,0.5281,-0.11,10,9.333,-3,1
CZ-015,retablo,-11.923223,-77.019352,17355,0.5315,0.2685,0.7552,0.6622,0.5585,0.611,0.259,0.264,0.4039,2022,12,59,0.6327,0.18,12,10.667,4,1
CZ-015,retablo,-11.923223,-77.019352,17355,0.5315,0.2685,0.7552,0.6622,0.5585,0.611,0.259,0.264,0.4039,2023,1,60,0.5079,0.11,9,10.333,-1,1
CZ-015,retablo,-11.923223,-77.019352,17355,0.5315,0.2685,0.7552,0.6622,0.5585,0.611,0.259,0.264,0.4039,2023,2,61,0.4946,0.1905,10,10.333,0,1
CZ-015,retablo,-11.923223,-77.019352,17355,0.5315,0.2685,0.7552,0.6622,0.5585,0.611,0.259,0.264,0.4039,2023,3,62,0.591,0.22,14,11.0,2,0
CZ-015,retablo,-11.923223,-77.019352,17355,0.5315,0.2685,0.7552,0.6622,0.5585,0.611,0.259,0.264,0.4039,2023,4,63,0.4458,0.1905,10,11.333,1,0
CZ-015,retablo,-11.923223,-77.019352,17355,0.5315,0.2685,0.7552,0.6622,0.5585,0.611,0.259,0.264,0.4039,2023,5,64,0.4503,0.11,6,10.0,-4,1
CZ-015,retablo,-11.923223,-77.019352,17355,0.5315,0.2685,0.7552,0.6622,0.5585,0.611,0.259,0.264,0.4039,2023,6,65,0.5323,0.0,8,8.0,-6,1
CZ-015,retablo,-11.923223,-77.019352,17355,0.5315,0.2685,0.7552,0.6622,0.5585,0.611,0.259,0.264,0.4039,2023,7,66,0.6195,0.07,17,10.333,7,1
CZ-015,retablo,-11.923223,-77.019352,17355,0.5315,0.2685,0.7552,0.6622,0.5585,0.611,0.259,0.264,0.4039,2023,8,67,0.5371,-0.1905,14,13.0,8,0
CZ-015,retablo,-11.923223,-77.019352,17355,0.5315,0.2685,0.7552,0.6622,0.5585,0.611,0.259,0.264,0.4039,2023,9,68,0.5245,-0.22,13,14.667,5,0
CZ-015,retablo,-11.923223,-77.019352,17355,0.5315,0.2685,0.7552,0.6622,0.5585,0.611,0.259,0.264,0.4039,2023,10,69,0.5273,-0.1905,6,11.0,-11,1
CZ-015,retablo,-11.923223,-77.019352,17355,0.5315,0.2685,0.7552,0.6622,0.5585,0.611,0.259,0.264,0.4039,2023,11,70,0.5496,-0.11,6,8.333,-8,1
CZ-015,retablo,-11.923223,-77.019352,17355,0.5315,0.2685,0.7552,0.6622,0.5585,0.611,0.259,0.264,0.4039,2023,12,71,0.5835,0.18,10,7.333,-3,1
CZ-015,retablo,-11.923223,-77.019352,17355,0.5315,0.2685,0.7552,0.6622,0.5585,0.611,0.259,0.264,0.4039,2024,1,72,0.5306,0.11,19,11.667,13,1
CZ-015,retablo,-11.923223,-77.019352,17355,0.5315,0.2685,0.7552,0.6622,0.5585,0.611,0.259,0.264,0.4039,2024,2,73,0.4095,0.1905,11,13.333,5,1
CZ-015,retablo,-11.923223,-77.019352,17355,0.5315,0.2685,0.7552,0.6622,0.5585,0.611,0.259,0.264,0.4039,2024,3,74,0.4692,0.22,11,13.667,1,1
CZ-015,retablo,-11.923223,-77.019352,17355,0.5315,0.2685,0.7552,0.6622,0.5585,0.611,0.259,0.264,0.4039,2024,4,75,0.5375,0.1905,10,10.667,-9,1
CZ-015,retablo,-11.923223,-77.019352,17355,0.5315,0.2685,0.7552,0.6622,0.5585,0.611,0.259,0.264,0.4039,2024,5,76,0.5647,0.11,14,11.667,3,0
CZ-015,retablo,-11.923223,-77.019352,17355,0.5315,0.2685,0.7552,0.6622,0.5585,0.611,0.259,0.264,0.4039,2024,6,77,0.4605,0.0,17,13.667,6,1
CZ-015,retablo,-11.923223,-77.019352,17355,0.5315,0.2685,0.7552,0.6622,0.5585,0.611,0.259,0.264,0.4039,2024,7,78,0.5847,0.07,7,12.667,-3,0
CZ-015,retablo,-11.923223,-77.019352,17355,0.5315,0.2685,0.7552,0.6622,0.5585,0.611,0.259,0.264,0.4039,2024,8,79,0.5535,-0.1905,9,11.0,-5,1
CZ-015,retablo,-11.923223,-77.019352,17355,0.5315,0.2685,0.7552,0.6622,0.5585,0.611,0.259,0.264,0.4039,2024,9,80,0.5063,-0.22,7,7.667,-10,1
CZ-015,retablo,-11.923223,-77.019352,17355,0.5315,0.2685,0.7552,0.6622,0.5585,0.611,0.259,0.264,0.4039,2024,10,81,0.4671,-0.1905,11,9.0,4,1
CZ-015,retablo,-11.923223,-77.019352,17355,0.5315,0.2685,0.7552,0.6622,0.5585,0.611,0.259,0.264,0.4039,2024,11,82,0.5285,-0.11,10,9.333,1,1
CZ-015,retablo,-11.923223,-77.019352,17355,0.5315,0.2685,0.7552,0.6622,0.5585,0.611,0.259,0.264,0.4039,2024,12,83,0.622,0.18,10,10.333,3,0
CZ-015,retablo,-11.923223,-77.019352,17355,0.5315,0.2685,0.7552,0.6622,0.5585,0.611,0.259,0.264,0.4039,2025,1,84,0.4927,0.11,16,12.0,5,1
CZ-015,retablo,-11.923223,-77.019352,17355,0.5315,0.2685,0.7552,0.6622,0.5585,0.611,0.259,0.264,0.4039,2025,2,85,0.4652,0.1905,7,11.0,-3,1
CZ-015,retablo,-11.923223,-77.019352,17355,0.5315,0.2685,0.7552,0.6622,0.5585,0.611,0.259,0.264,0.4039,2025,3,86,0.4272,0.22,10,11.0,0,1
CZ-015,retablo,-11.923223,-77.019352,17355,0.5315,0.2685,0.7552,0.6622,0.5585,0.611,0.259,0.264,0.4039,2025,4,87,0.5274,0.1905,13,10.0,-3,1
CZ-015,retablo,-11.923223,-77.019352,17355,0.5315,0.2685,0.7552,0.6622,0.5585,0.611,0.259,0.264,0.4039,2025,5,88,0.5303,0.11,16,13.0,9,1
CZ-015,retablo,-11.923223,-77.019352,17355,0.5315,0.2685,0.7552,0.6622,0.5585,0.611,0.259,0.264,0.4039,2025,6,89,0.578,0.0,14,14.333,4,1
CZ-015,retablo,-11.923223,-77.019352,17355,0.5315,0.2685,0.7552,0.6622,0.5585,0.611,0.259,0.264,0.4039,2025,7,90,0.5391,0.07,10,13.333,-3,1
CZ-015,retablo,-11.923223,-77.019352,17355,0.5315,0.2685,0.7552,0.6622,0.5585,0.611,0.259,0.264,0.4039,2025,8,91,0.526,-0.1905,14,12.667,-2,1
CZ-015,retablo,-11.923223,-77.019352,17355,0.5315,0.2685,0.7552,0.6622,0.5585,0.611,0.259,0.264,0.4039,2025,9,92,0.4963,-0.22,11,11.667,-3,1
CZ-015,retablo,-11.923223,-77.019352,17355,0.5315,0.2685,0.7552,0.6622,0.5585,0.611,0.259,0.264,0.4039,2025,10,93,0.5352,-0.1905,9,11.333,-1,1
CZ-015,retablo,-11.923223,-77.019352,17355,0.5315,0.2685,0.7552,0.6622,0.5585,0.611,0.259,0.264,0.4039,2025,11,94,0.5539,-0.11,12,10.667,-2,1
CZ-016,la_libertad,-11.906208,-77.044979,14434,0.496,0.2784,0.5853,0.6096,0.633,0.7104,0.3078,0.1977,0.6898,2018,5,4,0.421,0.11,0,5.0,-8,0
CZ-016,la_libertad,-11.906208,-77.044979,14434,0.496,0.2784,0.5853,0.6096,0.633,0.7104,0.3078,0.1977,0.6898,2018,6,5,0.4655,0.0,8,6.0,3,1
CZ-016,la_libertad,-11.906208,-77.044979,14434,0.496,0.2784,0.5853,0.6096,0.633,0.7104,0.3078,0.1977,0.6898,2018,7,6,0.5765,0.07,7,5.0,-3,0
CZ-016,la_libertad,-11.906208,-77.044979,14434,0.496,0.2784,0.5853,0.6096,0.633,0.7104,0.3078,0.1977,0.6898,2018,8,7,0.4663,-0.1905,12,9.0,12,0
CZ-016,la_libertad,-11.906208,-77.044979,14434,0.496,0.2784,0.5853,0.6096,0.633,0.7104,0.3078,0.1977,0.6898,2018,9,8,0.4267,-0.22,8,9.0,0,0
CZ-016,la_libertad,-11.906208,-77.044979,14434,0.496,0.2784,0.5853,0.6096,0.633,0.7104,0.3078,0.1977,0.6898,2018,10,9,0.4898,-0.1905,5,8.333,-2,0
CZ-016,la_libertad,-11.906208,-77.044979,14434,0.496,0.2784,0.5853,0.6096,0.633,0.7104,0.3078,0.1977,0.6898,2018,11,10,0.4813,-0.11,6,6.333,-6,0
CZ-016,la_libertad,-11.906208,-77.044979,14434,0.496,0.2784,0.5853,0.6096,0.633,0.7104,0.3078,0.1977,0.6898,2018,12,11,0.4843,0.18,4,5.0,-4,1
CZ-016,la_libertad,-11.906208,-77.044979,14434,0.496,0.2784,0.5853,0.6096,0.633,0.7104,0.3078,0.1977,0.6898,2019,1,12,0.3872,0.11,8,6.0,3,1
CZ-016,la_libertad,-11.906208,-77.044979,14434,0.496,0.2784,0.5853,0.6096,0.633,0.7104,0.3078,0.1977,0.6898,2019,2,13,0.4929,0.1905,10,7.333,4,0
CZ-016,la_libertad,-11.906208,-77.044979,14434,0.496,0.2784,0.5853,0.6096,0.633,0.7104,0.3078,0.1977,0.6898,2019,3,14,0.4785,0.22,11,9.667,7,1
CZ-016,la_libertad,-11.906208,-77.044979,14434,0.496,0.2784,0.5853,0.6096,0.633,0.7104,0.3078,0.1977,0.6898,2019,4,15,0.5352,0.1905,8,9.667,0,0
CZ-016,la_libertad,-11.906208,-77.044979,14434,0.496,0.2784,0.5853,0.6096,0.633,0.7104,0.3078,0.1977,0.6898,2019,5,16,0.5525,0.11,13,10.667,3,0
CZ-016,la_libertad,-11.906208,-77.044979,14434,0.496,0.2784,0.5853,0.6096,0.633,0.7104,0.3078,0.1977,0.6898,2019,6,17,0.4141,0.0,8,9.667,-3,0
CZ-016,la_libertad,-11.906208,-77.044979,14434,0.496,0.2784,0.5853,0.6096,0.633,0.7104,0.3078,0.1977,0.6898,2019,7,18,0.5168,0.07,5,8.667,-3,0
CZ-016,la_libertad,-11.906208,-77.044979,14434,0.496,0.2784,0.5853,0.6096,0.633,0.7104,0.3078,0.1977,0.6898,2019,8,19,0.4533,-0.1905,6,6.333,-7,0
CZ-016,la_libertad,-11.906208,-77.044979,14434,0.496,0.2784,0.5853,0.6096,0.633,0.7104,0.3078,0.1977,0.6898,2019,9,20,0.4725,-0.22,6,5.667,-2,0
CZ-016,la_libertad,-11.906208,-77.044979,14434,0.496,0.2784,0.5853,0.6096,0.633,0.7104,0.3078,0.1977,0.6898,2019,10,21,0.5275,-0.1905,6,6.0,1,0
CZ-016,la_libertad,-11.906208,-77.044979,14434,0.496,0.2784,0.5853,0.6096,0.633,0.7104,0.3078,0.1977,0.6898,2019,11,22,0.5,-0.11,8,6.667,2,0
CZ-016,la_libertad,-11.906208,-77.044979,14434,0.496,0.2784,0.5853,0.6096,0.633,0.7104,0.3078,0.1977,0.6898,2019,12,23,0.6148,0.18,3,5.667,-3,0
CZ-016,la_libertad,-11.906208,-77.044979,14434,0.496,0.2784,0.5853,0.6096,0.633,0.7104,0.3078,0.1977,0.6898,2020,1,24,0.4568,0.11,8,6.333,2,0
CZ-016,la_libertad,-11.906208,-77.044979,14434,0.496,0.2784,0.5853,0.6096,0.633,0.7104,0.3078,0.1977,0.6898,2020,2,25,0.4781,0.1905,6,5.667,-2,1
CZ-016,la_libertad,-11.906208,-77.044979,14434,0.496,0.2784,0.5853,0.6096,0.633,0.7104,0.3078,0.1977,0.6898,2020,3,26,0.367,0.22,8,7.333,5,0
CZ-016,la_libertad,-11.906208,-77.044979,14434,0.496,0.2784,0.5853,0.6096,0.633,0.7104,0.3078,0.1977,0.6898,2020,4,27,0.5383,0.1905,10,8.0,2,0
CZ-016,la_libertad,-11.906208,-77.044979,14434,0.496,0.2784,0.5853,0.6096,0.633,0.7104,0.3078,0.1977,0.6898,2020,5,28,0.4266,0.11,5,7.667,-1,0
CZ-016,la_libertad,-11.906208,-77.044979,14434,0.496,0.2784,0.5853,0.6096,0.633,0.7104,0.3078,0.1977,0.6898,2020,6,29,0.4609,0.0,4,6.333,-4,0
CZ-016,la_libertad,-11.906208,-77.044979,14434,0.496,0.2784,0.5853,0.6096,0.633,0.7104,0.3078,0.1977,0.6898,2020,7,30,0.5303,0.07,4,4.333,-6,0
CZ-016,la_libertad,-11.906208,-77.044979,14434,0.496,0.2784,0.5853,0.6096,0.633,0.7104,0.3078,0.1977,0.6898,2020,8,31,0.4522,-0.1905,6,4.667,1,0
CZ-016,la_libertad,-11.906208,-77.044979,14434,0.496,0.2784,0.5853,0.6096,0.633,0.7104,0.3078,0.1977,0.6898,2020,9,32,0.4161,-0.22,8,6.0,4,0
CZ-016,la_libertad,-11.906208,-77.044979,14434,0.496,0.2784,0.5853,0.6096,0.633,0.7104,0.3078,0.1977,0.6898,2020,10,33,0.4112,-0.1905,3,5.667,-1,0
CZ-016,la_libertad,-11.906208,-77.044979,14434,0.496,0.2784,0.5853,0.6096,0.633,0.7104,0.3078,0.1977,0.6898,2020,11,34,0.5296,-0.11,5,5.333,-1,0
CZ-016,la_libertad,-11.906208,-77.044979,14434,0.496,0.2784,0.5853,0.6096,0.633,0.7104,0.3078,0.1977,0.6898,2020,12,35,0.515,0.18,6,4.667,-2,0
CZ-016,la_libertad,-11.906208,-77.044979,14434,0.496,0.2784,0.5853,0.6096,0.633,0.7104,0.3078,0.1977,0.6898,2021,1,36,0.3897,0.11,5,5.333,2,0
CZ-016,la_libertad,-11.906208,-77.044979,14434,0.496,0.2784,0.5853,0.6096,0.633,0.7104,0.3078,0.1977,0.6898,2021,2,37,0.4284,0.1905,8,6.333,3,0
CZ-016,la_libertad,-11.906208,-77.044979,14434,0.496,0.2784,0.5853,0.6096,0.633,0.7104,0.3078,0.1977,0.6898,2021,3,38,0.5418,0.22,7,6.667,1,1
CZ-016,la_libertad,-11.906208,-77.044979,14434,0.496,0.2784,0.5853,0.6096,0.633,0.7104,0.3078,0.1977,0.6898,2021,4,39,0.5355,0.1905,8,7.667,3,0
CZ-016,la_libertad,-11.906208,-77.044979,14434,0.496,0.2784,0.5853,0.6096,0.633,0.7104,0.3078,0.1977,0.6898,2021,5,40,0.5524,0.11,11,8.667,3,0
CZ-016,la_libertad,-11.906208,-77.044979,14434,0.496,0.2784,0.5853,0.6096,0.633,0.7104,0.3078,0.1977,0.6898,2021,6,41,0.4869,0.0,8,9.0,1,0
CZ-016,la_libertad,-11.906208,-77.044979,14434,0.496,0.2784,0.5853,0.6096,0.633,0.7104,0.3078,0.1977,0.6898,2021,7,42,0.5513,0.07,7,8.667,-1,0
CZ-016,la_libertad,-11.906208,-77.044979,14434,0.496,0.2784,0.5853,0.6096,0.633,0.7104,0.3078,0.1977,0.6898,2021,8,43,0.5094,-0.1905,5,6.667,-6,0
CZ-016,la_libertad,-11.906208,-77.044979,14434,0.496,0.2784,0.5853,0.6096,0.633,0.7104,0.3078,0.1977,0.6898,2021,9,44,0.462,-0.22,3,5.0,-5,0
CZ-016,la_libertad,-11.906208,-77.044979,14434,0.496,0.2784,0.5853,0.6096,0.633,0.7104,0.3078,0.1977,0.6898,2021,10,45,0.5567,-0.1905,5,4.333,-2,1
CZ-016,la_libertad,-11.906208,-77.044979,14434,0.496,0.2784,0.5853,0.6096,0.633,0.7104,0.3078,0.1977,0.6898,2021,11,46,0.4996,-0.11,7,5.0,2,0
CZ-016,la_libertad,-11.906208,-77.044979,14434,0.496,0.2784,0.5853,0.6096,0.633,0.7104,0.3078,0.1977,0.6898,2021,12,47,0.596,0.18,14,8.667,11,0
CZ-016,la_libertad,-11.906208,-77.044979,14434,0.496,0.2784,0.5853,0.6096,0.633,0.7104,0.3078,0.1977,0.6898,2022,1,48,0.4986,0.11,7,9.333,2,0
CZ-016,la_libertad,-11.906208,-77.044979,14434,0.496,0.2784,0.5853,0.6096,0.633,0.7104,0.3078,0.1977,0.6898,2022,2,49,0.4124,0.1905,8,9.667,1,1
CZ-016,la_libertad,-11.906208,-77.044979,14434,0.496,0.2784,0.5853,0.6096,0.633,0.7104,0.3078,0.1977,0.6898,2022,3,50,0.5815,0.22,7,7.333,-7,0
CZ-016,la_libertad,-11.906208,-77.044979,14434,0.496,0.2784,0.5853,0.6096,0.633,0.7104,0.3078,0.1977,0.6898,2022,4,51,0.4241,0.1905,9,8.0,2,0
CZ-016,la_libertad,-11.906208,-77.044979,14434,0.496,0.2784,0.5853,0.6096,0.633,0.7104,0.3078,0.1977,0.6898,2022,5,52,0.3818,0.11,4,6.667,-4,1
CZ-016,la_libertad,-11.906208,-77.044979,14434,0.496,0.2784,0.5853,0.6096,0.633,0.7104,0.3078,0.1977,0.6898,2022,6,53,0.4614,0.0,8,7.0,1,1
CZ-016,la_libertad,-11.906208,-77.044979,14434,0.496,0.2784,0.5853,0.6096,0.633,0.7104,0.3078,0.1977,0.6898,2022,7,54,0.5064,0.07,9,7.0,0,0
CZ-016,la_libertad,-11.906208,-77.044979,14434,0.496,0.2784,0.5853,0.6096,0.633,0.7104,0.3078,0.1977,0.6898,2022,8,55,0.4801,-0.1905,9,8.667,5,0
CZ-016,la_libertad,-11.906208,-77.044979,14434,0.496,0.2784,0.5853,0.6096,0.633,0.7104,0.3078,0.1977,0.6898,2022,9,56,0.3946,-0.22,6,8.0,-2,0
CZ-016,la_libertad,-11.906208,-77.044979,14434,0.496,0.2784,0.5853,0.6096,0.633,0.7104,0.3078,0.1977,0.6898,2022,10,57,0.5453,-0.1905,8,7.667,-1,1
CZ-016,la_libertad,-11.906208,-77.044979,14434,0.496,0.2784,0.5853,0.6096,0.633,0.7104,0.3078,0.1977,0.6898,2022,11,58,0.5142,-0.11,6,6.667,-3,0
CZ-016,la_libertad,-11.906208,-77.044979,14434,0.496,0.2784,0.5853,0.6096,0.633,0.7104,0.3078,0.1977,0.6898,2022,12,59,0.4947,0.18,10,8.0,4,1
CZ-016,la_libertad,-11.906208,-77.044979,14434,0.496,0.2784,0.5853,0.6096,0.633,0.7104,0.3078,0.1977,0.6898,2023,1,60,0.5151,0.11,6,7.333,-2,0
CZ-016,la_libertad,-11.906208,-77.044979,14434,0.496,0.2784,0.5853,0.6096,0.633,0.7104,0.3078,0.1977,0.6898,2023,2,61,0.477,0.1905,10,8.667,4,0
CZ-016,la_libertad,-11.906208,-77.044979,14434,0.496,0.2784,0.5853,0.6096,0.633,0.7104,0.3078,0.1977,0.6898,2023,3,62,0.4029,0.22,8,8.0,-2,1
CZ-016,la_libertad,-11.906208,-77.044979,14434,0.496,0.2784,0.5853,0.6096,0.633,0.7104,0.3078,0.1977,0.6898,2023,4,63,0.4307,0.1905,3,7.0,-3,0
CZ-016,la_libertad,-11.906208,-77.044979,14434,0.496,0.2784,0.5853,0.6096,0.633,0.7104,0.3078,0.1977,0.6898,2023,5,64,0.4987,0.11,11,7.333,1,1
CZ-016,la_libertad,-11.906208,-77.044979,14434,0.496,0.2784,0.5853,0.6096,0.633,0.7104,0.3078,0.1977,0.6898,2023,6,65,0.3838,0.0,5,6.333,-3,0
CZ-016,la_libertad,-11.906208,-77.044979,14434,0.496,0.2784,0.5853,0.6096,0.633,0.7104,0.3078,0.1977,0.6898,2023,7,66,0.5632,0.07,9,8.333,6,1
CZ-016,la_libertad,-11.906208,-77.044979,14434,0.496,0.2784,0.5853,0.6096,0.633,0.7104,0.3078,0.1977,0.6898,2023,8,67,0.3469,-0.1905,4,6.0,-7,0
CZ-016,la_libertad,-11.906208,-77.044979,14434,0.496,0.2784,0.5853,0.6096,0.633,0.7104,0.3078,0.1977,0.6898,2023,9,68,0.4457,-0.22,9,7.333,4,0
CZ-016,la_libertad,-11.906208,-77.044979,14434,0.496,0.2784,0.5853,0.6096,0.633,0.7104,0.3078,0.1977,0.6898,2023,10,69,0.4871,-0.1905,7,6.667,-2,0
CZ-016,la_libertad,-11.906208,-77.044979,14434,0.496,0.2784,0.5853,0.6096,0.633,0.7104,0.3078,0.1977,0.6898,2023,11,70,0.4492,-0.11,4,6.667,0,1
CZ-016,la_libertad,-11.906208,-77.044979,14434,0.496,0.2784,0.5853,0.6096,0.633,0.7104,0.3078,0.1977,0.6898,2023,12,71,0.5819,0.18,6,5.667,-3,1
CZ-016,la_libertad,-11.906208,-77.044979,14434,0.496,0.2784,0.5853,0.6096,0.633,0.7104,0.3078,0.1977,0.6898,2024,1,72,0.3463,0.11,13,7.667,6,0
CZ-016,la_libertad,-11.906208,-77.044979,14434,0.496,0.2784,0.5853,0.6096,0.633,0.7104,0.3078,0.1977,0.6898,2024,2,73,0.5272,0.1905,10,9.667,6,1
CZ-016,la_libertad,-11.906208,-77.044979,14434,0.496,0.2784,0.5853,0.6096,0.633,0.7104,0.3078,0.1977,0.6898,2024,3,74,0.454,0.22,8,10.333,2,1
CZ-016,la_libertad,-11.906208,-77.044979,14434,0.496,0.2784,0.5853,0.6096,0.633,0.7104,0.3078,0.1977,0.6898,2024,4,75,0.4046,0.1905,15,11.0,2,1
CZ-016,la_libertad,-11.906208,-77.044979,14434,0.496,0.2784,0.5853,0.6096,0.633,0.7104,0.3078,0.1977,0.6898,2024,5,76,0.532,0.11,12,11.667,2,1
CZ-016,la_libertad,-11.906208,-77.044979,14434,0.496,0.2784,0.5853,0.6096,0.633,0.7104,0.3078,0.1977,0.6898,2024,6,77,0.4837,0.0,15,14.0,7,1
CZ-016,la_libertad,-11.906208,-77.044979,14434,0.496,0.2784,0.5853,0.6096,0.633,0.7104,0.3078,0.1977,0.6898,2024,7,78,0.4141,0.07,9,12.0,-6,0
CZ-016,la_libertad,-11.906208,-77.044979,14434,0.496,0.2784,0.5853,0.6096,0.633,0.7104,0.3078,0.1977,0.6898,2024,8,79,0.4349,-0.1905,9,11.0,-3,0
CZ-016,la_libertad,-11.906208,-77.044979,14434,0.496,0.2784,0.5853,0.6096,0.633,0.7104,0.3078,0.1977,0.6898,2024,9,80,0.3783,-0.22,6,8.0,-9,0
CZ-016,la_libertad,-11.906208,-77.044979,14434,0.496,0.2784,0.5853,0.6096,0.633,0.7104,0.3078,0.1977,0.6898,2024,10,81,0.459,-0.1905,4,6.333,-5,0
CZ-016,la_libertad,-11.906208,-77.044979,14434,0.496,0.2784,0.5853,0.6096,0.633,0.7104,0.3078,0.1977,0.6898,2024,11,82,0.4499,-0.11,6,5.333,-3,1
CZ-016,la_libertad,-11.906208,-77.044979,14434,0.496,0.2784,0.5853,0.6096,0.633,0.7104,0.3078,0.1977,0.6898,2024,12,83,0.442,0.18,8,6.0,2,1
CZ-016,la_libertad,-11.906208,-77.044979,14434,0.496,0.2784,0.5853,0.6096,0.633,0.7104,0.3078,0.1977,0.6898,2025,1,84,0.4066,0.11,9,7.667,5,1
CZ-016,la_libertad,-11.906208,-77.044979,14434,0.496,0.2784,0.5853,0.6096,0.633,0.7104,0.3078,0.1977,0.6898,2025,2,85,0.3504,0.1905,11,9.333,5,1
CZ-016,la_libertad,-11.906208,-77.044979,14434,0.496,0.2784,0.5853,0.6096,0.633,0.7104,0.3078,0.1977,0.6898,2025,3,86,0.4224,0.22,11,10.333,3,1
CZ-016,la_libertad,-11.906208,-77.044979,14434,0.496,0.2784,0.5853,0.6096,0.633,0.7104,0.3078,0.1977,0.6898,2025,4,87,0.4856,0.1905,9,10.333,0,1
CZ-016,la_libertad,-11.906208,-77.044979,14434,0.496,0.2784,0.5853,0.6096,0.633,0.7104,0.3078,0.1977,0.6898,2025,5,88,0.3917,0.11,10,10.0,-1,0
CZ-016,la_libertad,-11.906208,-77.044979,14434,0.496,0.2784,0.5853,0.6096,0.633,0.7104,0.3078,0.1977,0.6898,2025,6,89,0.414,0.0,12,10.333,1,1
CZ-016,la_libertad,-11.906208,-77.044979,14434,0.496,0.2784,0.5853,0.6096,0.633,0.7104,0.3078,0.1977,0.6898,2025,7,90,0.4874,0.07,8,10.0,-1,1
CZ-016,la_libertad,-11.906208,-77.044979,14434,0.496,0.2784,0.5853,0.6096,0.633,0.7104,0.3078,0.1977,0.6898,2025,8,91,0.3764,-0.1905,17,12.333,7,1
CZ-016,la_libertad,-11.906208,-77.044979,14434,0.496,0.2784,0.5853,0.6096,0.633,0.7104,0.3078,0.1977,0.6898,2025,9,92,0.5369,-0.22,10,11.667,-2,0
CZ-016,la_libertad,-11.906208,-77.044979,14434,0.496,0.2784,0.5853,0.6096,0.633,0.7104,0.3078,0.1977,0.6898,2025,10,93,0.4583,-0.1905,10,12.333,2,1
CZ-016,la_libertad,-11.906208,-77.044979,14434,0.496,0.2784,0.5853,0.6096,0.633,0.7104,0.3078,0.1977,0.6898,2025,11,94,0.4113,-0.11,6,8.667,-11,1
CZ-017,retablo,-11.915176,-77.051856,13579,0.4761,0.2619,0.72,0.546,0.5158,0.828,0.2093,0.4159,0.7577,2018,5,4,0.4676,0.11,4,7.333,-3,0
CZ-017,retablo,-11.915176,-77.051856,13579,0.4761,0.2619,0.72,0.546,0.5158,0.828,0.2093,0.4159,0.7577,2018,6,5,0.5724,0.0,3,5.333,-6,0
CZ-017,retablo,-11.915176,-77.051856,13579,0.4761,0.2619,0.72,0.546,0.5158,0.828,0.2093,0.4159,0.7577,2018,7,6,0.5709,0.07,5,4.0,-4,0
CZ-017,retablo,-11.915176,-77.051856,13579,0.4761,0.2619,0.72,0.546,0.5158,0.828,0.2093,0.4159,0.7577,2018,8,7,0.4666,-0.1905,5,4.333,1,0
CZ-017,retablo,-11.915176,-77.051856,13579,0.4761,0.2619,0.72,0.546,0.5158,0.828,0.2093,0.4159,0.7577,2018,9,8,0.4957,-0.22,1,3.667,-2,0
CZ-017,retablo,-11.915176,-77.051856,13579,0.4761,0.2619,0.72,0.546,0.5158,0.828,0.2093,0.4159,0.7577,2018,10,9,0.4531,-0.1905,6,4.0,1,0
CZ-017,retablo,-11.915176,-77.051856,13579,0.4761,0.2619,0.72,0.546,0.5158,0.828,0.2093,0.4159,0.7577,2018,11,10,0.4983,-0.11,4,3.667,-1,0
CZ-017,retablo,-11.915176,-77.051856,13579,0.4761,0.2619,0.72,0.546,0.5158,0.828,0.2093,0.4159,0.7577,2018,12,11,0.5313,0.18,7,5.667,6,0
CZ-017,retablo,-11.915176,-77.051856,13579,0.4761,0.2619,0.72,0.546,0.5158,0.828,0.2093,0.4159,0.7577,2019,1,12,0.4557,0.11,8,6.333,2,0
CZ-017,retablo,-11.915176,-77.051856,13579,0.4761,0.2619,0.72,0.546,0.5158,0.828,0.2093,0.4159,0.7577,2019,2,13,0.4724,0.1905,8,7.667,4,0
CZ-017,retablo,-11.915176,-77.051856,13579,0.4761,0.2619,0.72,0.546,0.5158,0.828,0.2093,0.4159,0.7577,2019,3,14,0.5213,0.22,6,7.333,-1,0
CZ-017,retablo,-11.915176,-77.051856,13579,0.4761,0.2619,0.72,0.546,0.5158,0.828,0.2093,0.4159,0.7577,2019,4,15,0.4786,0.1905,7,7.0,-1,0
CZ-017,retablo,-11.915176,-77.051856,13579,0.4761,0.2619,0.72,0.546,0.5158,0.828,0.2093,0.4159,0.7577,2019,5,16,0.4926,0.11,3,5.333,-5,0
CZ-017,retablo,-11.915176,-77.051856,13579,0.4761,0.2619,0.72,0.546,0.5158,0.828,0.2093,0.4159,0.7577,2019,6,17,0.5623,0.0,7,5.667,1,0
CZ-017,retablo,-11.915176,-77.051856,13579,0.4761,0.2619,0.72,0.546,0.5158,0.828,0.2093,0.4159,0.7577,2019,7,18,0.5123,0.07,8,6.0,1,0
CZ-017,retablo,-11.915176,-77.051856,13579,0.4761,0.2619,0.72,0.546,0.5158,0.828,0.2093,0.4159,0.7577,2019,8,19,0.4978,-0.1905,2,5.667,-1,0
CZ-017,retablo,-11.915176,-77.051856,13579,0.4761,0.2619,0.72,0.546,0.5158,0.828,0.2093,0.4159,0.7577,2019,9,20,0.4225,-0.22,3,4.333,-4,0
CZ-017,retablo,-11.915176,-77.051856,13579,0.4761,0.2619,0.72,0.546,0.5158,0.828,0.2093,0.4159,0.7577,2019,10,21,0.5141,-0.1905,7,4.0,-1,0
CZ-017,retablo,-11.915176,-77.051856,13579,0.4761,0.2619,0.72,0.546,0.5158,0.828,0.2093,0.4159,0.7577,2019,11,22,0.5076,-0.11,1,3.667,-1,0
CZ-017,retablo,-11.915176,-77.051856,13579,0.4761,0.2619,0.72,0.546,0.5158,0.828,0.2093,0.4159,0.7577,2019,12,23,0.4949,0.18,3,3.667,0,1
CZ-017,retablo,-11.915176,-77.051856,13579,0.4761,0.2619,0.72,0.546,0.5158,0.828,0.2093,0.4159,0.7577,2020,1,24,0.4815,0.11,6,3.333,-1,1
CZ-017,retablo,-11.915176,-77.051856,13579,0.4761,0.2619,0.72,0.546,0.5158,0.828,0.2093,0.4159,0.7577,2020,2,25,0.4941,0.1905,17,8.667,16,1
CZ-017,retablo,-11.915176,-77.051856,13579,0.4761,0.2619,0.72,0.546,0.5158,0.828,0.2093,0.4159,0.7577,2020,3,26,0.5029,0.22,9,10.667,6,0
CZ-017,retablo,-11.915176,-77.051856,13579,0.4761,0.2619,0.72,0.546,0.5158,0.828,0.2093,0.4159,0.7577,2020,4,27,0.4977,0.1905,9,11.667,3,0
CZ-017,retablo,-11.915176,-77.051856,13579,0.4761,0.2619,0.72,0.546,0.5158,0.828,0.2093,0.4159,0.7577,2020,5,28,0.486,0.11,6,8.0,-11,0
CZ-017,retablo,-11.915176,-77.051856,13579,0.4761,0.2619,0.72,0.546,0.5158,0.828,0.2093,0.4159,0.7577,2020,6,29,0.4292,0.0,6,7.0,-3,0
CZ-017,retablo,-11.915176,-77.051856,13579,0.4761,0.2619,0.72,0.546,0.5158,0.828,0.2093,0.4159,0.7577,2020,7,30,0.6014,0.07,5,5.667,-4,0
CZ-017,retablo,-11.915176,-77.051856,13579,0.4761,0.2619,0.72,0.546,0.5158,0.828,0.2093,0.4159,0.7577,2020,8,31,0.5262,-0.1905,5,5.333,-1,0
CZ-017,retablo,-11.915176,-77.051856,13579,0.4761,0.2619,0.72,0.546,0.5158,0.828,0.2093,0.4159,0.7577,2020,9,32,0.5271,-0.22,5,5.0,-1,0
CZ-017,retablo,-11.915176,-77.051856,13579,0.4761,0.2619,0.72,0.546,0.5158,0.828,0.2093,0.4159,0.7577,2020,10,33,0.521,-0.1905,3,4.333,-2,0
CZ-017,retablo,-11.915176,-77.051856,13579,0.4761,0.2619,0.72,0.546,0.5158,0.828,0.2093,0.4159,0.7577,2020,11,34,0.4602,-0.11,6,4.667,1,0
CZ-017,retablo,-11.915176,-77.051856,13579,0.4761,0.2619,0.72,0.546,0.5158,0.828,0.2093,0.4159,0.7577,2020,12,35,0.5746,0.18,6,5.0,1,0
CZ-017,retablo,-11.915176,-77.051856,13579,0.4761,0.2619,0.72,0.546,0.5158,0.828,0.2093,0.4159,0.7577,2021,1,36,0.4887,0.11,7,6.333,4,1
CZ-017,retablo,-11.915176,-77.051856,13579,0.4761,0.2619,0.72,0.546,0.5158,0.828,0.2093,0.4159,0.7577,2021,2,37,0.5,0.1905,7,6.667,1,0
CZ-017,retablo,-11.915176,-77.051856,13579,0.4761,0.2619,0.72,0.546,0.5158,0.828,0.2093,0.4159,0.7577,2021,3,38,0.5377,0.22,10,8.0,4,0
CZ-017,retablo,-11.915176,-77.051856,13579,0.4761,0.2619,0.72,0.546,0.5158,0.828,0.2093,0.4159,0.7577,2021,4,39,0.46,0.1905,8,8.333,1,1
CZ-017,retablo,-11.915176,-77.051856,13579,0.4761,0.2619,0.72,0.546,0.5158,0.828,0.2093,0.4159,0.7577,2021,5,40,0.464,0.11,7,8.333,0,0
CZ-017,retablo,-11.915176,-77.051856,13579,0.4761,0.2619,0.72,0.546,0.5158,0.828,0.2093,0.4159,0.7577,2021,6,41,0.4697,0.0,9,8.0,-1,0
CZ-017,retablo,-11.915176,-77.051856,13579,0.4761,0.2619,0.72,0.546,0.5158,0.828,0.2093,0.4159,0.7577,2021,7,42,0.4876,0.07,5,7.0,-3,0
CZ-017,retablo,-11.915176,-77.051856,13579,0.4761,0.2619,0.72,0.546,0.5158,0.828,0.2093,0.4159,0.7577,2021,8,43,0.5145,-0.1905,6,6.667,-1,0
CZ-017,retablo,-11.915176,-77.051856,13579,0.4761,0.2619,0.72,0.546,0.5158,0.828,0.2093,0.4159,0.7577,2021,9,44,0.5261,-0.22,7,6.0,-2,0
CZ-017,retablo,-11.915176,-77.051856,13579,0.4761,0.2619,0.72,0.546,0.5158,0.828,0.2093,0.4159,0.7577,2021,10,45,0.4894,-0.1905,5,6.0,0,0
CZ-017,retablo,-11.915176,-77.051856,13579,0.4761,0.2619,0.72,0.546,0.5158,0.828,0.2093,0.4159,0.7577,2021,11,46,0.4216,-0.11,5,5.667,-1,0
CZ-017,retablo,-11.915176,-77.051856,13579,0.4761,0.2619,0.72,0.546,0.5158,0.828,0.2093,0.4159,0.7577,2021,12,47,0.6149,0.18,5,5.0,-2,1
CZ-017,retablo,-11.915176,-77.051856,13579,0.4761,0.2619,0.72,0.546,0.5158,0.828,0.2093,0.4159,0.7577,2022,1,48,0.4785,0.11,8,6.0,3,1
CZ-017,retablo,-11.915176,-77.051856,13579,0.4761,0.2619,0.72,0.546,0.5158,0.828,0.2093,0.4159,0.7577,2022,2,49,0.5528,0.1905,10,7.667,5,0
CZ-017,retablo,-11.915176,-77.051856,13579,0.4761,0.2619,0.72,0.546,0.5158,0.828,0.2093,0.4159,0.7577,2022,3,50,0.5231,0.22,12,10.0,7,0
CZ-017,retablo,-11.915176,-77.051856,13579,0.4761,0.2619,0.72,0.546,0.5158,0.828,0.2093,0.4159,0.7577,2022,4,51,0.5365,0.1905,8,10.0,0,1
CZ-017,retablo,-11.915176,-77.051856,13579,0.4761,0.2619,0.72,0.546,0.5158,0.828,0.2093,0.4159,0.7577,2022,5,52,0.5504,0.11,6,8.667,-4,1
CZ-017,retablo,-11.915176,-77.051856,13579,0.4761,0.2619,0.72,0.546,0.5158,0.828,0.2093,0.4159,0.7577,2022,6,53,0.4504,0.0,10,8.0,-2,0
CZ-017,retablo,-11.915176,-77.051856,13579,0.4761,0.2619,0.72,0.546,0.5158,0.828,0.2093,0.4159,0.7577,2022,7,54,0.6015,0.07,9,8.333,1,0
CZ-017,retablo,-11.915176,-77.051856,13579,0.4761,0.2619,0.72,0.546,0.5158,0.828,0.2093,0.4159,0.7577,2022,8,55,0.4891,-0.1905,4,7.667,-2,1
CZ-017,retablo,-11.915176,-77.051856,13579,0.4761,0.2619,0.72,0.546,0.5158,0.828,0.2093,0.4159,0.7577,2022,9,56,0.4722,-0.22,3,5.333,-7,0
CZ-017,retablo,-11.915176,-77.051856,13579,0.4761,0.2619,0.72,0.546,0.5158,0.828,0.2093,0.4159,0.7577,2022,10,57,0.4788,-0.1905,10,5.667,1,0
CZ-017,retablo,-11.915176,-77.051856,13579,0.4761,0.2619,0.72,0.546,0.5158,0.828,0.2093,0.4159,0.7577,2022,11,58,0.4659,-0.11,4,5.667,0,1
CZ-017,retablo,-11.915176,-77.051856,13579,0.4761,0.2619,0.72,0.546,0.5158,0.828,0.2093,0.4159,0.7577,2022,12,59,0.5679,0.18,8,7.333,5,1
CZ-017,retablo,-11.915176,-77.051856,13579,0.4761,0.2619,0.72,0.546,0.5158,0.828,0.2093,0.4159,0.7577,2023,1,60,0.5006,0.11,14,8.667,4,0
CZ-017,retablo,-11.915176,-77.051856,13579,0.4761,0.2619,0.72,0.546,0.5158,0.828,0.2093,0.4159,0.7577,2023,2,61,0.5096,0.1905,10,10.667,6,0
CZ-017,retablo,-11.915176,-77.051856,13579,0.4761,0.2619,0.72,0.546,0.5158,0.828,0.2093,0.4159,0.7577,2023,3,62,0.5387,0.22,7,10.333,-1,1
CZ-017,retablo,-11.915176,-77.051856,13579,0.4761,0.2619,0.72,0.546,0.5158,0.828,0.2093,0.4159,0.7577,2023,4,63,0.4282,0.1905,5,7.333,-9,1
CZ-017,retablo,-11.915176,-77.051856,13579,0.4761,0.2619,0.72,0.546,0.5158,0.828,0.2093,0.4159,0.7577,2023,5,64,0.4461,0.11,9,7.0,-1,0
CZ-017,retablo,-11.915176,-77.051856,13579,0.4761,0.2619,0.72,0.546,0.5158,0.828,0.2093,0.4159,0.7577,2023,6,65,0.4822,0.0,12,8.667,5,1
CZ-017,retablo,-11.915176,-77.051856,13579,0.4761,0.2619,0.72,0.546,0.5158,0.828,0.2093,0.4159,0.7577,2023,7,66,0.4833,0.07,4,8.333,-1,0
CZ-017,retablo,-11.915176,-77.051856,13579,0.4761,0.2619,0.72,0.546,0.5158,0.828,0.2093,0.4159,0.7577,2023,8,67,0.4664,-0.1905,11,9.0,2,0
CZ-017,retablo,-11.915176,-77.051856,13579,0.4761,0.2619,0.72,0.546,0.5158,0.828,0.2093,0.4159,0.7577,2023,9,68,0.3911,-0.22,7,7.333,-5,0
CZ-017,retablo,-11.915176,-77.051856,13579,0.4761,0.2619,0.72,0.546,0.5158,0.828,0.2093,0.4159,0.7577,2023,10,69,0.4399,-0.1905,4,7.333,0,1
CZ-017,retablo,-11.915176,-77.051856,13579,0.4761,0.2619,0.72,0.546,0.5158,0.828,0.2093,0.4159,0.7577,2023,11,70,0.429,-0.11,5,5.333,-6,1
CZ-017,retablo,-11.915176,-77.051856,13579,0.4761,0.2619,0.72,0.546,0.5158,0.828,0.2093,0.4159,0.7577,2023,12,71,0.5595,0.18,9,6.0,2,1
CZ-017,retablo,-11.915176,-77.051856,13579,0.4761,0.2619,0.72,0.546,0.5158,0.828,0.2093,0.4159,0.7577,2024,1,72,0.5156,0.11,12,8.667,8,1
CZ-017,retablo,-11.915176,-77.051856,13579,0.4761,0.2619,0.72,0.546,0.5158,0.828,0.2093,0.4159,0.7577,2024,2,73,0.4811,0.1905,10,10.333,5,1
CZ-017,retablo,-11.915176,-77.051856,13579,0.4761,0.2619,0.72,0.546,0.5158,0.828,0.2093,0.4159,0.7577,2024,3,74,0.4538,0.22,9,10.333,0,1
CZ-017,retablo,-11.915176,-77.051856,13579,0.4761,0.2619,0.72,0.546,0.5158,0.828,0.2093,0.4159,0.7577,2024,4,75,0.4933,0.1905,9,9.333,-3,1
CZ-017,retablo,-11.915176,-77.051856,13579,0.4761,0.2619,0.72,0.546,0.5158,0.828,0.2093,0.4159,0.7577,2024,5,76,0.5072,0.11,11,9.667,1,0
CZ-017,retablo,-11.915176,-77.051856,13579,0.4761,0.2619,0.72,0.546,0.5158,0.828,0.2093,0.4159,0.7577,2024,6,77,0.471,0.0,10,10.0,1,1
CZ-017,retablo,-11.915176,-77.051856,13579,0.4761,0.2619,0.72,0.546,0.5158,0.828,0.2093,0.4159,0.7577,2024,7,78,0.602,0.07,4,8.333,-5,0
CZ-017,retablo,-11.915176,-77.051856,13579,0.4761,0.2619,0.72,0.546,0.5158,0.828,0.2093,0.4159,0.7577,2024,8,79,0.4725,-0.1905,10,8.0,-1,1
CZ-017,retablo,-11.915176,-77.051856,13579,0.4761,0.2619,0.72,0.546,0.5158,0.828,0.2093,0.4159,0.7577,2024,9,80,0.5313,-0.22,8,7.333,-2,0
CZ-017,retablo,-11.915176,-77.051856,13579,0.4761,0.2619,0.72,0.546,0.5158,0.828,0.2093,0.4159,0.7577,2024,10,81,0.5372,-0.1905,10,9.333,6,0
CZ-017,retablo,-11.915176,-77.051856,13579,0.4761,0.2619,0.72,0.546,0.5158,0.828,0.2093,0.4159,0.7577,2024,11,82,0.432,-0.11,5,7.667,-5,1
CZ-017,retablo,-11.915176,-77.051856,13579,0.4761,0.2619,0.72,0.546,0.5158,0.828,0.2093,0.4159,0.7577,2024,12,83,0.6478,0.18,5,6.667,-3,1
CZ-017,retablo,-11.915176,-77.051856,13579,0.4761,0.2619,0.72,0.546,0.5158,0.828,0.2093,0.4159,0.7577,2025,1,84,0.4417,0.11,13,7.667,3,1
CZ-017,retablo,-11.915176,-77.051856,13579,0.4761,0.2619,0.72,0.546,0.5158,0.828,0.2093,0.4159,0.7577,2025,2,85,0.495,0.1905,12,10.0,7,1
CZ-017,retablo,-11.915176,-77.051856,13579,0.4761,0.2619,0.72,0.546,0.5158,0.828,0.2093,0.4159,0.7577,2025,3,86,0.4788,0.22,10,11.667,5,0
CZ-017,retablo,-11.915176,-77.051856,13579,0.4761,0.2619,0.72,0.546,0.5158,0.828,0.2093,0.4159,0.7577,2025,4,87,0.4842,0.1905,16,12.667,3,1
CZ-017,retablo,-11.915176,-77.051856,13579,0.4761,0.2619,0.72,0.546,0.5158,0.828,0.2093,0.4159,0.7577,2025,5,88,0.4015,0.11,8,11.333,-4,0
CZ-017,retablo,-11.915176,-77.051856,13579,0.4761,0.2619,0.72,0.546,0.5158,0.828,0.2093,0.4159,0.7577,2025,6,89,0.5462,0.0,9,11.0,-1,1
CZ-017,retablo,-11.915176,-77.051856,13579,0.4761,0.2619,0.72,0.546,0.5158,0.828,0.2093,0.4159,0.7577,2025,7,90,0.6224,0.07,8,8.333,-8,0
CZ-017,retablo,-11.915176,-77.051856,13579,0.4761,0.2619,0.72,0.546,0.5158,0.828,0.2093,0.4159,0.7577,2025,8,91,0.4669,-0.1905,16,11.0,8,1
CZ-017,retablo,-11.915176,-77.051856,13579,0.4761,0.2619,0.72,0.546,0.5158,0.828,0.2093,0.4159,0.7577,2025,9,92,0.463,-0.22,4,9.333,-5,0
CZ-017,retablo,-11.915176,-77.051856,13579,0.4761,0.2619,0.72,0.546,0.5158,0.828,0.2093,0.4159,0.7577,2025,10,93,0.5339,-0.1905,10,10.0,2,0
CZ-017,retablo,-11.915176,-77.051856,13579,0.4761,0.2619,0.72,0.546,0.5158,0.828,0.2093,0.4159,0.7577,2025,11,94,0.494,-0.11,8,7.333,-8,1
CZ-018,collique,-11.934521,-77.066312,18021,0.6525,0.2977,0.3778,0.2671,0.5344,0.5342,0.1769,0.2158,1.4164,2018,5,4,0.3779,0.11,9,11.0,-1,1
CZ-018,collique,-11.934521,-77.066312,18021,0.6525,0.2977,0.3778,0.2671,0.5344,0.5342,0.1769,0.2158,1.4164,2018,6,5,0.41,0.0,7,9.0,-6,1
CZ-018,collique,-11.934521,-77.066312,18021,0.6525,0.2977,0.3778,0.2671,0.5344,0.5342,0.1769,0.2158,1.4164,2018,7,6,0.4549,0.07,12,9.333,1,1
CZ-018,collique,-11.934521,-77.066312,18021,0.6525,0.2977,0.3778,0.2671,0.5344,0.5342,0.1769,0.2158,1.4164,2018,8,7,0.429,-0.1905,11,10.0,2,1
CZ-018,collique,-11.934521,-77.066312,18021,0.6525,0.2977,0.3778,0.2671,0.5344,0.5342,0.1769,0.2158,1.4164,2018,9,8,0.4115,-0.22,14,12.333,7,1
CZ-018,collique,-11.934521,-77.066312,18021,0.6525,0.2977,0.3778,0.2671,0.5344,0.5342,0.1769,0.2158,1.4164,2018,10,9,0.429,-0.1905,9,11.333,-3,0
CZ-018,collique,-11.934521,-77.066312,18021,0.6525,0.2977,0.3778,0.2671,0.5344,0.5342,0.1769,0.2158,1.4164,2018,11,10,0.4505,-0.11,14,12.333,3,1
CZ-018,collique,-11.934521,-77.066312,18021,0.6525,0.2977,0.3778,0.2671,0.5344,0.5342,0.1769,0.2158,1.4164,2018,12,11,0.4314,0.18,6,9.667,-8,1
CZ-018,collique,-11.934521,-77.066312,18021,0.6525,0.2977,0.3778,0.2671,0.5344,0.5342,0.1769,0.2158,1.4164,2019,1,12,0.426,0.11,13,11.0,4,1
CZ-018,collique,-11.934521,-77.066312,18021,0.6525,0.2977,0.3778,0.2671,0.5344,0.5342,0.1769,0.2158,1.4164,2019,2,13,0.4184,0.1905,11,10.0,-3,0
CZ-018,collique,-11.934521,-77.066312,18021,0.6525,0.2977,0.3778,0.2671,0.5344,0.5342,0.1769,0.2158,1.4164,2019,3,14,0.3935,0.22,11,11.667,5,1
CZ-018,collique,-11.934521,-77.066312,18021,0.6525,0.2977,0.3778,0.2671,0.5344,0.5342,0.1769,0.2158,1.4164,2019,4,15,0.4182,0.1905,8,10.0,-5,1
CZ-018,collique,-11.934521,-77.066312,18021,0.6525,0.2977,0.3778,0.2671,0.5344,0.5342,0.1769,0.2158,1.4164,2019,5,16,0.3949,0.11,13,10.667,2,1
CZ-018,collique,-11.934521,-77.066312,18021,0.6525,0.2977,0.3778,0.2671,0.5344,0.5342,0.1769,0.2158,1.4164,2019,6,17,0.3404,0.0,20,13.667,9,1
CZ-018,collique,-11.934521,-77.066312,18021,0.6525,0.2977,0.3778,0.2671,0.5344,0.5342,0.1769,0.2158,1.4164,2019,7,18,0.4592,0.07,9,14.0,1,1
CZ-018,collique,-11.934521,-77.066312,18021,0.6525,0.2977,0.3778,0.2671,0.5344,0.5342,0.1769,0.2158,1.4164,2019,8,19,0.4581,-0.1905,9,12.667,-4,0
CZ-018,collique,-11.934521,-77.066312,18021,0.6525,0.2977,0.3778,0.2671,0.5344,0.5342,0.1769,0.2158,1.4164,2019,9,20,0.4306,-0.22,9,9.0,-11,1
CZ-018,collique,-11.934521,-77.066312,18021,0.6525,0.2977,0.3778,0.2671,0.5344,0.5342,0.1769,0.2158,1.4164,2019,10,21,0.3657,-0.1905,6,8.0,-3,1
CZ-018,collique,-11.934521,-77.066312,18021,0.6525,0.2977,0.3778,0.2671,0.5344,0.5342,0.1769,0.2158,1.4164,2019,11,22,0.4016,-0.11,13,9.333,4,1
CZ-018,collique,-11.934521,-77.066312,18021,0.6525,0.2977,0.3778,0.2671,0.5344,0.5342,0.1769,0.2158,1.4164,2019,12,23,0.4392,0.18,12,10.333,3,0
CZ-018,collique,-11.934521,-77.066312,18021,0.6525,0.2977,0.3778,0.2671,0.5344,0.5342,0.1769,0.2158,1.4164,2020,1,24,0.3245,0.11,12,12.333,6,1
CZ-018,collique,-11.934521,-77.066312,18021,0.6525,0.2977,0.3778,0.2671,0.5344,0.5342,0.1769,0.2158,1.4164,2020,2,25,0.4087,0.1905,8,10.667,-5,1
CZ-018,collique,-11.934521,-77.066312,18021,0.6525,0.2977,0.3778,0.2671,0.5344,0.5342,0.1769,0.2158,1.4164,2020,3,26,0.4326,0.22,16,12.0,4,1
CZ-018,collique,-11.934521,-77.066312,18021,0.6525,0.2977,0.3778,0.2671,0.5344,0.5342,0.1769,0.2158,1.4164,2020,4,27,0.4197,0.1905,15,13.0,3,1
CZ-018,collique,-11.934521,-77.066312,18021,0.6525,0.2977,0.3778,0.2671,0.5344,0.5342,0.1769,0.2158,1.4164,2020,5,28,0.4273,0.11,14,15.0,6,0
CZ-018,collique,-11.934521,-77.066312,18021,0.6525,0.2977,0.3778,0.2671,0.5344,0.5342,0.1769,0.2158,1.4164,2020,6,29,0.3673,0.0,10,13.0,-6,1
CZ-018,collique,-11.934521,-77.066312,18021,0.6525,0.2977,0.3778,0.2671,0.5344,0.5342,0.1769,0.2158,1.4164,2020,7,30,0.5812,0.07,6,10.0,-9,1
CZ-018,collique,-11.934521,-77.066312,18021,0.6525,0.2977,0.3778,0.2671,0.5344,0.5342,0.1769,0.2158,1.4164,2020,8,31,0.4228,-0.1905,16,10.667,2,1
CZ-018,collique,-11.934521,-77.066312,18021,0.6525,0.2977,0.3778,0.2671,0.5344,0.5342,0.1769,0.2158,1.4164,2020,9,32,0.367,-0.22,12,11.333,2,1
CZ-018,collique,-11.934521,-77.066312,18021,0.6525,0.2977,0.3778,0.2671,0.5344,0.5342,0.1769,0.2158,1.4164,2020,10,33,0.3711,-0.1905,9,12.333,3,1
CZ-018,collique,-11.934521,-77.066312,18021,0.6525,0.2977,0.3778,0.2671,0.5344,0.5342,0.1769,0.2158,1.4164,2020,11,34,0.4255,-0.11,11,10.667,-5,1
CZ-018,collique,-11.934521,-77.066312,18021,0.6525,0.2977,0.3778,0.2671,0.5344,0.5342,0.1769,0.2158,1.4164,2020,12,35,0.4429,0.18,12,10.667,0,1
CZ-018,collique,-11.934521,-77.066312,18021,0.6525,0.2977,0.3778,0.2671,0.5344,0.5342,0.1769,0.2158,1.4164,2021,1,36,0.3853,0.11,12,11.667,3,1
CZ-018,collique,-11.934521,-77.066312,18021,0.6525,0.2977,0.3778,0.2671,0.5344,0.5342,0.1769,0.2158,1.4164,2021,2,37,0.4497,0.1905,13,12.333,2,1
CZ-018,collique,-11.934521,-77.066312,18021,0.6525,0.2977,0.3778,0.2671,0.5344,0.5342,0.1769,0.2158,1.4164,2021,3,38,0.3477,0.22,19,14.667,7,1
CZ-018,collique,-11.934521,-77.066312,18021,0.6525,0.2977,0.3778,0.2671,0.5344,0.5342,0.1769,0.2158,1.4164,2021,4,39,0.5173,0.1905,16,16.0,4,1
CZ-018,collique,-11.934521,-77.066312,18021,0.6525,0.2977,0.3778,0.2671,0.5344,0.5342,0.1769,0.2158,1.4164,2021,5,40,0.4237,0.11,14,16.333,1,0
CZ-018,collique,-11.934521,-77.066312,18021,0.6525,0.2977,0.3778,0.2671,0.5344,0.5342,0.1769,0.2158,1.4164,2021,6,41,0.3883,0.0,17,15.667,-2,1
CZ-018,collique,-11.934521,-77.066312,18021,0.6525,0.2977,0.3778,0.2671,0.5344,0.5342,0.1769,0.2158,1.4164,2021,7,42,0.4895,0.07,8,13.0,-8,1
CZ-018,collique,-11.934521,-77.066312,18021,0.6525,0.2977,0.3778,0.2671,0.5344,0.5342,0.1769,0.2158,1.4164,2021,8,43,0.4652,-0.1905,10,11.667,-4,1
CZ-018,collique,-11.934521,-77.066312,18021,0.6525,0.2977,0.3778,0.2671,0.5344,0.5342,0.1769,0.2158,1.4164,2021,9,44,0.3793,-0.22,11,9.667,-6,1
CZ-018,collique,-11.934521,-77.066312,18021,0.6525,0.2977,0.3778,0.2671,0.5344,0.5342,0.1769,0.2158,1.4164,2021,10,45,0.3973,-0.1905,12,11.0,4,1
CZ-018,collique,-11.934521,-77.066312,18021,0.6525,0.2977,0.3778,0.2671,0.5344,0.5342,0.1769,0.2158,1.4164,2021,11,46,0.4371,-0.11,12,11.667,2,1
CZ-018,collique,-11.934521,-77.066312,18021,0.6525,0.2977,0.3778,0.2671,0.5344,0.5342,0.1769,0.2158,1.4164,2021,12,47,0.4796,0.18,10,11.333,-1,1
CZ-018,collique,-11.934521,-77.066312,18021,0.6525,0.2977,0.3778,0.2671,0.5344,0.5342,0.1769,0.2158,1.4164,2022,1,48,0.4909,0.11,12,11.333,0,1
CZ-018,collique,-11.934521,-77.066312,18021,0.6525,0.2977,0.3778,0.2671,0.5344,0.5342,0.1769,0.2158,1.4164,2022,2,49,0.3971,0.1905,20,14.0,8,1
CZ-018,collique,-11.934521,-77.066312,18021,0.6525,0.2977,0.3778,0.2671,0.5344,0.5342,0.1769,0.2158,1.4164,2022,3,50,0.3986,0.22,12,14.667,2,1
CZ-018,collique,-11.934521,-77.066312,18021,0.6525,0.2977,0.3778,0.2671,0.5344,0.5342,0.1769,0.2158,1.4164,2022,4,51,0.4636,0.1905,18,16.667,6,1
CZ-018,collique,-11.934521,-77.066312,18021,0.6525,0.2977,0.3778,0.2671,0.5344,0.5342,0.1769,0.2158,1.4164,2022,5,52,0.4964,0.11,22,17.333,2,0
CZ-018,collique,-11.934521,-77.066312,18021,0.6525,0.2977,0.3778,0.2671,0.5344,0.5342,0.1769,0.2158,1.4164,2022,6,53,0.4321,0.0,10,16.667,-2,1
CZ-018,collique,-11.934521,-77.066312,18021,0.6525,0.2977,0.3778,0.2671,0.5344,0.5342,0.1769,0.2158,1.4164,2022,7,54,0.5158,0.07,5,12.333,-13,1
CZ-018,collique,-11.934521,-77.066312,18021,0.6525,0.2977,0.3778,0.2671,0.5344,0.5342,0.1769,0.2158,1.4164,2022,8,55,0.2635,-0.1905,13,9.333,-9,0
CZ-018,collique,-11.934521,-77.066312,18021,0.6525,0.2977,0.3778,0.2671,0.5344,0.5342,0.1769,0.2158,1.4164,2022,9,56,0.3695,-0.22,11,9.667,1,1
CZ-018,collique,-11.934521,-77.066312,18021,0.6525,0.2977,0.3778,0.2671,0.5344,0.5342,0.1769,0.2158,1.4164,2022,10,57,0.3825,-0.1905,8,10.667,3,1
CZ-018,collique,-11.934521,-77.066312,18021,0.6525,0.2977,0.3778,0.2671,0.5344,0.5342,0.1769,0.2158,1.4164,2022,11,58,0.4372,-0.11,11,10.0,-2,1
CZ-018,collique,-11.934521,-77.066312,18021,0.6525,0.2977,0.3778,0.2671,0.5344,0.5342,0.1769,0.2158,1.4164,2022,12,59,0.5468,0.18,14,11.0,3,1
CZ-018,collique,-11.934521,-77.066312,18021,0.6525,0.2977,0.3778,0.2671,0.5344,0.5342,0.1769,0.2158,1.4164,2023,1,60,0.4041,0.11,13,12.667,5,1
CZ-018,collique,-11.934521,-77.066312,18021,0.6525,0.2977,0.3778,0.2671,0.5344,0.5342,0.1769,0.2158,1.4164,2023,2,61,0.3777,0.1905,17,14.667,6,1
CZ-018,collique,-11.934521,-77.066312,18021,0.6525,0.2977,0.3778,0.2671,0.5344,0.5342,0.1769,0.2158,1.4164,2023,3,62,0.4652,0.22,21,17.0,7,1
CZ-018,collique,-11.934521,-77.066312,18021,0.6525,0.2977,0.3778,0.2671,0.5344,0.5342,0.1769,0.2158,1.4164,2023,4,63,0.3959,0.1905,24,20.667,11,1
CZ-018,collique,-11.934521,-77.066312,18021,0.6525,0.2977,0.3778,0.2671,0.5344,0.5342,0.1769,0.2158,1.4164,2023,5,64,0.4228,0.11,14,19.667,-3,1
CZ-018,collique,-11.934521,-77.066312,18021,0.6525,0.2977,0.3778,0.2671,0.5344,0.5342,0.1769,0.2158,1.4164,2023,6,65,0.4312,0.0,11,16.333,-10,1
CZ-018,collique,-11.934521,-77.066312,18021,0.6525,0.2977,0.3778,0.2671,0.5344,0.5342,0.1769,0.2158,1.4164,2023,7,66,0.5182,0.07,13,12.667,-11,0
CZ-018,collique,-11.934521,-77.066312,18021,0.6525,0.2977,0.3778,0.2671,0.5344,0.5342,0.1769,0.2158,1.4164,2023,8,67,0.4681,-0.1905,12,12.0,-2,1
CZ-018,collique,-11.934521,-77.066312,18021,0.6525,0.2977,0.3778,0.2671,0.5344,0.5342,0.1769,0.2158,1.4164,2023,9,68,0.4336,-0.22,7,10.667,-4,1
CZ-018,collique,-11.934521,-77.066312,18021,0.6525,0.2977,0.3778,0.2671,0.5344,0.5342,0.1769,0.2158,1.4164,2023,10,69,0.4777,-0.1905,16,11.667,3,1
CZ-018,collique,-11.934521,-77.066312,18021,0.6525,0.2977,0.3778,0.2671,0.5344,0.5342,0.1769,0.2158,1.4164,2023,11,70,0.482,-0.11,18,13.667,6,1
CZ-018,collique,-11.934521,-77.066312,18021,0.6525,0.2977,0.3778,0.2671,0.5344,0.5342,0.1769,0.2158,1.4164,2023,12,71,0.3836,0.18,18,17.333,11,1
CZ-018,collique,-11.934521,-77.066312,18021,0.6525,0.2977,0.3778,0.2671,0.5344,0.5342,0.1769,0.2158,1.4164,2024,1,72,0.4018,0.11,19,18.333,3,1
CZ-018,collique,-11.934521,-77.066312,18021,0.6525,0.2977,0.3778,0.2671,0.5344,0.5342,0.1769,0.2158,1.4164,2024,2,73,0.5569,0.1905,18,18.333,0,1
CZ-018,collique,-11.934521,-77.066312,18021,0.6525,0.2977,0.3778,0.2671,0.5344,0.5342,0.1769,0.2158,1.4164,2024,3,74,0.4385,0.22,16,17.667,-2,1
CZ-018,collique,-11.934521,-77.066312,18021,0.6525,0.2977,0.3778,0.2671,0.5344,0.5342,0.1769,0.2158,1.4164,2024,4,75,0.4196,0.1905,30,21.333,11,1
CZ-018,collique,-11.934521,-77.066312,18021,0.6525,0.2977,0.3778,0.2671,0.5344,0.5342,0.1769,0.2158,1.4164,2024,5,76,0.3591,0.11,23,23.0,5,1
CZ-018,collique,-11.934521,-77.066312,18021,0.6525,0.2977,0.3778,0.2671,0.5344,0.5342,0.1769,0.2158,1.4164,2024,6,77,0.4062,0.0,14,22.333,-2,1
CZ-018,collique,-11.934521,-77.066312,18021,0.6525,0.2977,0.3778,0.2671,0.5344,0.5342,0.1769,0.2158,1.4164,2024,7,78,0.5718,0.07,23,20.0,-7,1
CZ-018,collique,-11.934521,-77.066312,18021,0.6525,0.2977,0.3778,0.2671,0.5344,0.5342,0.1769,0.2158,1.4164,2024,8,79,0.393,-0.1905,15,17.333,-8,1
CZ-018,collique,-11.934521,-77.066312,18021,0.6525,0.2977,0.3778,0.2671,0.5344,0.5342,0.1769,0.2158,1.4164,2024,9,80,0.507,-0.22,19,19.0,5,0
CZ-018,collique,-11.934521,-77.066312,18021,0.6525,0.2977,0.3778,0.2671,0.5344,0.5342,0.1769,0.2158,1.4164,2024,10,81,0.4152,-0.1905,21,18.333,-2,1
CZ-018,collique,-11.934521,-77.066312,18021,0.6525,0.2977,0.3778,0.2671,0.5344,0.5342,0.1769,0.2158,1.4164,2024,11,82,0.4536,-0.11,6,15.333,-9,1
CZ-018,collique,-11.934521,-77.066312,18021,0.6525,0.2977,0.3778,0.2671,0.5344,0.5342,0.1769,0.2158,1.4164,2024,12,83,0.584,0.18,15,14.0,-4,1
CZ-018,collique,-11.934521,-77.066312,18021,0.6525,0.2977,0.3778,0.2671,0.5344,0.5342,0.1769,0.2158,1.4164,2025,1,84,0.366,0.11,18,13.0,-3,1
CZ-018,collique,-11.934521,-77.066312,18021,0.6525,0.2977,0.3778,0.2671,0.5344,0.5342,0.1769,0.2158,1.4164,2025,2,85,0.3899,0.1905,21,18.0,15,1
CZ-018,collique,-11.934521,-77.066312,18021,0.6525,0.2977,0.3778,0.2671,0.5344,0.5342,0.1769,0.2158,1.4164,2025,3,86,0.4481,0.22,19,19.333,4,1
CZ-018,collique,-11.934521,-77.066312,18021,0.6525,0.2977,0.3778,0.2671,0.5344,0.5342,0.1769,0.2158,1.4164,2025,4,87,0.3944,0.1905,21,20.333,3,1
CZ-018,collique,-11.934521,-77.066312,18021,0.6525,0.2977,0.3778,0.2671,0.5344,0.5342,0.1769,0.2158,1.4164,2025,5,88,0.3756,0.11,20,20.0,-1,1
CZ-018,collique,-11.934521,-77.066312,18021,0.6525,0.2977,0.3778,0.2671,0.5344,0.5342,0.1769,0.2158,1.4164,2025,6,89,0.3537,0.0,17,19.333,-2,1
CZ-018,collique,-11.934521,-77.066312,18021,0.6525,0.2977,0.3778,0.2671,0.5344,0.5342,0.1769,0.2158,1.4164,2025,7,90,0.5193,0.07,17,18.0,-4,1
CZ-018,collique,-11.934521,-77.066312,18021,0.6525,0.2977,0.3778,0.2671,0.5344,0.5342,0.1769,0.2158,1.4164,2025,8,91,0.3617,-0.1905,16,16.667,-4,1
CZ-018,collique,-11.934521,-77.066312,18021,0.6525,0.2977,0.3778,0.2671,0.5344,0.5342,0.1769,0.2158,1.4164,2025,9,92,0.4856,-0.22,18,17.0,1,1
CZ-018,collique,-11.934521,-77.066312,18021,0.6525,0.2977,0.3778,0.2671,0.5344,0.5342,0.1769,0.2158,1.4164,2025,10,93,0.4781,-0.1905,14,16.0,-3,0
CZ-018,collique,-11.934521,-77.066312,18021,0.6525,0.2977,0.3778,0.2671,0.5344,0.5342,0.1769,0.2158,1.4164,2025,11,94,0.3601,-0.11,11,14.333,-5,1
CZ-019,santa_luzmila,-11.903948,-77.06179,9826,0.2425,0.2012,0.7016,0.3871,0.564,0.8078,0.3033,0.3118,1.1157,2018,5,4,0.4913,0.11,9,6.333,4,0
CZ-019,santa_luzmila,-11.903948,-77.06179,9826,0.2425,0.2012,0.7016,0.3871,0.564,0.8078,0.3033,0.3118,1.1157,2018,6,5,0.4544,0.0,5,6.667,1,0
CZ-019,santa_luzmila,-11.903948,-77.06179,9826,0.2425,0.2012,0.7016,0.3871,0.564,0.8078,0.3033,0.3118,1.1157,2018,7,6,0.5235,0.07,5,6.333,-1,0
CZ-019,santa_luzmila,-11.903948,-77.06179,9826,0.2425,0.2012,0.7016,0.3871,0.564,0.8078,0.3033,0.3118,1.1157,2018,8,7,0.3946,-0.1905,2,4.0,-7,0
CZ-019,santa_luzmila,-11.903948,-77.06179,9826,0.2425,0.2012,0.7016,0.3871,0.564,0.8078,0.3033,0.3118,1.1157,2018,9,8,0.5818,-0.22,3,3.333,-2,0
CZ-019,santa_luzmila,-11.903948,-77.06179,9826,0.2425,0.2012,0.7016,0.3871,0.564,0.8078,0.3033,0.3118,1.1157,2018,10,9,0.4875,-0.1905,1,2.0,-4,0
CZ-019,santa_luzmila,-11.903948,-77.06179,9826,0.2425,0.2012,0.7016,0.3871,0.564,0.8078,0.3033,0.3118,1.1157,2018,11,10,0.5859,-0.11,6,3.333,4,0
CZ-019,santa_luzmila,-11.903948,-77.06179,9826,0.2425,0.2012,0.7016,0.3871,0.564,0.8078,0.3033,0.3118,1.1157,2018,12,11,0.5518,0.18,6,4.333,3,0
CZ-019,santa_luzmila,-11.903948,-77.06179,9826,0.2425,0.2012,0.7016,0.3871,0.564,0.8078,0.3033,0.3118,1.1157,2019,1,12,0.4593,0.11,4,5.333,3,0
CZ-019,santa_luzmila,-11.903948,-77.06179,9826,0.2425,0.2012,0.7016,0.3871,0.564,0.8078,0.3033,0.3118,1.1157,2019,2,13,0.5006,0.1905,8,6.0,2,0
CZ-019,santa_luzmila,-11.903948,-77.06179,9826,0.2425,0.2012,0.7016,0.3871,0.564,0.8078,0.3033,0.3118,1.1157,2019,3,14,0.5113,0.22,4,5.333,-2,0
CZ-019,santa_luzmila,-11.903948,-77.06179,9826,0.2425,0.2012,0.7016,0.3871,0.564,0.8078,0.3033,0.3118,1.1157,2019,4,15,0.4782,0.1905,3,5.0,-1,0
CZ-019,santa_luzmila,-11.903948,-77.06179,9826,0.2425,0.2012,0.7016,0.3871,0.564,0.8078,0.3033,0.3118,1.1157,2019,5,16,0.4921,0.11,8,5.0,0,0
CZ-019,santa_luzmila,-11.903948,-77.06179,9826,0.2425,0.2012,0.7016,0.3871,0.564,0.8078,0.3033,0.3118,1.1157,2019,6,17,0.449,0.0,8,6.333,4,0
CZ-019,santa_luzmila,-11.903948,-77.06179,9826,0.2425,0.2012,0.7016,0.3871,0.564,0.8078,0.3033,0.3118,1.1157,2019,7,18,0.5471,0.07,3,6.333,0,0
CZ-019,santa_luzmila,-11.903948,-77.06179,9826,0.2425,0.2012,0.7016,0.3871,0.564,0.8078,0.3033,0.3118,1.1157,2019,8,19,0.4228,-0.1905,7,6.0,-1,0
CZ-019,santa_luzmila,-11.903948,-77.06179,9826,0.2425,0.2012,0.7016,0.3871,0.564,0.8078,0.3033,0.3118,1.1157,2019,9,20,0.5304,-0.22,1,3.667,-7,0
CZ-019,santa_luzmila,-11.903948,-77.06179,9826,0.2425,0.2012,0.7016,0.3871,0.564,0.8078,0.3033,0.3118,1.1157,2019,10,21,0.5011,-0.1905,6,4.667,3,0
CZ-019,santa_luzmila,-11.903948,-77.06179,9826,0.2425,0.2012,0.7016,0.3871,0.564,0.8078,0.3033,0.3118,1.1157,2019,11,22,0.502,-0.11,6,4.333,-1,0
CZ-019,santa_luzmila,-11.903948,-77.06179,9826,0.2425,0.2012,0.7016,0.3871,0.564,0.8078,0.3033,0.3118,1.1157,2019,12,23,0.6013,0.18,5,5.667,4,0
CZ-019,santa_luzmila,-11.903948,-77.06179,9826,0.2425,0.2012,0.7016,0.3871,0.564,0.8078,0.3033,0.3118,1.1157,2020,1,24,0.4615,0.11,3,4.667,-3,1
CZ-019,santa_luzmila,-11.903948,-77.06179,9826,0.2425,0.2012,0.7016,0.3871,0.564,0.8078,0.3033,0.3118,1.1157,2020,2,25,0.4971,0.1905,4,4.0,-2,0
CZ-019,santa_luzmila,-11.903948,-77.06179,9826,0.2425,0.2012,0.7016,0.3871,0.564,0.8078,0.3033,0.3118,1.1157,2020,3,26,0.5086,0.22,10,5.667,5,0
CZ-019,santa_luzmila,-11.903948,-77.06179,9826,0.2425,0.2012,0.7016,0.3871,0.564,0.8078,0.3033,0.3118,1.1157,2020,4,27,0.4358,0.1905,5,6.333,2,0
CZ-019,santa_luzmila,-11.903948,-77.06179,9826,0.2425,0.2012,0.7016,0.3871,0.564,0.8078,0.3033,0.3118,1.1157,2020,5,28,0.4134,0.11,6,7.0,2,0
CZ-019,santa_luzmila,-11.903948,-77.06179,9826,0.2425,0.2012,0.7016,0.3871,0.564,0.8078,0.3033,0.3118,1.1157,2020,6,29,0.5523,0.0,6,5.667,-4,0
CZ-019,santa_luzmila,-11.903948,-77.06179,9826,0.2425,0.2012,0.7016,0.3871,0.564,0.8078,0.3033,0.3118,1.1157,2020,7,30,0.5195,0.07,3,5.0,-2,0
CZ-019,santa_luzmila,-11.903948,-77.06179,9826,0.2425,0.2012,0.7016,0.3871,0.564,0.8078,0.3033,0.3118,1.1157,2020,8,31,0.5592,-0.1905,6,5.0,0,0
CZ-019,santa_luzmila,-11.903948,-77.06179,9826,0.2425,0.2012,0.7016,0.3871,0.564,0.8078,0.3033,0.3118,1.1157,2020,9,32,0.475,-0.22,1,3.333,-5,0
CZ-019,santa_luzmila,-11.903948,-77.06179,9826,0.2425,0.2012,0.7016,0.3871,0.564,0.8078,0.3033,0.3118,1.1157,2020,10,33,0.4609,-0.1905,1,2.667,-2,0
CZ-019,santa_luzmila,-11.903948,-77.06179,9826,0.2425,0.2012,0.7016,0.3871,0.564,0.8078,0.3033,0.3118,1.1157,2020,11,34,0.4663,-0.11,5,2.333,-1,1
CZ-019,santa_luzmila,-11.903948,-77.06179,9826,0.2425,0.2012,0.7016,0.3871,0.564,0.8078,0.3033,0.3118,1.1157,2020,12,35,0.533,0.18,5,3.667,4,0
CZ-019,santa_luzmila,-11.903948,-77.06179,9826,0.2425,0.2012,0.7016,0.3871,0.564,0.8078,0.3033,0.3118,1.1157,2021,1,36,0.4469,0.11,9,6.333,8,0
CZ-019,santa_luzmila,-11.903948,-77.06179,9826,0.2425,0.2012,0.7016,0.3871,0.564,0.8078,0.3033,0.3118,1.1157,2021,2,37,0.5479,0.1905,7,7.0,2,0
CZ-019,santa_luzmila,-11.903948,-77.06179,9826,0.2425,0.2012,0.7016,0.3871,0.564,0.8078,0.3033,0.3118,1.1157,2021,3,38,0.3882,0.22,4,6.667,-1,0
CZ-019,santa_luzmila,-11.903948,-77.06179,9826,0.2425,0.2012,0.7016,0.3871,0.564,0.8078,0.3033,0.3118,1.1157,2021,4,39,0.484,0.1905,6,5.667,-3,0
CZ-019,santa_luzmila,-11.903948,-77.06179,9826,0.2425,0.2012,0.7016,0.3871,0.564,0.8078,0.3033,0.3118,1.1157,2021,5,40,0.5465,0.11,2,4.0,-5,0
CZ-019,santa_luzmila,-11.903948,-77.06179,9826,0.2425,0.2012,0.7016,0.3871,0.564,0.8078,0.3033,0.3118,1.1157,2021,6,41,0.4674,0.0,3,3.667,-1,0
CZ-019,santa_luzmila,-11.903948,-77.06179,9826,0.2425,0.2012,0.7016,0.3871,0.564,0.8078,0.3033,0.3118,1.1157,2021,7,42,0.625,0.07,3,2.667,-3,0
CZ-019,santa_luzmila,-11.903948,-77.06179,9826,0.2425,0.2012,0.7016,0.3871,0.564,0.8078,0.3033,0.3118,1.1157,2021,8,43,0.5312,-0.1905,8,4.667,6,1
CZ-019,santa_luzmila,-11.903948,-77.06179,9826,0.2425,0.2012,0.7016,0.3871,0.564,0.8078,0.3033,0.3118,1.1157,2021,9,44,0.3726,-0.22,6,5.667,3,0
CZ-019,santa_luzmila,-11.903948,-77.06179,9826,0.2425,0.2012,0.7016,0.3871,0.564,0.8078,0.3033,0.3118,1.1157,2021,10,45,0.4791,-0.1905,10,8.0,7,0
CZ-019,santa_luzmila,-11.903948,-77.06179,9826,0.2425,0.2012,0.7016,0.3871,0.564,0.8078,0.3033,0.3118,1.1157,2021,11,46,0.4641,-0.11,4,6.667,-4,0
CZ-019,santa_luzmila,-11.903948,-77.06179,9826,0.2425,0.2012,0.7016,0.3871,0.564,0.8078,0.3033,0.3118,1.1157,2021,12,47,0.5582,0.18,7,7.0,1,0
CZ-019,santa_luzmila,-11.903948,-77.06179,9826,0.2425,0.2012,0.7016,0.3871,0.564,0.8078,0.3033,0.3118,1.1157,2022,1,48,0.5327,0.11,4,5.0,-6,0
CZ-019,santa_luzmila,-11.903948,-77.06179,9826,0.2425,0.2012,0.7016,0.3871,0.564,0.8078,0.3033,0.3118,1.1157,2022,2,49,0.4983,0.1905,4,5.0,0,0
CZ-019,santa_luzmila,-11.903948,-77.06179,9826,0.2425,0.2012,0.7016,0.3871,0.564,0.8078,0.3033,0.3118,1.1157,2022,3,50,0.4474,0.22,8,5.333,1,0
CZ-019,santa_luzmila,-11.903948,-77.06179,9826,0.2425,0.2012,0.7016,0.3871,0.564,0.8078,0.3033,0.3118,1.1157,2022,4,51,0.5458,0.1905,7,6.333,3,1
CZ-019,santa_luzmila,-11.903948,-77.06179,9826,0.2425,0.2012,0.7016,0.3871,0.564,0.8078,0.3033,0.3118,1.1157,2022,5,52,0.4676,0.11,2,5.667,-2,0
CZ-019,santa_luzmila,-11.903948,-77.06179,9826,0.2425,0.2012,0.7016,0.3871,0.564,0.8078,0.3033,0.3118,1.1157,2022,6,53,0.4492,0.0,12,7.0,4,0
CZ-019,santa_luzmila,-11.903948,-77.06179,9826,0.2425,0.2012,0.7016,0.3871,0.564,0.8078,0.3033,0.3118,1.1157,2022,7,54,0.6071,0.07,2,5.333,-5,0
CZ-019,santa_luzmila,-11.903948,-77.06179,9826,0.2425,0.2012,0.7016,0.3871,0.564,0.8078,0.3033,0.3118,1.1157,2022,8,55,0.4774,-0.1905,7,7.0,5,0
CZ-019,santa_luzmila,-11.903948,-77.06179,9826,0.2425,0.2012,0.7016,0.3871,0.564,0.8078,0.3033,0.3118,1.1157,2022,9,56,0.4486,-0.22,4,4.333,-8,0
CZ-019,santa_luzmila,-11.903948,-77.06179,9826,0.2425,0.2012,0.7016,0.3871,0.564,0.8078,0.3033,0.3118,1.1157,2022,10,57,0.5026,-0.1905,5,5.333,3,0
CZ-019,santa_luzmila,-11.903948,-77.06179,9826,0.2425,0.2012,0.7016,0.3871,0.564,0.8078,0.3033,0.3118,1.1157,2022,11,58,0.4749,-0.11,8,5.667,1,0
CZ-019,santa_luzmila,-11.903948,-77.06179,9826,0.2425,0.2012,0.7016,0.3871,0.564,0.8078,0.3033,0.3118,1.1157,2022,12,59,0.5286,0.18,5,6.0,1,0
CZ-019,santa_luzmila,-11.903948,-77.06179,9826,0.2425,0.2012,0.7016,0.3871,0.564,0.8078,0.3033,0.3118,1.1157,2023,1,60,0.5407,0.11,4,5.667,-1,1
CZ-019,santa_luzmila,-11.903948,-77.06179,9826,0.2425,0.2012,0.7016,0.3871,0.564,0.8078,0.3033,0.3118,1.1157,2023,2,61,0.3816,0.1905,7,5.333,-1,0
CZ-019,santa_luzmila,-11.903948,-77.06179,9826,0.2425,0.2012,0.7016,0.3871,0.564,0.8078,0.3033,0.3118,1.1157,2023,3,62,0.553,0.22,12,7.667,7,0
CZ-019,santa_luzmila,-11.903948,-77.06179,9826,0.2425,0.2012,0.7016,0.3871,0.564,0.8078,0.3033,0.3118,1.1157,2023,4,63,0.4958,0.1905,8,9.0,4,0
CZ-019,santa_luzmila,-11.903948,-77.06179,9826,0.2425,0.2012,0.7016,0.3871,0.564,0.8078,0.3033,0.3118,1.1157,2023,5,64,0.4927,0.11,7,9.0,0,0
CZ-019,santa_luzmila,-11.903948,-77.06179,9826,0.2425,0.2012,0.7016,0.3871,0.564,0.8078,0.3033,0.3118,1.1157,2023,6,65,0.5239,0.0,7,7.333,-5,0
CZ-019,santa_luzmila,-11.903948,-77.06179,9826,0.2425,0.2012,0.7016,0.3871,0.564,0.8078,0.3033,0.3118,1.1157,2023,7,66,0.6815,0.07,5,6.333,-3,0
CZ-019,santa_luzmila,-11.903948,-77.06179,9826,0.2425,0.2012,0.7016,0.3871,0.564,0.8078,0.3033,0.3118,1.1157,2023,8,67,0.5286,-0.1905,5,5.667,-2,0
CZ-019,santa_luzmila,-11.903948,-77.06179,9826,0.2425,0.2012,0.7016,0.3871,0.564,0.8078,0.3033,0.3118,1.1157,2023,9,68,0.4987,-0.22,7,5.667,0,0
CZ-019,santa_luzmila,-11.903948,-77.06179,9826,0.2425,0.2012,0.7016,0.3871,0.564,0.8078,0.3033,0.3118,1.1157,2023,10,69,0.5029,-0.1905,6,6.0,1,0
CZ-019,santa_luzmila,-11.903948,-77.06179,9826,0.2425,0.2012,0.7016,0.3871,0.564,0.8078,0.3033,0.3118,1.1157,2023,11,70,0.4383,-0.11,6,6.333,1,1
CZ-019,santa_luzmila,-11.903948,-77.06179,9826,0.2425,0.2012,0.7016,0.3871,0.564,0.8078,0.3033,0.3118,1.1157,2023,12,71,0.5737,0.18,5,5.667,-2,0
CZ-019,santa_luzmila,-11.903948,-77.06179,9826,0.2425,0.2012,0.7016,0.3871,0.564,0.8078,0.3033,0.3118,1.1157,2024,1,72,0.5178,0.11,10,7.0,4,1
CZ-019,santa_luzmila,-11.903948,-77.06179,9826,0.2425,0.2012,0.7016,0.3871,0.564,0.8078,0.3033,0.3118,1.1157,2024,2,73,0.4071,0.1905,8,7.667,2,0
CZ-019,santa_luzmila,-11.903948,-77.06179,9826,0.2425,0.2012,0.7016,0.3871,0.564,0.8078,0.3033,0.3118,1.1157,2024,3,74,0.4731,0.22,9,9.0,4,0
CZ-019,santa_luzmila,-11.903948,-77.06179,9826,0.2425,0.2012,0.7016,0.3871,0.564,0.8078,0.3033,0.3118,1.1157,2024,4,75,0.4245,0.1905,7,8.0,-3,0
CZ-019,santa_luzmila,-11.903948,-77.06179,9826,0.2425,0.2012,0.7016,0.3871,0.564,0.8078,0.3033,0.3118,1.1157,2024,5,76,0.5031,0.11,6,7.333,-2,0
CZ-019,santa_luzmila,-11.903948,-77.06179,9826,0.2425,0.2012,0.7016,0.3871,0.564,0.8078,0.3033,0.3118,1.1157,2024,6,77,0.4619,0.0,6,6.333,-3,1
CZ-019,santa_luzmila,-11.903948,-77.06179,9826,0.2425,0.2012,0.7016,0.3871,0.564,0.8078,0.3033,0.3118,1.1157,2024,7,78,0.5344,0.07,6,6.0,-1,0
CZ-019,santa_luzmila,-11.903948,-77.06179,9826,0.2425,0.2012,0.7016,0.3871,0.564,0.8078,0.3033,0.3118,1.1157,2024,8,79,0.5158,-0.1905,13,8.333,7,0
CZ-019,santa_luzmila,-11.903948,-77.06179,9826,0.2425,0.2012,0.7016,0.3871,0.564,0.8078,0.3033,0.3118,1.1157,2024,9,80,0.4753,-0.22,5,8.0,-1,0
CZ-019,santa_luzmila,-11.903948,-77.06179,9826,0.2425,0.2012,0.7016,0.3871,0.564,0.8078,0.3033,0.3118,1.1157,2024,10,81,0.4612,-0.1905,6,8.0,0,0
CZ-019,santa_luzmila,-11.903948,-77.06179,9826,0.2425,0.2012,0.7016,0.3871,0.564,0.8078,0.3033,0.3118,1.1157,2024,11,82,0.523,-0.11,3,4.667,-10,0
CZ-019,santa_luzmila,-11.903948,-77.06179,9826,0.2425,0.2012,0.7016,0.3871,0.564,0.8078,0.3033,0.3118,1.1157,2024,12,83,0.6624,0.18,8,5.667,3,1
CZ-019,santa_luzmila,-11.903948,-77.06179,9826,0.2425,0.2012,0.7016,0.3871,0.564,0.8078,0.3033,0.3118,1.1157,2025,1,84,0.5936,0.11,6,5.667,0,0
CZ-019,santa_luzmila,-11.903948,-77.06179,9826,0.2425,0.2012,0.7016,0.3871,0.564,0.8078,0.3033,0.3118,1.1157,2025,2,85,0.4845,0.1905,9,7.667,6,1
CZ-019,santa_luzmila,-11.903948,-77.06179,9826,0.2425,0.2012,0.7016,0.3871,0.564,0.8078,0.3033,0.3118,1.1157,2025,3,86,0.5849,0.22,6,7.0,-2,1
CZ-019,santa_luzmila,-11.903948,-77.06179,9826,0.2425,0.2012,0.7016,0.3871,0.564,0.8078,0.3033,0.3118,1.1157,2025,4,87,0.535,0.1905,9,8.0,3,0
CZ-019,santa_luzmila,-11.903948,-77.06179,9826,0.2425,0.2012,0.7016,0.3871,0.564,0.8078,0.3033,0.3118,1.1157,2025,5,88,0.536,0.11,16,10.333,7,0
CZ-019,santa_luzmila,-11.903948,-77.06179,9826,0.2425,0.2012,0.7016,0.3871,0.564,0.8078,0.3033,0.3118,1.1157,2025,6,89,0.4761,0.0,7,10.667,1,0
CZ-019,santa_luzmila,-11.903948,-77.06179,9826,0.2425,0.2012,0.7016,0.3871,0.564,0.8078,0.3033,0.3118,1.1157,2025,7,90,0.6376,0.07,7,10.0,-2,0
CZ-019,santa_luzmila,-11.903948,-77.06179,9826,0.2425,0.2012,0.7016,0.3871,0.564,0.8078,0.3033,0.3118,1.1157,2025,8,91,0.3926,-0.1905,5,6.333,-11,0
CZ-019,santa_luzmila,-11.903948,-77.06179,9826,0.2425,0.2012,0.7016,0.3871,0.564,0.8078,0.3033,0.3118,1.1157,2025,9,92,0.4982,-0.22,3,5.0,-4,0
CZ-019,santa_luzmila,-11.903948,-77.06179,9826,0.2425,0.2012,0.7016,0.3871,0.564,0.8078,0.3033,0.3118,1.1157,2025,10,93,0.4585,-0.1905,4,4.0,-3,0
CZ-019,santa_luzmila,-11.903948,-77.06179,9826,0.2425,0.2012,0.7016,0.3871,0.564,0.8078,0.3033,0.3118,1.1157,2025,11,94,0.4351,-0.11,7,4.667,2,1
CZ-020,tahuantinsuyo,-11.952477,-77.048553,14248,0.4797,0.2523,0.4903,0.3856,0.471,0.8434,0.1563,0.293,0.9587,2018,5,4,0.4002,0.11,6,5.333,3,0
CZ-020,tahuantinsuyo,-11.952477,-77.048553,14248,0.4797,0.2523,0.4903,0.3856,0.471,0.8434,0.1563,0.293,0.9587,2018,6,5,0.4103,0.0,3,4.667,-2,0
CZ-020,tahuantinsuyo,-11.952477,-77.048553,14248,0.4797,0.2523,0.4903,0.3856,0.471,0.8434,0.1563,0.293,0.9587,2018,7,6,0.4666,0.07,1,3.333,-4,0
CZ-020,tahuantinsuyo,-11.952477,-77.048553,14248,0.4797,0.2523,0.4903,0.3856,0.471,0.8434,0.1563,0.293,0.9587,2018,8,7,0.4359,-0.1905,3,2.333,-3,0
CZ-020,tahuantinsuyo,-11.952477,-77.048553,14248,0.4797,0.2523,0.4903,0.3856,0.471,0.8434,0.1563,0.293,0.9587,2018,9,8,0.3646,-0.22,3,2.333,0,0
CZ-020,tahuantinsuyo,-11.952477,-77.048553,14248,0.4797,0.2523,0.4903,0.3856,0.471,0.8434,0.1563,0.293,0.9587,2018,10,9,0.4255,-0.1905,1,2.333,0,0
CZ-020,tahuantinsuyo,-11.952477,-77.048553,14248,0.4797,0.2523,0.4903,0.3856,0.471,0.8434,0.1563,0.293,0.9587,2018,11,10,0.4208,-0.11,2,2.0,-1,0
CZ-020,tahuantinsuyo,-11.952477,-77.048553,14248,0.4797,0.2523,0.4903,0.3856,0.471,0.8434,0.1563,0.293,0.9587,2018,12,11,0.5078,0.18,2,1.667,-1,0
CZ-020,tahuantinsuyo,-11.952477,-77.048553,14248,0.4797,0.2523,0.4903,0.3856,0.471,0.8434,0.1563,0.293,0.9587,2019,1,12,0.3848,0.11,1,1.667,0,0
CZ-020,tahuantinsuyo,-11.952477,-77.048553,14248,0.4797,0.2523,0.4903,0.3856,0.471,0.8434,0.1563,0.293,0.9587,2019,2,13,0.4298,0.1905,4,2.333,2,0
CZ-020,tahuantinsuyo,-11.952477,-77.048553,14248,0.4797,0.2523,0.4903,0.3856,0.471,0.8434,0.1563,0.293,0.9587,2019,3,14,0.4618,0.22,8,4.333,6,0
CZ-020,tahuantinsuyo,-11.952477,-77.048553,14248,0.4797,0.2523,0.4903,0.3856,0.471,0.8434,0.1563,0.293,0.9587,2019,4,15,0.5218,0.1905,4,5.333,3,0
CZ-020,tahuantinsuyo,-11.952477,-77.048553,14248,0.4797,0.2523,0.4903,0.3856,0.471,0.8434,0.1563,0.293,0.9587,2019,5,16,0.474,0.11,2,4.667,-2,0
CZ-020,tahuantinsuyo,-11.952477,-77.048553,14248,0.4797,0.2523,0.4903,0.3856,0.471,0.8434,0.1563,0.293,0.9587,2019,6,17,0.3255,0.0,5,3.667,-3,0
CZ-020,tahuantinsuyo,-11.952477,-77.048553,14248,0.4797,0.2523,0.4903,0.3856,0.471,0.8434,0.1563,0.293,0.9587,2019,7,18,0.5095,0.07,3,3.333,-1,0
CZ-020,tahuantinsuyo,-11.952477,-77.048553,14248,0.4797,0.2523,0.4903,0.3856,0.471,0.8434,0.1563,0.293,0.9587,2019,8,19,0.3194,-0.1905,3,3.667,1,0
CZ-020,tahuantinsuyo,-11.952477,-77.048553,14248,0.4797,0.2523,0.4903,0.3856,0.471,0.8434,0.1563,0.293,0.9587,2019,9,20,0.4119,-0.22,2,2.667,-3,0
CZ-020,tahuantinsuyo,-11.952477,-77.048553,14248,0.4797,0.2523,0.4903,0.3856,0.471,0.8434,0.1563,0.293,0.9587,2019,10,21,0.4878,-0.1905,4,3.0,1,0
CZ-020,tahuantinsuyo,-11.952477,-77.048553,14248,0.4797,0.2523,0.4903,0.3856,0.471,0.8434,0.1563,0.293,0.9587,2019,11,22,0.4886,-0.11,2,2.667,-1,0
CZ-020,tahuantinsuyo,-11.952477,-77.048553,14248,0.4797,0.2523,0.4903,0.3856,0.471,0.8434,0.1563,0.293,0.9587,2019,12,23,0.532,0.18,3,3.0,1,0
CZ-020,tahuantinsuyo,-11.952477,-77.048553,14248,0.4797,0.2523,0.4903,0.3856,0.471,0.8434,0.1563,0.293,0.9587,2020,1,24,0.4145,0.11,4,3.0,0,1
CZ-020,tahuantinsuyo,-11.952477,-77.048553,14248,0.4797,0.2523,0.4903,0.3856,0.471,0.8434,0.1563,0.293,0.9587,2020,2,25,0.416,0.1905,3,3.333,1,0
CZ-020,tahuantinsuyo,-11.952477,-77.048553,14248,0.4797,0.2523,0.4903,0.3856,0.471,0.8434,0.1563,0.293,0.9587,2020,3,26,0.4527,0.22,9,5.333,6,0
CZ-020,tahuantinsuyo,-11.952477,-77.048553,14248,0.4797,0.2523,0.4903,0.3856,0.471,0.8434,0.1563,0.293,0.9587,2020,4,27,0.366,0.1905,5,5.667,1,0
CZ-020,tahuantinsuyo,-11.952477,-77.048553,14248,0.4797,0.2523,0.4903,0.3856,0.471,0.8434,0.1563,0.293,0.9587,2020,5,28,0.3919,0.11,4,6.0,1,0
CZ-020,tahuantinsuyo,-11.952477,-77.048553,14248,0.4797,0.2523,0.4903,0.3856,0.471,0.8434,0.1563,0.293,0.9587,2020,6,29,0.3424,0.0,3,4.0,-6,0
CZ-020,tahuantinsuyo,-11.952477,-77.048553,14248,0.4797,0.2523,0.4903,0.3856,0.471,0.8434,0.1563,0.293,0.9587,2020,7,30,0.5744,0.07,3,3.333,-2,0
CZ-020,tahuantinsuyo,-11.952477,-77.048553,14248,0.4797,0.2523,0.4903,0.3856,0.471,0.8434,0.1563,0.293,0.9587,2020,8,31,0.4597,-0.1905,8,4.667,4,0
CZ-020,tahuantinsuyo,-11.952477,-77.048553,14248,0.4797,0.2523,0.4903,0.3856,0.471,0.8434,0.1563,0.293,0.9587,2020,9,32,0.4283,-0.22,6,5.667,3,0
CZ-020,tahuantinsuyo,-11.952477,-77.048553,14248,0.4797,0.2523,0.4903,0.3856,0.471,0.8434,0.1563,0.293,0.9587,2020,10,33,0.3571,-0.1905,5,6.333,2,0
CZ-020,tahuantinsuyo,-11.952477,-77.048553,14248,0.4797,0.2523,0.4903,0.3856,0.471,0.8434,0.1563,0.293,0.9587,2020,11,34,0.4784,-0.11,1,4.0,-7,1
CZ-020,tahuantinsuyo,-11.952477,-77.048553,14248,0.4797,0.2523,0.4903,0.3856,0.471,0.8434,0.1563,0.293,0.9587,2020,12,35,0.4946,0.18,1,2.333,-5,0
CZ-020,tahuantinsuyo,-11.952477,-77.048553,14248,0.4797,0.2523,0.4903,0.3856,0.471,0.8434,0.1563,0.293,0.9587,2021,1,36,0.452,0.11,9,3.667,4,0
CZ-020,tahuantinsuyo,-11.952477,-77.048553,14248,0.4797,0.2523,0.4903,0.3856,0.471,0.8434,0.1563,0.293,0.9587,2021,2,37,0.4032,0.1905,8,6.0,7,0
CZ-020,tahuantinsuyo,-11.952477,-77.048553,14248,0.4797,0.2523,0.4903,0.3856,0.471,0.8434,0.1563,0.293,0.9587,2021,3,38,0.4132,0.22,2,6.333,1,0
CZ-020,tahuantinsuyo,-11.952477,-77.048553,14248,0.4797,0.2523,0.4903,0.3856,0.471,0.8434,0.1563,0.293,0.9587,2021,4,39,0.4112,0.1905,7,5.667,-2,0
CZ-020,tahuantinsuyo,-11.952477,-77.048553,14248,0.4797,0.2523,0.4903,0.3856,0.471,0.8434,0.1563,0.293,0.9587,2021,5,40,0.3745,0.11,6,5.0,-2,0
CZ-020,tahuantinsuyo,-11.952477,-77.048553,14248,0.4797,0.2523,0.4903,0.3856,0.471,0.8434,0.1563,0.293,0.9587,2021,6,41,0.4934,0.0,0,4.333,-2,0
CZ-020,tahuantinsuyo,-11.952477,-77.048553,14248,0.4797,0.2523,0.4903,0.3856,0.471,0.8434,0.1563,0.293,0.9587,2021,7,42,0.4985,0.07,3,3.0,-4,1
CZ-020,tahuantinsuyo,-11.952477,-77.048553,14248,0.4797,0.2523,0.4903,0.3856,0.471,0.8434,0.1563,0.293,0.9587,2021,8,43,0.4533,-0.1905,5,2.667,-1,0
CZ-020,tahuantinsuyo,-11.952477,-77.048553,14248,0.4797,0.2523,0.4903,0.3856,0.471,0.8434,0.1563,0.293,0.9587,2021,9,44,0.4501,-0.22,11,6.333,11,0
CZ-020,tahuantinsuyo,-11.952477,-77.048553,14248,0.4797,0.2523,0.4903,0.3856,0.471,0.8434,0.1563,0.293,0.9587,2021,10,45,0.4347,-0.1905,4,6.667,1,0
CZ-020,tahuantinsuyo,-11.952477,-77.048553,14248,0.4797,0.2523,0.4903,0.3856,0.471,0.8434,0.1563,0.293,0.9587,2021,11,46,0.4521,-0.11,6,7.0,1,1
CZ-020,tahuantinsuyo,-11.952477,-77.048553,14248,0.4797,0.2523,0.4903,0.3856,0.471,0.8434,0.1563,0.293,0.9587,2021,12,47,0.6229,0.18,5,5.0,-6,0
CZ-020,tahuantinsuyo,-11.952477,-77.048553,14248,0.4797,0.2523,0.4903,0.3856,0.471,0.8434,0.1563,0.293,0.9587,2022,1,48,0.4687,0.11,10,7.0,6,0
CZ-020,tahuantinsuyo,-11.952477,-77.048553,14248,0.4797,0.2523,0.4903,0.3856,0.471,0.8434,0.1563,0.293,0.9587,2022,2,49,0.4366,0.1905,5,6.667,-1,1
CZ-020,tahuantinsuyo,-11.952477,-77.048553,14248,0.4797,0.2523,0.4903,0.3856,0.471,0.8434,0.1563,0.293,0.9587,2022,3,50,0.4916,0.22,2,5.667,-3,0
CZ-020,tahuantinsuyo,-11.952477,-77.048553,14248,0.4797,0.2523,0.4903,0.3856,0.471,0.8434,0.1563,0.293,0.9587,2022,4,51,0.4712,0.1905,11,6.0,1,0
CZ-020,tahuantinsuyo,-11.952477,-77.048553,14248,0.4797,0.2523,0.4903,0.3856,0.471,0.8434,0.1563,0.293,0.9587,2022,5,52,0.3916,0.11,5,6.0,0,0
CZ-020,tahuantinsuyo,-11.952477,-77.048553,14248,0.4797,0.2523,0.4903,0.3856,0.471,0.8434,0.1563,0.293,0.9587,2022,6,53,0.5066,0.0,4,6.667,2,0
CZ-020,tahuantinsuyo,-11.952477,-77.048553,14248,0.4797,0.2523,0.4903,0.3856,0.471,0.8434,0.1563,0.293,0.9587,2022,7,54,0.5159,0.07,6,5.0,-5,0
CZ-020,tahuantinsuyo,-11.952477,-77.048553,14248,0.4797,0.2523,0.4903,0.3856,0.471,0.8434,0.1563,0.293,0.9587,2022,8,55,0.4766,-0.1905,4,4.667,-1,0
CZ-020,tahuantinsuyo,-11.952477,-77.048553,14248,0.4797,0.2523,0.4903,0.3856,0.471,0.8434,0.1563,0.293,0.9587,2022,9,56,0.5335,-0.22,6,5.333,2,0
CZ-020,tahuantinsuyo,-11.952477,-77.048553,14248,0.4797,0.2523,0.4903,0.3856,0.471,0.8434,0.1563,0.293,0.9587,2022,10,57,0.4029,-0.1905,4,4.667,-2,0
CZ-020,tahuantinsuyo,-11.952477,-77.048553,14248,0.4797,0.2523,0.4903,0.3856,0.471,0.8434,0.1563,0.293,0.9587,2022,11,58,0.398,-0.11,1,3.667,-3,1
CZ-020,tahuantinsuyo,-11.952477,-77.048553,14248,0.4797,0.2523,0.4903,0.3856,0.471,0.8434,0.1563,0.293,0.9587,2022,12,59,0.4801,0.18,3,2.667,-3,0
CZ-020,tahuantinsuyo,-11.952477,-77.048553,14248,0.4797,0.2523,0.4903,0.3856,0.471,0.8434,0.1563,0.293,0.9587,2023,1,60,0.3498,0.11,11,5.0,7,0
CZ-020,tahuantinsuyo,-11.952477,-77.048553,14248,0.4797,0.2523,0.4903,0.3856,0.471,0.8434,0.1563,0.293,0.9587,2023,2,61,0.4105,0.1905,6,6.667,5,1
CZ-020,tahuantinsuyo,-11.952477,-77.048553,14248,0.4797,0.2523,0.4903,0.3856,0.471,0.8434,0.1563,0.293,0.9587,2023,3,62,0.4529,0.22,8,8.333,5,0
CZ-020,tahuantinsuyo,-11.952477,-77.048553,14248,0.4797,0.2523,0.4903,0.3856,0.471,0.8434,0.1563,0.293,0.9587,2023,4,63,0.3896,0.1905,10,8.0,-1,0
CZ-020,tahuantinsuyo,-11.952477,-77.048553,14248,0.4797,0.2523,0.4903,0.3856,0.471,0.8434,0.1563,0.293,0.9587,2023,5,64,0.3564,0.11,7,8.333,1,0
CZ-020,tahuantinsuyo,-11.952477,-77.048553,14248,0.4797,0.2523,0.4903,0.3856,0.471,0.8434,0.1563,0.293,0.9587,2023,6,65,0.3722,0.0,4,7.0,-4,0
CZ-020,tahuantinsuyo,-11.952477,-77.048553,14248,0.4797,0.2523,0.4903,0.3856,0.471,0.8434,0.1563,0.293,0.9587,2023,7,66,0.5535,0.07,4,5.0,-6,0
CZ-020,tahuantinsuyo,-11.952477,-77.048553,14248,0.4797,0.2523,0.4903,0.3856,0.471,0.8434,0.1563,0.293,0.9587,2023,8,67,0.371,-0.1905,8,5.333,1,0
CZ-020,tahuantinsuyo,-11.952477,-77.048553,14248,0.4797,0.2523,0.4903,0.3856,0.471,0.8434,0.1563,0.293,0.9587,2023,9,68,0.4409,-0.22,7,6.333,3,0
CZ-020,tahuantinsuyo,-11.952477,-77.048553,14248,0.4797,0.2523,0.4903,0.3856,0.471,0.8434,0.1563,0.293,0.9587,2023,10,69,0.4518,-0.1905,2,5.667,-2,0
CZ-020,tahuantinsuyo,-11.952477,-77.048553,14248,0.4797,0.2523,0.4903,0.3856,0.471,0.8434,0.1563,0.293,0.9587,2023,11,70,0.4022,-0.11,2,3.667,-6,0
CZ-020,tahuantinsuyo,-11.952477,-77.048553,14248,0.4797,0.2523,0.4903,0.3856,0.471,0.8434,0.1563,0.293,0.9587,2023,12,71,0.5492,0.18,4,2.667,-3,0
CZ-020,tahuantinsuyo,-11.952477,-77.048553,14248,0.4797,0.2523,0.4903,0.3856,0.471,0.8434,0.1563,0.293,0.9587,2024,1,72,0.4924,0.11,5,3.667,3,0
CZ-020,tahuantinsuyo,-11.952477,-77.048553,14248,0.4797,0.2523,0.4903,0.3856,0.471,0.8434,0.1563,0.293,0.9587,2024,2,73,0.4034,0.1905,6,5.0,4,0
CZ-020,tahuantinsuyo,-11.952477,-77.048553,14248,0.4797,0.2523,0.4903,0.3856,0.471,0.8434,0.1563,0.293,0.9587,2024,3,74,0.3964,0.22,3,4.667,-1,0
CZ-020,tahuantinsuyo,-11.952477,-77.048553,14248,0.4797,0.2523,0.4903,0.3856,0.471,0.8434,0.1563,0.293,0.9587,2024,4,75,0.3709,0.1905,4,4.333,-1,0
CZ-020,tahuantinsuyo,-11.952477,-77.048553,14248,0.4797,0.2523,0.4903,0.3856,0.471,0.8434,0.1563,0.293,0.9587,2024,5,76,0.4128,0.11,1,2.667,-5,0
CZ-020,tahuantinsuyo,-11.952477,-77.048553,14248,0.4797,0.2523,0.4903,0.3856,0.471,0.8434,0.1563,0.293,0.9587,2024,6,77,0.4648,0.0,3,2.667,0,0
CZ-020,tahuantinsuyo,-11.952477,-77.048553,14248,0.4797,0.2523,0.4903,0.3856,0.471,0.8434,0.1563,0.293,0.9587,2024,7,78,0.6472,0.07,1,1.667,-3,1
CZ-020,tahuantinsuyo,-11.952477,-77.048553,14248,0.4797,0.2523,0.4903,0.3856,0.471,0.8434,0.1563,0.293,0.9587,2024,8,79,0.3945,-0.1905,5,3.0,4,0
CZ-020,tahuantinsuyo,-11.952477,-77.048553,14248,0.4797,0.2523,0.4903,0.3856,0.471,0.8434,0.1563,0.293,0.9587,2024,9,80,0.471,-0.22,11,5.667,8,0
CZ-020,tahuantinsuyo,-11.952477,-77.048553,14248,0.4797,0.2523,0.4903,0.3856,0.471,0.8434,0.1563,0.293,0.9587,2024,10,81,0.4314,-0.1905,4,6.667,3,0
CZ-020,tahuantinsuyo,-11.952477,-77.048553,14248,0.4797,0.2523,0.4903,0.3856,0.471,0.8434,0.1563,0.293,0.9587,2024,11,82,0.3813,-0.11,2,5.667,-3,0
CZ-020,tahuantinsuyo,-11.952477,-77.048553,14248,0.4797,0.2523,0.4903,0.3856,0.471,0.8434,0.1563,0.293,0.9587,2024,12,83,0.5768,0.18,7,4.333,-4,0
CZ-020,tahuantinsuyo,-11.952477,-77.048553,14248,0.4797,0.2523,0.4903,0.3856,0.471,0.8434,0.1563,0.293,0.9587,2025,1,84,0.4779,0.11,8,5.667,4,0
CZ-020,tahuantinsuyo,-11.952477,-77.048553,14248,0.4797,0.2523,0.4903,0.3856,0.471,0.8434,0.1563,0.293,0.9587,2025,2,85,0.4224,0.1905,3,6.0,1,0
CZ-020,tahuantinsuyo,-11.952477,-77.048553,14248,0.4797,0.2523,0.4903,0.3856,0.471,0.8434,0.1563,0.293,0.9587,2025,3,86,0.34,0.22,8,6.333,1,0
CZ-020,tahuantinsuyo,-11.952477,-77.048553,14248,0.4797,0.2523,0.4903,0.3856,0.471,0.8434,0.1563,0.293,0.9587,2025,4,87,0.3668,0.1905,6,5.667,-2,0
CZ-020,tahuantinsuyo,-11.952477,-77.048553,14248,0.4797,0.2523,0.4903,0.3856,0.471,0.8434,0.1563,0.293,0.9587,2025,5,88,0.3858,0.11,2,5.333,-1,0
CZ-020,tahuantinsuyo,-11.952477,-77.048553,14248,0.4797,0.2523,0.4903,0.3856,0.471,0.8434,0.1563,0.293,0.9587,2025,6,89,0.4616,0.0,5,4.333,-3,0
CZ-020,tahuantinsuyo,-11.952477,-77.048553,14248,0.4797,0.2523,0.4903,0.3856,0.471,0.8434,0.1563,0.293,0.9587,2025,7,90,0.5086,0.07,4,3.667,-2,0
CZ-020,tahuantinsuyo,-11.952477,-77.048553,14248,0.4797,0.2523,0.4903,0.3856,0.471,0.8434,0.1563,0.293,0.9587,2025,8,91,0.4048,-0.1905,4,4.333,2,0
CZ-020,tahuantinsuyo,-11.952477,-77.048553,14248,0.4797,0.2523,0.4903,0.3856,0.471,0.8434,0.1563,0.293,0.9587,2025,9,92,0.3892,-0.22,4,4.0,-1,0
CZ-020,tahuantinsuyo,-11.952477,-77.048553,14248,0.4797,0.2523,0.4903,0.3856,0.471,0.8434,0.1563,0.293,0.9587,2025,10,93,0.4322,-0.1905,3,3.667,-1,0
CZ-020,tahuantinsuyo,-11.952477,-77.048553,14248,0.4797,0.2523,0.4903,0.3856,0.471,0.8434,0.1563,0.293,0.9587,2025,11,94,0.4758,-0.11,8,5.0,4,0
CZ-021,santa_luzmila,-11.963297,-77.054276,13604,0.3133,0.235,0.8793,0.6786,0.7961,0.6288,0.3375,0.5187,0.6644,2018,5,4,0.5578,0.11,6,9.333,-2,1
CZ-021,santa_luzmila,-11.963297,-77.054276,13604,0.3133,0.235,0.8793,0.6786,0.7961,0.6288,0.3375,0.5187,0.6644,2018,6,5,0.5092,0.0,8,8.0,-4,1
CZ-021,santa_luzmila,-11.963297,-77.054276,13604,0.3133,0.235,0.8793,0.6786,0.7961,0.6288,0.3375,0.5187,0.6644,2018,7,6,0.5621,0.07,10,8.0,0,0
CZ-021,santa_luzmila,-11.963297,-77.054276,13604,0.3133,0.235,0.8793,0.6786,0.7961,0.6288,0.3375,0.5187,0.6644,2018,8,7,0.5511,-0.1905,9,9.0,3,0
CZ-021,santa_luzmila,-11.963297,-77.054276,13604,0.3133,0.235,0.8793,0.6786,0.7961,0.6288,0.3375,0.5187,0.6644,2018,9,8,0.5466,-0.22,5,8.0,-3,0
CZ-021,santa_luzmila,-11.963297,-77.054276,13604,0.3133,0.235,0.8793,0.6786,0.7961,0.6288,0.3375,0.5187,0.6644,2018,10,9,0.4975,-0.1905,2,5.333,-8,1
CZ-021,santa_luzmila,-11.963297,-77.054276,13604,0.3133,0.235,0.8793,0.6786,0.7961,0.6288,0.3375,0.5187,0.6644,2018,11,10,0.5318,-0.11,7,4.667,-2,1
CZ-021,santa_luzmila,-11.963297,-77.054276,13604,0.3133,0.235,0.8793,0.6786,0.7961,0.6288,0.3375,0.5187,0.6644,2018,12,11,0.6191,0.18,9,6.0,4,0
CZ-021,santa_luzmila,-11.963297,-77.054276,13604,0.3133,0.235,0.8793,0.6786,0.7961,0.6288,0.3375,0.5187,0.6644,2019,1,12,0.5546,0.11,14,10.0,12,1
CZ-021,santa_luzmila,-11.963297,-77.054276,13604,0.3133,0.235,0.8793,0.6786,0.7961,0.6288,0.3375,0.5187,0.6644,2019,2,13,0.5546,0.1905,8,10.333,1,0
CZ-021,santa_luzmila,-11.963297,-77.054276,13604,0.3133,0.235,0.8793,0.6786,0.7961,0.6288,0.3375,0.5187,0.6644,2019,3,14,0.5446,0.22,9,10.333,0,1
CZ-021,santa_luzmila,-11.963297,-77.054276,13604,0.3133,0.235,0.8793,0.6786,0.7961,0.6288,0.3375,0.5187,0.6644,2019,4,15,0.6106,0.1905,8,8.333,-6,0
CZ-021,santa_luzmila,-11.963297,-77.054276,13604,0.3133,0.235,0.8793,0.6786,0.7961,0.6288,0.3375,0.5187,0.6644,2019,5,16,0.5144,0.11,17,11.333,9,0
CZ-021,santa_luzmila,-11.963297,-77.054276,13604,0.3133,0.235,0.8793,0.6786,0.7961,0.6288,0.3375,0.5187,0.6644,2019,6,17,0.5554,0.0,7,10.667,-2,1
CZ-021,santa_luzmila,-11.963297,-77.054276,13604,0.3133,0.235,0.8793,0.6786,0.7961,0.6288,0.3375,0.5187,0.6644,2019,7,18,0.5441,0.07,6,10.0,-2,0
CZ-021,santa_luzmila,-11.963297,-77.054276,13604,0.3133,0.235,0.8793,0.6786,0.7961,0.6288,0.3375,0.5187,0.6644,2019,8,19,0.4054,-0.1905,13,8.667,-4,1
CZ-021,santa_luzmila,-11.963297,-77.054276,13604,0.3133,0.235,0.8793,0.6786,0.7961,0.6288,0.3375,0.5187,0.6644,2019,9,20,0.5852,-0.22,4,7.667,-3,1
CZ-021,santa_luzmila,-11.963297,-77.054276,13604,0.3133,0.235,0.8793,0.6786,0.7961,0.6288,0.3375,0.5187,0.6644,2019,10,21,0.4989,-0.1905,9,8.667,3,0
CZ-021,santa_luzmila,-11.963297,-77.054276,13604,0.3133,0.235,0.8793,0.6786,0.7961,0.6288,0.3375,0.5187,0.6644,2019,11,22,0.6041,-0.11,10,7.667,-3,1
CZ-021,santa_luzmila,-11.963297,-77.054276,13604,0.3133,0.235,0.8793,0.6786,0.7961,0.6288,0.3375,0.5187,0.6644,2019,12,23,0.6744,0.18,8,9.0,4,1
CZ-021,santa_luzmila,-11.963297,-77.054276,13604,0.3133,0.235,0.8793,0.6786,0.7961,0.6288,0.3375,0.5187,0.6644,2020,1,24,0.5857,0.11,9,9.0,0,1
CZ-021,santa_luzmila,-11.963297,-77.054276,13604,0.3133,0.235,0.8793,0.6786,0.7961,0.6288,0.3375,0.5187,0.6644,2020,2,25,0.5379,0.1905,10,9.0,0,0
CZ-021,santa_luzmila,-11.963297,-77.054276,13604,0.3133,0.235,0.8793,0.6786,0.7961,0.6288,0.3375,0.5187,0.6644,2020,3,26,0.4913,0.22,11,10.0,3,1
CZ-021,santa_luzmila,-11.963297,-77.054276,13604,0.3133,0.235,0.8793,0.6786,0.7961,0.6288,0.3375,0.5187,0.6644,2020,4,27,0.4929,0.1905,7,9.333,-2,1
CZ-021,santa_luzmila,-11.963297,-77.054276,13604,0.3133,0.235,0.8793,0.6786,0.7961,0.6288,0.3375,0.5187,0.6644,2020,5,28,0.5153,0.11,14,10.667,4,0
CZ-021,santa_luzmila,-11.963297,-77.054276,13604,0.3133,0.235,0.8793,0.6786,0.7961,0.6288,0.3375,0.5187,0.6644,2020,6,29,0.5706,0.0,15,12.0,4,0
CZ-021,santa_luzmila,-11.963297,-77.054276,13604,0.3133,0.235,0.8793,0.6786,0.7961,0.6288,0.3375,0.5187,0.6644,2020,7,30,0.5487,0.07,7,12.0,0,0
CZ-021,santa_luzmila,-11.963297,-77.054276,13604,0.3133,0.235,0.8793,0.6786,0.7961,0.6288,0.3375,0.5187,0.6644,2020,8,31,0.6654,-0.1905,6,9.333,-8,1
CZ-021,santa_luzmila,-11.963297,-77.054276,13604,0.3133,0.235,0.8793,0.6786,0.7961,0.6288,0.3375,0.5187,0.6644,2020,9,32,0.5253,-0.22,8,7.0,-7,0
CZ-021,santa_luzmila,-11.963297,-77.054276,13604,0.3133,0.235,0.8793,0.6786,0.7961,0.6288,0.3375,0.5187,0.6644,2020,10,33,0.524,-0.1905,13,9.0,6,0
CZ-021,santa_luzmila,-11.963297,-77.054276,13604,0.3133,0.235,0.8793,0.6786,0.7961,0.6288,0.3375,0.5187,0.6644,2020,11,34,0.5716,-0.11,8,9.667,2,1
CZ-021,santa_luzmila,-11.963297,-77.054276,13604,0.3133,0.235,0.8793,0.6786,0.7961,0.6288,0.3375,0.5187,0.6644,2020,12,35,0.72,0.18,5,8.667,-3,1
CZ-021,santa_luzmila,-11.963297,-77.054276,13604,0.3133,0.235,0.8793,0.6786,0.7961,0.6288,0.3375,0.5187,0.6644,2021,1,36,0.5545,0.11,18,10.333,5,1
CZ-021,santa_luzmila,-11.963297,-77.054276,13604,0.3133,0.235,0.8793,0.6786,0.7961,0.6288,0.3375,0.5187,0.6644,2021,2,37,0.5583,0.1905,13,12.0,5,1
CZ-021,santa_luzmila,-11.963297,-77.054276,13604,0.3133,0.235,0.8793,0.6786,0.7961,0.6288,0.3375,0.5187,0.6644,2021,3,38,0.4549,0.22,16,15.667,11,1
CZ-021,santa_luzmila,-11.963297,-77.054276,13604,0.3133,0.235,0.8793,0.6786,0.7961,0.6288,0.3375,0.5187,0.6644,2021,4,39,0.4898,0.1905,12,13.667,-6,1
CZ-021,santa_luzmila,-11.963297,-77.054276,13604,0.3133,0.235,0.8793,0.6786,0.7961,0.6288,0.3375,0.5187,0.6644,2021,5,40,0.5621,0.11,11,13.0,-2,1
CZ-021,santa_luzmila,-11.963297,-77.054276,13604,0.3133,0.235,0.8793,0.6786,0.7961,0.6288,0.3375,0.5187,0.6644,2021,6,41,0.4386,0.0,10,11.0,-6,0
CZ-021,santa_luzmila,-11.963297,-77.054276,13604,0.3133,0.235,0.8793,0.6786,0.7961,0.6288,0.3375,0.5187,0.6644,2021,7,42,0.5577,0.07,14,11.667,2,1
CZ-021,santa_luzmila,-11.963297,-77.054276,13604,0.3133,0.235,0.8793,0.6786,0.7961,0.6288,0.3375,0.5187,0.6644,2021,8,43,0.6044,-0.1905,7,10.333,-4,0
CZ-021,santa_luzmila,-11.963297,-77.054276,13604,0.3133,0.235,0.8793,0.6786,0.7961,0.6288,0.3375,0.5187,0.6644,2021,9,44,0.6342,-0.22,9,10.0,-1,0
CZ-021,santa_luzmila,-11.963297,-77.054276,13604,0.3133,0.235,0.8793,0.6786,0.7961,0.6288,0.3375,0.5187,0.6644,2021,10,45,0.5022,-0.1905,6,7.333,-8,1
CZ-021,santa_luzmila,-11.963297,-77.054276,13604,0.3133,0.235,0.8793,0.6786,0.7961,0.6288,0.3375,0.5187,0.6644,2021,11,46,0.497,-0.11,7,7.333,0,1
CZ-021,santa_luzmila,-11.963297,-77.054276,13604,0.3133,0.235,0.8793,0.6786,0.7961,0.6288,0.3375,0.5187,0.6644,2021,12,47,0.566,0.18,15,9.333,6,1
CZ-021,santa_luzmila,-11.963297,-77.054276,13604,0.3133,0.235,0.8793,0.6786,0.7961,0.6288,0.3375,0.5187,0.6644,2022,1,48,0.5982,0.11,16,12.667,10,1
CZ-021,santa_luzmila,-11.963297,-77.054276,13604,0.3133,0.235,0.8793,0.6786,0.7961,0.6288,0.3375,0.5187,0.6644,2022,2,49,0.4894,0.1905,13,14.667,6,1
CZ-021,santa_luzmila,-11.963297,-77.054276,13604,0.3133,0.235,0.8793,0.6786,0.7961,0.6288,0.3375,0.5187,0.6644,2022,3,50,0.5251,0.22,13,14.0,-2,0
CZ-021,santa_luzmila,-11.963297,-77.054276,13604,0.3133,0.235,0.8793,0.6786,0.7961,0.6288,0.3375,0.5187,0.6644,2022,4,51,0.5263,0.1905,10,12.0,-6,1
CZ-021,santa_luzmila,-11.963297,-77.054276,13604,0.3133,0.235,0.8793,0.6786,0.7961,0.6288,0.3375,0.5187,0.6644,2022,5,52,0.5374,0.11,7,10.0,-6,1
CZ-021,santa_luzmila,-11.963297,-77.054276,13604,0.3133,0.235,0.8793,0.6786,0.7961,0.6288,0.3375,0.5187,0.6644,2022,6,53,0.4501,0.0,18,11.667,5,1
CZ-021,santa_luzmila,-11.963297,-77.054276,13604,0.3133,0.235,0.8793,0.6786,0.7961,0.6288,0.3375,0.5187,0.6644,2022,7,54,0.672,0.07,10,11.667,0,0
CZ-021,santa_luzmila,-11.963297,-77.054276,13604,0.3133,0.235,0.8793,0.6786,0.7961,0.6288,0.3375,0.5187,0.6644,2022,8,55,0.5146,-0.1905,16,14.667,9,0
CZ-021,santa_luzmila,-11.963297,-77.054276,13604,0.3133,0.235,0.8793,0.6786,0.7961,0.6288,0.3375,0.5187,0.6644,2022,9,56,0.5725,-0.22,5,10.333,-13,1
CZ-021,santa_luzmila,-11.963297,-77.054276,13604,0.3133,0.235,0.8793,0.6786,0.7961,0.6288,0.3375,0.5187,0.6644,2022,10,57,0.614,-0.1905,5,8.667,-5,0
CZ-021,santa_luzmila,-11.963297,-77.054276,13604,0.3133,0.235,0.8793,0.6786,0.7961,0.6288,0.3375,0.5187,0.6644,2022,11,58,0.4491,-0.11,10,6.667,-6,1
CZ-021,santa_luzmila,-11.963297,-77.054276,13604,0.3133,0.235,0.8793,0.6786,0.7961,0.6288,0.3375,0.5187,0.6644,2022,12,59,0.5729,0.18,6,7.0,1,1
CZ-021,santa_luzmila,-11.963297,-77.054276,13604,0.3133,0.235,0.8793,0.6786,0.7961,0.6288,0.3375,0.5187,0.6644,2023,1,60,0.4947,0.11,10,8.667,5,1
CZ-021,santa_luzmila,-11.963297,-77.054276,13604,0.3133,0.235,0.8793,0.6786,0.7961,0.6288,0.3375,0.5187,0.6644,2023,2,61,0.4844,0.1905,16,10.667,6,0
CZ-021,santa_luzmila,-11.963297,-77.054276,13604,0.3133,0.235,0.8793,0.6786,0.7961,0.6288,0.3375,0.5187,0.6644,2023,3,62,0.523,0.22,12,12.667,6,1
CZ-021,santa_luzmila,-11.963297,-77.054276,13604,0.3133,0.235,0.8793,0.6786,0.7961,0.6288,0.3375,0.5187,0.6644,2023,4,63,0.5538,0.1905,7,11.667,-3,1
CZ-021,santa_luzmila,-11.963297,-77.054276,13604,0.3133,0.235,0.8793,0.6786,0.7961,0.6288,0.3375,0.5187,0.6644,2023,5,64,0.5757,0.11,15,11.333,-1,1
CZ-021,santa_luzmila,-11.963297,-77.054276,13604,0.3133,0.235,0.8793,0.6786,0.7961,0.6288,0.3375,0.5187,0.6644,2023,6,65,0.6473,0.0,17,13.0,5,1
CZ-021,santa_luzmila,-11.963297,-77.054276,13604,0.3133,0.235,0.8793,0.6786,0.7961,0.6288,0.3375,0.5187,0.6644,2023,7,66,0.6534,0.07,10,14.0,3,0
CZ-021,santa_luzmila,-11.963297,-77.054276,13604,0.3133,0.235,0.8793,0.6786,0.7961,0.6288,0.3375,0.5187,0.6644,2023,8,67,0.5073,-0.1905,11,12.667,-4,1
CZ-021,santa_luzmila,-11.963297,-77.054276,13604,0.3133,0.235,0.8793,0.6786,0.7961,0.6288,0.3375,0.5187,0.6644,2023,9,68,0.4605,-0.22,5,8.667,-12,1
CZ-021,santa_luzmila,-11.963297,-77.054276,13604,0.3133,0.235,0.8793,0.6786,0.7961,0.6288,0.3375,0.5187,0.6644,2023,10,69,0.5027,-0.1905,9,8.333,-1,1
CZ-021,santa_luzmila,-11.963297,-77.054276,13604,0.3133,0.235,0.8793,0.6786,0.7961,0.6288,0.3375,0.5187,0.6644,2023,11,70,0.5602,-0.11,9,7.667,-2,1
CZ-021,santa_luzmila,-11.963297,-77.054276,13604,0.3133,0.235,0.8793,0.6786,0.7961,0.6288,0.3375,0.5187,0.6644,2023,12,71,0.6806,0.18,10,9.333,5,1
CZ-021,santa_luzmila,-11.963297,-77.054276,13604,0.3133,0.235,0.8793,0.6786,0.7961,0.6288,0.3375,0.5187,0.6644,2024,1,72,0.4678,0.11,13,10.667,4,1
CZ-021,santa_luzmila,-11.963297,-77.054276,13604,0.3133,0.235,0.8793,0.6786,0.7961,0.6288,0.3375,0.5187,0.6644,2024,2,73,0.5472,0.1905,16,13.0,7,1
CZ-021,santa_luzmila,-11.963297,-77.054276,13604,0.3133,0.235,0.8793,0.6786,0.7961,0.6288,0.3375,0.5187,0.6644,2024,3,74,0.5812,0.22,10,13.0,0,1
CZ-021,santa_luzmila,-11.963297,-77.054276,13604,0.3133,0.235,0.8793,0.6786,0.7961,0.6288,0.3375,0.5187,0.6644,2024,4,75,0.506,0.1905,16,14.0,3,1
CZ-021,santa_luzmila,-11.963297,-77.054276,13604,0.3133,0.235,0.8793,0.6786,0.7961,0.6288,0.3375,0.5187,0.6644,2024,5,76,0.6208,0.11,13,13.0,-3,1
CZ-021,santa_luzmila,-11.963297,-77.054276,13604,0.3133,0.235,0.8793,0.6786,0.7961,0.6288,0.3375,0.5187,0.6644,2024,6,77,0.537,0.0,17,15.333,7,1
CZ-021,santa_luzmila,-11.963297,-77.054276,13604,0.3133,0.235,0.8793,0.6786,0.7961,0.6288,0.3375,0.5187,0.6644,2024,7,78,0.5715,0.07,14,14.667,-2,1
CZ-021,santa_luzmila,-11.963297,-77.054276,13604,0.3133,0.235,0.8793,0.6786,0.7961,0.6288,0.3375,0.5187,0.6644,2024,8,79,0.5503,-0.1905,15,15.333,2,1
CZ-021,santa_luzmila,-11.963297,-77.054276,13604,0.3133,0.235,0.8793,0.6786,0.7961,0.6288,0.3375,0.5187,0.6644,2024,9,80,0.5046,-0.22,9,12.667,-8,1
CZ-021,santa_luzmila,-11.963297,-77.054276,13604,0.3133,0.235,0.8793,0.6786,0.7961,0.6288,0.3375,0.5187,0.6644,2024,10,81,0.4868,-0.1905,12,12.0,-2,1
CZ-021,santa_luzmila,-11.963297,-77.054276,13604,0.3133,0.235,0.8793,0.6786,0.7961,0.6288,0.3375,0.5187,0.6644,2024,11,82,0.5719,-0.11,15,12.0,0,1
CZ-021,santa_luzmila,-11.963297,-77.054276,13604,0.3133,0.235,0.8793,0.6786,0.7961,0.6288,0.3375,0.5187,0.6644,2024,12,83,0.6992,0.18,15,14.0,6,1
CZ-021,santa_luzmila,-11.963297,-77.054276,13604,0.3133,0.235,0.8793,0.6786,0.7961,0.6288,0.3375,0.5187,0.6644,2025,1,84,0.6197,0.11,13,14.333,1,1
CZ-021,santa_luzmila,-11.963297,-77.054276,13604,0.3133,0.235,0.8793,0.6786,0.7961,0.6288,0.3375,0.5187,0.6644,2025,2,85,0.5182,0.1905,10,12.667,-5,1
CZ-021,santa_luzmila,-11.963297,-77.054276,13604,0.3133,0.235,0.8793,0.6786,0.7961,0.6288,0.3375,0.5187,0.6644,2025,3,86,0.5433,0.22,14,12.333,-1,1
CZ-021,santa_luzmila,-11.963297,-77.054276,13604,0.3133,0.235,0.8793,0.6786,0.7961,0.6288,0.3375,0.5187,0.6644,2025,4,87,0.5223,0.1905,13,12.333,0,1
CZ-021,santa_luzmila,-11.963297,-77.054276,13604,0.3133,0.235,0.8793,0.6786,0.7961,0.6288,0.3375,0.5187,0.6644,2025,5,88,0.5251,0.11,14,13.667,4,1
CZ-021,santa_luzmila,-11.963297,-77.054276,13604,0.3133,0.235,0.8793,0.6786,0.7961,0.6288,0.3375,0.5187,0.6644,2025,6,89,0.4248,0.0,19,15.333,5,1
CZ-021,santa_luzmila,-11.963297,-77.054276,13604,0.3133,0.235,0.8793,0.6786,0.7961,0.6288,0.3375,0.5187,0.6644,2025,7,90,0.5637,0.07,15,16.0,2,1
CZ-021,santa_luzmila,-11.963297,-77.054276,13604,0.3133,0.235,0.8793,0.6786,0.7961,0.6288,0.3375,0.5187,0.6644,2025,8,91,0.4441,-0.1905,16,16.667,2,1
CZ-021,santa_luzmila,-11.963297,-77.054276,13604,0.3133,0.235,0.8793,0.6786,0.7961,0.6288,0.3375,0.5187,0.6644,2025,9,92,0.5389,-0.22,12,14.333,-7,1
CZ-021,santa_luzmila,-11.963297,-77.054276,13604,0.3133,0.235,0.8793,0.6786,0.7961,0.6288,0.3375,0.5187,0.6644,2025,10,93,0.4852,-0.1905,10,12.667,-5,0
CZ-021,santa_luzmila,-11.963297,-77.054276,13604,0.3133,0.235,0.8793,0.6786,0.7961,0.6288,0.3375,0.5187,0.6644,2025,11,94,0.4471,-0.11,14,12.0,-2,1
CZ-022,la_libertad,-11.958246,-77.083487,21212,0.7333,0.3178,0.7373,0.6204,0.5325,0.4989,0.2991,0.1419,0.6946,2018,5,4,0.5644,0.11,11,8.667,-5,1
CZ-022,la_libertad,-11.958246,-77.083487,21212,0.7333,0.3178,0.7373,0.6204,0.5325,0.4989,0.2991,0.1419,0.6946,2018,6,5,0.4761,0.0,9,8.667,0,0
CZ-022,la_libertad,-11.958246,-77.083487,21212,0.7333,0.3178,0.7373,0.6204,0.5325,0.4989,0.2991,0.1419,0.6946,2018,7,6,0.469,0.07,12,10.667,6,0
CZ-022,la_libertad,-11.958246,-77.083487,21212,0.7333,0.3178,0.7373,0.6204,0.5325,0.4989,0.2991,0.1419,0.6946,2018,8,7,0.5744,-0.1905,7,9.333,-4,0
CZ-022,la_libertad,-11.958246,-77.083487,21212,0.7333,0.3178,0.7373,0.6204,0.5325,0.4989,0.2991,0.1419,0.6946,2018,9,8,0.4748,-0.22,6,8.333,-3,0
CZ-022,la_libertad,-11.958246,-77.083487,21212,0.7333,0.3178,0.7373,0.6204,0.5325,0.4989,0.2991,0.1419,0.6946,2018,10,9,0.4539,-0.1905,7,6.667,-5,0
CZ-022,la_libertad,-11.958246,-77.083487,21212,0.7333,0.3178,0.7373,0.6204,0.5325,0.4989,0.2991,0.1419,0.6946,2018,11,10,0.4772,-0.11,7,6.667,0,1
CZ-022,la_libertad,-11.958246,-77.083487,21212,0.7333,0.3178,0.7373,0.6204,0.5325,0.4989,0.2991,0.1419,0.6946,2018,12,11,0.5306,0.18,5,6.333,-1,1
CZ-022,la_libertad,-11.958246,-77.083487,21212,0.7333,0.3178,0.7373,0.6204,0.5325,0.4989,0.2991,0.1419,0.6946,2019,1,12,0.546,0.11,18,10.0,11,1
CZ-022,la_libertad,-11.958246,-77.083487,21212,0.7333,0.3178,0.7373,0.6204,0.5325,0.4989,0.2991,0.1419,0.6946,2019,2,13,0.4656,0.1905,9,10.667,2,0
CZ-022,la_libertad,-11.958246,-77.083487,21212,0.7333,0.3178,0.7373,0.6204,0.5325,0.4989,0.2991,0.1419,0.6946,2019,3,14,0.4615,0.22,9,12.0,4,1
CZ-022,la_libertad,-11.958246,-77.083487,21212,0.7333,0.3178,0.7373,0.6204,0.5325,0.4989,0.2991,0.1419,0.6946,2019,4,15,0.4244,0.1905,7,8.333,-11,0
CZ-022,la_libertad,-11.958246,-77.083487,21212,0.7333,0.3178,0.7373,0.6204,0.5325,0.4989,0.2991,0.1419,0.6946,2019,5,16,0.4769,0.11,12,9.333,3,1
CZ-022,la_libertad,-11.958246,-77.083487,21212,0.7333,0.3178,0.7373,0.6204,0.5325,0.4989,0.2991,0.1419,0.6946,2019,6,17,0.5448,0.0,7,8.667,-2,0
CZ-022,la_libertad,-11.958246,-77.083487,21212,0.7333,0.3178,0.7373,0.6204,0.5325,0.4989,0.2991,0.1419,0.6946,2019,7,18,0.5405,0.07,9,9.333,2,1
CZ-022,la_libertad,-11.958246,-77.083487,21212,0.7333,0.3178,0.7373,0.6204,0.5325,0.4989,0.2991,0.1419,0.6946,2019,8,19,0.5764,-0.1905,8,8.0,-4,0
CZ-022,la_libertad,-11.958246,-77.083487,21212,0.7333,0.3178,0.7373,0.6204,0.5325,0.4989,0.2991,0.1419,0.6946,2019,9,20,0.4656,-0.22,12,9.667,5,0
CZ-022,la_libertad,-11.958246,-77.083487,21212,0.7333,0.3178,0.7373,0.6204,0.5325,0.4989,0.2991,0.1419,0.6946,2019,10,21,0.4962,-0.1905,2,7.333,-7,1
CZ-022,la_libertad,-11.958246,-77.083487,21212,0.7333,0.3178,0.7373,0.6204,0.5325,0.4989,0.2991,0.1419,0.6946,2019,11,22,0.489,-0.11,8,7.333,0,1
CZ-022,la_libertad,-11.958246,-77.083487,21212,0.7333,0.3178,0.7373,0.6204,0.5325,0.4989,0.2991,0.1419,0.6946,2019,12,23,0.4815,0.18,9,6.333,-3,1
CZ-022,la_libertad,-11.958246,-77.083487,21212,0.7333,0.3178,0.7373,0.6204,0.5325,0.4989,0.2991,0.1419,0.6946,2020,1,24,0.4477,0.11,14,10.333,12,0
CZ-022,la_libertad,-11.958246,-77.083487,21212,0.7333,0.3178,0.7373,0.6204,0.5325,0.4989,0.2991,0.1419,0.6946,2020,2,25,0.5334,0.1905,13,12.0,5,1
CZ-022,la_libertad,-11.958246,-77.083487,21212,0.7333,0.3178,0.7373,0.6204,0.5325,0.4989,0.2991,0.1419,0.6946,2020,3,26,0.478,0.22,7,11.333,-2,0
CZ-022,la_libertad,-11.958246,-77.083487,21212,0.7333,0.3178,0.7373,0.6204,0.5325,0.4989,0.2991,0.1419,0.6946,2020,4,27,0.5379,0.1905,16,12.0,2,1
CZ-022,la_libertad,-11.958246,-77.083487,21212,0.7333,0.3178,0.7373,0.6204,0.5325,0.4989,0.2991,0.1419,0.6946,2020,5,28,0.5088,0.11,8,10.333,-5,0
CZ-022,la_libertad,-11.958246,-77.083487,21212,0.7333,0.3178,0.7373,0.6204,0.5325,0.4989,0.2991,0.1419,0.6946,2020,6,29,0.6245,0.0,9,11.0,2,1
CZ-022,la_libertad,-11.958246,-77.083487,21212,0.7333,0.3178,0.7373,0.6204,0.5325,0.4989,0.2991,0.1419,0.6946,2020,7,30,0.5653,0.07,8,8.333,-8,0
CZ-022,la_libertad,-11.958246,-77.083487,21212,0.7333,0.3178,0.7373,0.6204,0.5325,0.4989,0.2991,0.1419,0.6946,2020,8,31,0.5126,-0.1905,9,8.667,1,1
CZ-022,la_libertad,-11.958246,-77.083487,21212,0.7333,0.3178,0.7373,0.6204,0.5325,0.4989,0.2991,0.1419,0.6946,2020,9,32,0.4736,-0.22,7,8.0,-2,0
CZ-022,la_libertad,-11.958246,-77.083487,21212,0.7333,0.3178,0.7373,0.6204,0.5325,0.4989,0.2991,0.1419,0.6946,2020,10,33,0.474,-0.1905,9,8.333,1,0
CZ-022,la_libertad,-11.958246,-77.083487,21212,0.7333,0.3178,0.7373,0.6204,0.5325,0.4989,0.2991,0.1419,0.6946,2020,11,34,0.5748,-0.11,7,7.667,-2,1
CZ-022,la_libertad,-11.958246,-77.083487,21212,0.7333,0.3178,0.7373,0.6204,0.5325,0.4989,0.2991,0.1419,0.6946,2020,12,35,0.5362,0.18,6,7.333,-1,1
CZ-022,la_libertad,-11.958246,-77.083487,21212,0.7333,0.3178,0.7373,0.6204,0.5325,0.4989,0.2991,0.1419,0.6946,2021,1,36,0.4872,0.11,11,8.0,2,1
CZ-022,la_libertad,-11.958246,-77.083487,21212,0.7333,0.3178,0.7373,0.6204,0.5325,0.4989,0.2991,0.1419,0.6946,2021,2,37,0.4525,0.1905,9,8.667,2,1
CZ-022,la_libertad,-11.958246,-77.083487,21212,0.7333,0.3178,0.7373,0.6204,0.5325,0.4989,0.2991,0.1419,0.6946,2021,3,38,0.4455,0.22,10,10.0,4,1
CZ-022,la_libertad,-11.958246,-77.083487,21212,0.7333,0.3178,0.7373,0.6204,0.5325,0.4989,0.2991,0.1419,0.6946,2021,4,39,0.5212,0.1905,13,10.667,2,1
CZ-022,la_libertad,-11.958246,-77.083487,21212,0.7333,0.3178,0.7373,0.6204,0.5325,0.4989,0.2991,0.1419,0.6946,2021,5,40,0.4505,0.11,12,11.667,3,1
CZ-022,la_libertad,-11.958246,-77.083487,21212,0.7333,0.3178,0.7373,0.6204,0.5325,0.4989,0.2991,0.1419,0.6946,2021,6,41,0.4671,0.0,12,12.333,2,0
CZ-022,la_libertad,-11.958246,-77.083487,21212,0.7333,0.3178,0.7373,0.6204,0.5325,0.4989,0.2991,0.1419,0.6946,2021,7,42,0.5591,0.07,16,13.333,3,0
CZ-022,la_libertad,-11.958246,-77.083487,21212,0.7333,0.3178,0.7373,0.6204,0.5325,0.4989,0.2991,0.1419,0.6946,2021,8,43,0.4892,-0.1905,6,11.333,-6,1
CZ-022,la_libertad,-11.958246,-77.083487,21212,0.7333,0.3178,0.7373,0.6204,0.5325,0.4989,0.2991,0.1419,0.6946,2021,9,44,0.5836,-0.22,5,9.0,-7,0
CZ-022,la_libertad,-11.958246,-77.083487,21212,0.7333,0.3178,0.7373,0.6204,0.5325,0.4989,0.2991,0.1419,0.6946,2021,10,45,0.4792,-0.1905,11,7.333,-5,1
CZ-022,la_libertad,-11.958246,-77.083487,21212,0.7333,0.3178,0.7373,0.6204,0.5325,0.4989,0.2991,0.1419,0.6946,2021,11,46,0.5532,-0.11,6,7.333,0,1
CZ-022,la_libertad,-11.958246,-77.083487,21212,0.7333,0.3178,0.7373,0.6204,0.5325,0.4989,0.2991,0.1419,0.6946,2021,12,47,0.5275,0.18,13,10.0,8,1
CZ-022,la_libertad,-11.958246,-77.083487,21212,0.7333,0.3178,0.7373,0.6204,0.5325,0.4989,0.2991,0.1419,0.6946,2022,1,48,0.545,0.11,11,10.0,0,1
CZ-022,la_libertad,-11.958246,-77.083487,21212,0.7333,0.3178,0.7373,0.6204,0.5325,0.4989,0.2991,0.1419,0.6946,2022,2,49,0.5176,0.1905,20,14.667,14,1
CZ-022,la_libertad,-11.958246,-77.083487,21212,0.7333,0.3178,0.7373,0.6204,0.5325,0.4989,0.2991,0.1419,0.6946,2022,3,50,0.4574,0.22,17,16.0,4,0
CZ-022,la_libertad,-11.958246,-77.083487,21212,0.7333,0.3178,0.7373,0.6204,0.5325,0.4989,0.2991,0.1419,0.6946,2022,4,51,0.5797,0.1905,10,15.667,-1,1
CZ-022,la_libertad,-11.958246,-77.083487,21212,0.7333,0.3178,0.7373,0.6204,0.5325,0.4989,0.2991,0.1419,0.6946,2022,5,52,0.5013,0.11,8,11.667,-12,1
CZ-022,la_libertad,-11.958246,-77.083487,21212,0.7333,0.3178,0.7373,0.6204,0.5325,0.4989,0.2991,0.1419,0.6946,2022,6,53,0.569,0.0,16,11.333,-1,1
CZ-022,la_libertad,-11.958246,-77.083487,21212,0.7333,0.3178,0.7373,0.6204,0.5325,0.4989,0.2991,0.1419,0.6946,2022,7,54,0.5717,0.07,17,13.667,7,0
CZ-022,la_libertad,-11.958246,-77.083487,21212,0.7333,0.3178,0.7373,0.6204,0.5325,0.4989,0.2991,0.1419,0.6946,2022,8,55,0.5298,-0.1905,21,18.0,13,0
CZ-022,la_libertad,-11.958246,-77.083487,21212,0.7333,0.3178,0.7373,0.6204,0.5325,0.4989,0.2991,0.1419,0.6946,2022,9,56,0.5568,-0.22,8,15.333,-8,0
CZ-022,la_libertad,-11.958246,-77.083487,21212,0.7333,0.3178,0.7373,0.6204,0.5325,0.4989,0.2991,0.1419,0.6946,2022,10,57,0.5169,-0.1905,8,12.333,-9,1
CZ-022,la_libertad,-11.958246,-77.083487,21212,0.7333,0.3178,0.7373,0.6204,0.5325,0.4989,0.2991,0.1419,0.6946,2022,11,58,0.5067,-0.11,7,7.667,-14,1
CZ-022,la_libertad,-11.958246,-77.083487,21212,0.7333,0.3178,0.7373,0.6204,0.5325,0.4989,0.2991,0.1419,0.6946,2022,12,59,0.6283,0.18,13,9.333,5,1
CZ-022,la_libertad,-11.958246,-77.083487,21212,0.7333,0.3178,0.7373,0.6204,0.5325,0.4989,0.2991,0.1419,0.6946,2023,1,60,0.5019,0.11,18,12.667,10,1
CZ-022,la_libertad,-11.958246,-77.083487,21212,0.7333,0.3178,0.7373,0.6204,0.5325,0.4989,0.2991,0.1419,0.6946,2023,2,61,0.4516,0.1905,11,14.0,4,1
CZ-022,la_libertad,-11.958246,-77.083487,21212,0.7333,0.3178,0.7373,0.6204,0.5325,0.4989,0.2991,0.1419,0.6946,2023,3,62,0.5546,0.22,15,14.667,2,1
CZ-022,la_libertad,-11.958246,-77.083487,21212,0.7333,0.3178,0.7373,0.6204,0.5325,0.4989,0.2991,0.1419,0.6946,2023,4,63,0.4757,0.1905,17,14.333,-1,1
CZ-022,la_libertad,-11.958246,-77.083487,21212,0.7333,0.3178,0.7373,0.6204,0.5325,0.4989,0.2991,0.1419,0.6946,2023,5,64,0.4292,0.11,12,14.667,1,0
CZ-022,la_libertad,-11.958246,-77.083487,21212,0.7333,0.3178,0.7373,0.6204,0.5325,0.4989,0.2991,0.1419,0.6946,2023,6,65,0.5722,0.0,19,16.0,4,1
CZ-022,la_libertad,-11.958246,-77.083487,21212,0.7333,0.3178,0.7373,0.6204,0.5325,0.4989,0.2991,0.1419,0.6946,2023,7,66,0.5,0.07,7,12.667,-10,0
CZ-022,la_libertad,-11.958246,-77.083487,21212,0.7333,0.3178,0.7373,0.6204,0.5325,0.4989,0.2991,0.1419,0.6946,2023,8,67,0.3872,-0.1905,16,14.0,4,1
CZ-022,la_libertad,-11.958246,-77.083487,21212,0.7333,0.3178,0.7373,0.6204,0.5325,0.4989,0.2991,0.1419,0.6946,2023,9,68,0.4944,-0.22,8,10.333,-11,0
CZ-022,la_libertad,-11.958246,-77.083487,21212,0.7333,0.3178,0.7373,0.6204,0.5325,0.4989,0.2991,0.1419,0.6946,2023,10,69,0.5766,-0.1905,10,11.333,3,0
CZ-022,la_libertad,-11.958246,-77.083487,21212,0.7333,0.3178,0.7373,0.6204,0.5325,0.4989,0.2991,0.1419,0.6946,2023,11,70,0.4962,-0.11,7,8.333,-9,1
CZ-022,la_libertad,-11.958246,-77.083487,21212,0.7333,0.3178,0.7373,0.6204,0.5325,0.4989,0.2991,0.1419,0.6946,2023,12,71,0.6375,0.18,6,7.667,-2,1
CZ-022,la_libertad,-11.958246,-77.083487,21212,0.7333,0.3178,0.7373,0.6204,0.5325,0.4989,0.2991,0.1419,0.6946,2024,1,72,0.5137,0.11,17,10.0,7,1
CZ-022,la_libertad,-11.958246,-77.083487,21212,0.7333,0.3178,0.7373,0.6204,0.5325,0.4989,0.2991,0.1419,0.6946,2024,2,73,0.5054,0.1905,16,13.0,9,1
CZ-022,la_libertad,-11.958246,-77.083487,21212,0.7333,0.3178,0.7373,0.6204,0.5325,0.4989,0.2991,0.1419,0.6946,2024,3,74,0.5185,0.22,14,15.667,8,1
CZ-022,la_libertad,-11.958246,-77.083487,21212,0.7333,0.3178,0.7373,0.6204,0.5325,0.4989,0.2991,0.1419,0.6946,2024,4,75,0.4161,0.1905,18,16.0,1,1
CZ-022,la_libertad,-11.958246,-77.083487,21212,0.7333,0.3178,0.7373,0.6204,0.5325,0.4989,0.2991,0.1419,0.6946,2024,5,76,0.4349,0.11,10,14.0,-6,1
CZ-022,la_libertad,-11.958246,-77.083487,21212,0.7333,0.3178,0.7373,0.6204,0.5325,0.4989,0.2991,0.1419,0.6946,2024,6,77,0.4748,0.0,10,12.667,-4,0
CZ-022,la_libertad,-11.958246,-77.083487,21212,0.7333,0.3178,0.7373,0.6204,0.5325,0.4989,0.2991,0.1419,0.6946,2024,7,78,0.632,0.07,15,11.667,-3,1
CZ-022,la_libertad,-11.958246,-77.083487,21212,0.7333,0.3178,0.7373,0.6204,0.5325,0.4989,0.2991,0.1419,0.6946,2024,8,79,0.5703,-0.1905,8,11.0,-2,1
CZ-022,la_libertad,-11.958246,-77.083487,21212,0.7333,0.3178,0.7373,0.6204,0.5325,0.4989,0.2991,0.1419,0.6946,2024,9,80,0.4891,-0.22,10,11.0,0,1
CZ-022,la_libertad,-11.958246,-77.083487,21212,0.7333,0.3178,0.7373,0.6204,0.5325,0.4989,0.2991,0.1419,0.6946,2024,10,81,0.4419,-0.1905,11,9.667,-4,1
CZ-022,la_libertad,-11.958246,-77.083487,21212,0.7333,0.3178,0.7373,0.6204,0.5325,0.4989,0.2991,0.1419,0.6946,2024,11,82,0.5623,-0.11,13,11.333,5,1
CZ-022,la_libertad,-11.958246,-77.083487,21212,0.7333,0.3178,0.7373,0.6204,0.5325,0.4989,0.2991,0.1419,0.6946,2024,12,83,0.5717,0.18,11,11.667,1,1
CZ-022,la_libertad,-11.958246,-77.083487,21212,0.7333,0.3178,0.7373,0.6204,0.5325,0.4989,0.2991,0.1419,0.6946,2025,1,84,0.5151,0.11,18,14.0,7,1
CZ-022,la_libertad,-11.958246,-77.083487,21212,0.7333,0.3178,0.7373,0.6204,0.5325,0.4989,0.2991,0.1419,0.6946,2025,2,85,0.5277,0.1905,15,14.667,2,1
CZ-022,la_libertad,-11.958246,-77.083487,21212,0.7333,0.3178,0.7373,0.6204,0.5325,0.4989,0.2991,0.1419,0.6946,2025,3,86,0.5418,0.22,25,19.333,14,1
CZ-022,la_libertad,-11.958246,-77.083487,21212,0.7333,0.3178,0.7373,0.6204,0.5325,0.4989,0.2991,0.1419,0.6946,2025,4,87,0.5087,0.1905,21,20.333,3,1
CZ-022,la_libertad,-11.958246,-77.083487,21212,0.7333,0.3178,0.7373,0.6204,0.5325,0.4989,0.2991,0.1419,0.6946,2025,5,88,0.4981,0.11,24,23.333,9,1
CZ-022,la_libertad,-11.958246,-77.083487,21212,0.7333,0.3178,0.7373,0.6204,0.5325,0.4989,0.2991,0.1419,0.6946,2025,6,89,0.4469,0.0,12,19.0,-13,1
CZ-022,la_libertad,-11.958246,-77.083487,21212,0.7333,0.3178,0.7373,0.6204,0.5325,0.4989,0.2991,0.1419,0.6946,2025,7,90,0.676,0.07,10,15.333,-11,1
CZ-022,la_libertad,-11.958246,-77.083487,21212,0.7333,0.3178,0.7373,0.6204,0.5325,0.4989,0.2991,0.1419,0.6946,2025,8,91,0.5345,-0.1905,19,13.667,-5,1
CZ-022,la_libertad,-11.958246,-77.083487,21212,0.7333,0.3178,0.7373,0.6204,0.5325,0.4989,0.2991,0.1419,0.6946,2025,9,92,0.4919,-0.22,10,13.0,-2,0
CZ-022,la_libertad,-11.958246,-77.083487,21212,0.7333,0.3178,0.7373,0.6204,0.5325,0.4989,0.2991,0.1419,0.6946,2025,10,93,0.3778,-0.1905,13,14.0,3,1
CZ-022,la_libertad,-11.958246,-77.083487,21212,0.7333,0.3178,0.7373,0.6204,0.5325,0.4989,0.2991,0.1419,0.6946,2025,11,94,0.5565,-0.11,8,10.333,-11,1
CZ-023,zonal_14,-11.910823,-77.02716,16467,0.4739,0.246,0.6486,0.8392,0.4302,0.666,0.2285,0.2231,0.3984,2018,5,4,0.5645,0.11,4,4.333,-3,0
CZ-023,zonal_14,-11.910823,-77.02716,16467,0.4739,0.246,0.6486,0.8392,0.4302,0.666,0.2285,0.2231,0.3984,2018,6,5,0.4324,0.0,5,4.667,1,0
CZ-023,zonal_14,-11.910823,-77.02716,16467,0.4739,0.246,0.6486,0.8392,0.4302,0.666,0.2285,0.2231,0.3984,2018,7,6,0.5381,0.07,5,4.667,0,0
CZ-023,zonal_14,-11.910823,-77.02716,16467,0.4739,0.246,0.6486,0.8392,0.4302,0.666,0.2285,0.2231,0.3984,2018,8,7,0.5388,-0.1905,5,5.0,1,0
CZ-023,zonal_14,-11.910823,-77.02716,16467,0.4739,0.246,0.6486,0.8392,0.4302,0.666,0.2285,0.2231,0.3984,2018,9,8,0.5203,-0.22,5,5.0,0,0
CZ-023,zonal_14,-11.910823,-77.02716,16467,0.4739,0.246,0.6486,0.8392,0.4302,0.666,0.2285,0.2231,0.3984,2018,10,9,0.4814,-0.1905,6,5.333,1,0
CZ-023,zonal_14,-11.910823,-77.02716,16467,0.4739,0.246,0.6486,0.8392,0.4302,0.666,0.2285,0.2231,0.3984,2018,11,10,0.4474,-0.11,6,5.667,1,0
CZ-023,zonal_14,-11.910823,-77.02716,16467,0.4739,0.246,0.6486,0.8392,0.4302,0.666,0.2285,0.2231,0.3984,2018,12,11,0.5796,0.18,1,4.333,-4,1
CZ-023,zonal_14,-11.910823,-77.02716,16467,0.4739,0.246,0.6486,0.8392,0.4302,0.666,0.2285,0.2231,0.3984,2019,1,12,0.5082,0.11,8,5.0,2,0
CZ-023,zonal_14,-11.910823,-77.02716,16467,0.4739,0.246,0.6486,0.8392,0.4302,0.666,0.2285,0.2231,0.3984,2019,2,13,0.4149,0.1905,11,6.667,5,0
CZ-023,zonal_14,-11.910823,-77.02716,16467,0.4739,0.246,0.6486,0.8392,0.4302,0.666,0.2285,0.2231,0.3984,2019,3,14,0.4495,0.22,5,8.0,4,0
CZ-023,zonal_14,-11.910823,-77.02716,16467,0.4739,0.246,0.6486,0.8392,0.4302,0.666,0.2285,0.2231,0.3984,2019,4,15,0.5092,0.1905,5,7.0,-3,0
CZ-023,zonal_14,-11.910823,-77.02716,16467,0.4739,0.246,0.6486,0.8392,0.4302,0.666,0.2285,0.2231,0.3984,2019,5,16,0.4276,0.11,3,4.333,-8,0
CZ-023,zonal_14,-11.910823,-77.02716,16467,0.4739,0.246,0.6486,0.8392,0.4302,0.666,0.2285,0.2231,0.3984,2019,6,17,0.4398,0.0,4,4.0,-1,0
CZ-023,zonal_14,-11.910823,-77.02716,16467,0.4739,0.246,0.6486,0.8392,0.4302,0.666,0.2285,0.2231,0.3984,2019,7,18,0.537,0.07,6,4.333,1,0
CZ-023,zonal_14,-11.910823,-77.02716,16467,0.4739,0.246,0.6486,0.8392,0.4302,0.666,0.2285,0.2231,0.3984,2019,8,19,0.5368,-0.1905,8,6.0,5,0
CZ-023,zonal_14,-11.910823,-77.02716,16467,0.4739,0.246,0.6486,0.8392,0.4302,0.666,0.2285,0.2231,0.3984,2019,9,20,0.4581,-0.22,5,6.333,1,0
CZ-023,zonal_14,-11.910823,-77.02716,16467,0.4739,0.246,0.6486,0.8392,0.4302,0.666,0.2285,0.2231,0.3984,2019,10,21,0.4043,-0.1905,3,5.333,-3,0
CZ-023,zonal_14,-11.910823,-77.02716,16467,0.4739,0.246,0.6486,0.8392,0.4302,0.666,0.2285,0.2231,0.3984,2019,11,22,0.461,-0.11,8,5.333,0,0
CZ-023,zonal_14,-11.910823,-77.02716,16467,0.4739,0.246,0.6486,0.8392,0.4302,0.666,0.2285,0.2231,0.3984,2019,12,23,0.543,0.18,7,6.0,2,0
CZ-023,zonal_14,-11.910823,-77.02716,16467,0.4739,0.246,0.6486,0.8392,0.4302,0.666,0.2285,0.2231,0.3984,2020,1,24,0.4318,0.11,7,7.333,4,0
CZ-023,zonal_14,-11.910823,-77.02716,16467,0.4739,0.246,0.6486,0.8392,0.4302,0.666,0.2285,0.2231,0.3984,2020,2,25,0.5051,0.1905,6,6.667,-2,0
CZ-023,zonal_14,-11.910823,-77.02716,16467,0.4739,0.246,0.6486,0.8392,0.4302,0.666,0.2285,0.2231,0.3984,2020,3,26,0.5358,0.22,7,6.667,0,0
CZ-023,zonal_14,-11.910823,-77.02716,16467,0.4739,0.246,0.6486,0.8392,0.4302,0.666,0.2285,0.2231,0.3984,2020,4,27,0.5266,0.1905,5,6.0,-2,0
CZ-023,zonal_14,-11.910823,-77.02716,16467,0.4739,0.246,0.6486,0.8392,0.4302,0.666,0.2285,0.2231,0.3984,2020,5,28,0.4573,0.11,5,5.667,-1,0
CZ-023,zonal_14,-11.910823,-77.02716,16467,0.4739,0.246,0.6486,0.8392,0.4302,0.666,0.2285,0.2231,0.3984,2020,6,29,0.4046,0.0,3,4.333,-4,0
CZ-023,zonal_14,-11.910823,-77.02716,16467,0.4739,0.246,0.6486,0.8392,0.4302,0.666,0.2285,0.2231,0.3984,2020,7,30,0.5061,0.07,8,5.333,3,0
CZ-023,zonal_14,-11.910823,-77.02716,16467,0.4739,0.246,0.6486,0.8392,0.4302,0.666,0.2285,0.2231,0.3984,2020,8,31,0.5345,-0.1905,4,5.0,-1,0
CZ-023,zonal_14,-11.910823,-77.02716,16467,0.4739,0.246,0.6486,0.8392,0.4302,0.666,0.2285,0.2231,0.3984,2020,9,32,0.4377,-0.22,4,5.333,1,0
CZ-023,zonal_14,-11.910823,-77.02716,16467,0.4739,0.246,0.6486,0.8392,0.4302,0.666,0.2285,0.2231,0.3984,2020,10,33,0.4919,-0.1905,6,4.667,-2,0
CZ-023,zonal_14,-11.910823,-77.02716,16467,0.4739,0.246,0.6486,0.8392,0.4302,0.666,0.2285,0.2231,0.3984,2020,11,34,0.4654,-0.11,3,4.333,-1,1
CZ-023,zonal_14,-11.910823,-77.02716,16467,0.4739,0.246,0.6486,0.8392,0.4302,0.666,0.2285,0.2231,0.3984,2020,12,35,0.6296,0.18,7,5.333,3,0
CZ-023,zonal_14,-11.910823,-77.02716,16467,0.4739,0.246,0.6486,0.8392,0.4302,0.666,0.2285,0.2231,0.3984,2021,1,36,0.4985,0.11,9,6.333,3,1
CZ-023,zonal_14,-11.910823,-77.02716,16467,0.4739,0.246,0.6486,0.8392,0.4302,0.666,0.2285,0.2231,0.3984,2021,2,37,0.4671,0.1905,7,7.667,4,0
CZ-023,zonal_14,-11.910823,-77.02716,16467,0.4739,0.246,0.6486,0.8392,0.4302,0.666,0.2285,0.2231,0.3984,2021,3,38,0.5735,0.22,13,9.667,6,1
CZ-023,zonal_14,-11.910823,-77.02716,16467,0.4739,0.246,0.6486,0.8392,0.4302,0.666,0.2285,0.2231,0.3984,2021,4,39,0.4917,0.1905,8,9.333,-1,0
CZ-023,zonal_14,-11.910823,-77.02716,16467,0.4739,0.246,0.6486,0.8392,0.4302,0.666,0.2285,0.2231,0.3984,2021,5,40,0.5192,0.11,10,10.333,3,0
CZ-023,zonal_14,-11.910823,-77.02716,16467,0.4739,0.246,0.6486,0.8392,0.4302,0.666,0.2285,0.2231,0.3984,2021,6,41,0.5353,0.0,7,8.333,-6,0
CZ-023,zonal_14,-11.910823,-77.02716,16467,0.4739,0.246,0.6486,0.8392,0.4302,0.666,0.2285,0.2231,0.3984,2021,7,42,0.4928,0.07,3,6.667,-5,0
CZ-023,zonal_14,-11.910823,-77.02716,16467,0.4739,0.246,0.6486,0.8392,0.4302,0.666,0.2285,0.2231,0.3984,2021,8,43,0.4446,-0.1905,2,4.0,-8,0
CZ-023,zonal_14,-11.910823,-77.02716,16467,0.4739,0.246,0.6486,0.8392,0.4302,0.666,0.2285,0.2231,0.3984,2021,9,44,0.4665,-0.22,5,3.333,-2,0
CZ-023,zonal_14,-11.910823,-77.02716,16467,0.4739,0.246,0.6486,0.8392,0.4302,0.666,0.2285,0.2231,0.3984,2021,10,45,0.4926,-0.1905,4,3.667,1,0
CZ-023,zonal_14,-11.910823,-77.02716,16467,0.4739,0.246,0.6486,0.8392,0.4302,0.666,0.2285,0.2231,0.3984,2021,11,46,0.4287,-0.11,0,3.0,-2,0
CZ-023,zonal_14,-11.910823,-77.02716,16467,0.4739,0.246,0.6486,0.8392,0.4302,0.666,0.2285,0.2231,0.3984,2021,12,47,0.55,0.18,7,3.667,2,0
CZ-023,zonal_14,-11.910823,-77.02716,16467,0.4739,0.246,0.6486,0.8392,0.4302,0.666,0.2285,0.2231,0.3984,2022,1,48,0.4508,0.11,4,3.667,0,1
CZ-023,zonal_14,-11.910823,-77.02716,16467,0.4739,0.246,0.6486,0.8392,0.4302,0.666,0.2285,0.2231,0.3984,2022,2,49,0.4682,0.1905,8,6.333,8,1
CZ-023,zonal_14,-11.910823,-77.02716,16467,0.4739,0.246,0.6486,0.8392,0.4302,0.666,0.2285,0.2231,0.3984,2022,3,50,0.4535,0.22,9,7.0,2,1
CZ-023,zonal_14,-11.910823,-77.02716,16467,0.4739,0.246,0.6486,0.8392,0.4302,0.666,0.2285,0.2231,0.3984,2022,4,51,0.4404,0.1905,10,9.0,6,0
CZ-023,zonal_14,-11.910823,-77.02716,16467,0.4739,0.246,0.6486,0.8392,0.4302,0.666,0.2285,0.2231,0.3984,2022,5,52,0.5285,0.11,10,9.667,2,1
CZ-023,zonal_14,-11.910823,-77.02716,16467,0.4739,0.246,0.6486,0.8392,0.4302,0.666,0.2285,0.2231,0.3984,2022,6,53,0.5375,0.0,6,8.667,-3,0
CZ-023,zonal_14,-11.910823,-77.02716,16467,0.4739,0.246,0.6486,0.8392,0.4302,0.666,0.2285,0.2231,0.3984,2022,7,54,0.534,0.07,9,8.333,-1,0
CZ-023,zonal_14,-11.910823,-77.02716,16467,0.4739,0.246,0.6486,0.8392,0.4302,0.666,0.2285,0.2231,0.3984,2022,8,55,0.4994,-0.1905,6,7.0,-4,1
CZ-023,zonal_14,-11.910823,-77.02716,16467,0.4739,0.246,0.6486,0.8392,0.4302,0.666,0.2285,0.2231,0.3984,2022,9,56,0.4783,-0.22,6,7.0,0,0
CZ-023,zonal_14,-11.910823,-77.02716,16467,0.4739,0.246,0.6486,0.8392,0.4302,0.666,0.2285,0.2231,0.3984,2022,10,57,0.5194,-0.1905,15,9.0,6,0
CZ-023,zonal_14,-11.910823,-77.02716,16467,0.4739,0.246,0.6486,0.8392,0.4302,0.666,0.2285,0.2231,0.3984,2022,11,58,0.432,-0.11,5,8.667,-1,1
CZ-023,zonal_14,-11.910823,-77.02716,16467,0.4739,0.246,0.6486,0.8392,0.4302,0.666,0.2285,0.2231,0.3984,2022,12,59,0.6008,0.18,8,9.333,2,0
CZ-023,zonal_14,-11.910823,-77.02716,16467,0.4739,0.246,0.6486,0.8392,0.4302,0.666,0.2285,0.2231,0.3984,2023,1,60,0.5216,0.11,15,9.333,0,0
CZ-023,zonal_14,-11.910823,-77.02716,16467,0.4739,0.246,0.6486,0.8392,0.4302,0.666,0.2285,0.2231,0.3984,2023,2,61,0.4141,0.1905,3,8.667,-2,0
CZ-023,zonal_14,-11.910823,-77.02716,16467,0.4739,0.246,0.6486,0.8392,0.4302,0.666,0.2285,0.2231,0.3984,2023,3,62,0.4301,0.22,6,8.0,-2,0
CZ-023,zonal_14,-11.910823,-77.02716,16467,0.4739,0.246,0.6486,0.8392,0.4302,0.666,0.2285,0.2231,0.3984,2023,4,63,0.4756,0.1905,8,5.667,-7,1
CZ-023,zonal_14,-11.910823,-77.02716,16467,0.4739,0.246,0.6486,0.8392,0.4302,0.666,0.2285,0.2231,0.3984,2023,5,64,0.4648,0.11,6,6.667,3,0
CZ-023,zonal_14,-11.910823,-77.02716,16467,0.4739,0.246,0.6486,0.8392,0.4302,0.666,0.2285,0.2231,0.3984,2023,6,65,0.5018,0.0,12,8.667,6,0
CZ-023,zonal_14,-11.910823,-77.02716,16467,0.4739,0.246,0.6486,0.8392,0.4302,0.666,0.2285,0.2231,0.3984,2023,7,66,0.5835,0.07,7,8.333,-1,0
CZ-023,zonal_14,-11.910823,-77.02716,16467,0.4739,0.246,0.6486,0.8392,0.4302,0.666,0.2285,0.2231,0.3984,2023,8,67,0.4491,-0.1905,7,8.667,1,0
CZ-023,zonal_14,-11.910823,-77.02716,16467,0.4739,0.246,0.6486,0.8392,0.4302,0.666,0.2285,0.2231,0.3984,2023,9,68,0.5028,-0.22,7,7.0,-5,0
CZ-023,zonal_14,-11.910823,-77.02716,16467,0.4739,0.246,0.6486,0.8392,0.4302,0.666,0.2285,0.2231,0.3984,2023,10,69,0.4316,-0.1905,6,6.667,-1,1
CZ-023,zonal_14,-11.910823,-77.02716,16467,0.4739,0.246,0.6486,0.8392,0.4302,0.666,0.2285,0.2231,0.3984,2023,11,70,0.476,-0.11,3,5.333,-4,0
CZ-023,zonal_14,-11.910823,-77.02716,16467,0.4739,0.246,0.6486,0.8392,0.4302,0.666,0.2285,0.2231,0.3984,2023,12,71,0.5179,0.18,10,6.333,3,1
CZ-023,zonal_14,-11.910823,-77.02716,16467,0.4739,0.246,0.6486,0.8392,0.4302,0.666,0.2285,0.2231,0.3984,2024,1,72,0.5311,0.11,8,7.0,2,1
CZ-023,zonal_14,-11.910823,-77.02716,16467,0.4739,0.246,0.6486,0.8392,0.4302,0.666,0.2285,0.2231,0.3984,2024,2,73,0.4866,0.1905,9,9.0,6,1
CZ-023,zonal_14,-11.910823,-77.02716,16467,0.4739,0.246,0.6486,0.8392,0.4302,0.666,0.2285,0.2231,0.3984,2024,3,74,0.3874,0.22,11,9.333,1,0
CZ-023,zonal_14,-11.910823,-77.02716,16467,0.4739,0.246,0.6486,0.8392,0.4302,0.666,0.2285,0.2231,0.3984,2024,4,75,0.385,0.1905,10,10.0,2,1
CZ-023,zonal_14,-11.910823,-77.02716,16467,0.4739,0.246,0.6486,0.8392,0.4302,0.666,0.2285,0.2231,0.3984,2024,5,76,0.4845,0.11,4,8.333,-5,0
CZ-023,zonal_14,-11.910823,-77.02716,16467,0.4739,0.246,0.6486,0.8392,0.4302,0.666,0.2285,0.2231,0.3984,2024,6,77,0.4147,0.0,13,9.0,2,0
CZ-023,zonal_14,-11.910823,-77.02716,16467,0.4739,0.246,0.6486,0.8392,0.4302,0.666,0.2285,0.2231,0.3984,2024,7,78,0.6016,0.07,6,7.667,-4,0
CZ-023,zonal_14,-11.910823,-77.02716,16467,0.4739,0.246,0.6486,0.8392,0.4302,0.666,0.2285,0.2231,0.3984,2024,8,79,0.4695,-0.1905,7,8.667,3,0
CZ-023,zonal_14,-11.910823,-77.02716,16467,0.4739,0.246,0.6486,0.8392,0.4302,0.666,0.2285,0.2231,0.3984,2024,9,80,0.4897,-0.22,5,6.0,-8,1
CZ-023,zonal_14,-11.910823,-77.02716,16467,0.4739,0.246,0.6486,0.8392,0.4302,0.666,0.2285,0.2231,0.3984,2024,10,81,0.5268,-0.1905,7,6.333,1,0
CZ-023,zonal_14,-11.910823,-77.02716,16467,0.4739,0.246,0.6486,0.8392,0.4302,0.666,0.2285,0.2231,0.3984,2024,11,82,0.4755,-0.11,9,7.0,2,1
CZ-023,zonal_14,-11.910823,-77.02716,16467,0.4739,0.246,0.6486,0.8392,0.4302,0.666,0.2285,0.2231,0.3984,2024,12,83,0.6543,0.18,7,7.667,2,0
CZ-023,zonal_14,-11.910823,-77.02716,16467,0.4739,0.246,0.6486,0.8392,0.4302,0.666,0.2285,0.2231,0.3984,2025,1,84,0.4663,0.11,13,9.667,6,1
CZ-023,zonal_14,-11.910823,-77.02716,16467,0.4739,0.246,0.6486,0.8392,0.4302,0.666,0.2285,0.2231,0.3984,2025,2,85,0.4701,0.1905,7,9.0,-2,0
CZ-023,zonal_14,-11.910823,-77.02716,16467,0.4739,0.246,0.6486,0.8392,0.4302,0.666,0.2285,0.2231,0.3984,2025,3,86,0.4696,0.22,18,12.667,11,1
CZ-023,zonal_14,-11.910823,-77.02716,16467,0.4739,0.246,0.6486,0.8392,0.4302,0.666,0.2285,0.2231,0.3984,2025,4,87,0.54,0.1905,7,10.667,-6,1
CZ-023,zonal_14,-11.910823,-77.02716,16467,0.4739,0.246,0.6486,0.8392,0.4302,0.666,0.2285,0.2231,0.3984,2025,5,88,0.4725,0.11,10,11.667,3,0
CZ-023,zonal_14,-11.910823,-77.02716,16467,0.4739,0.246,0.6486,0.8392,0.4302,0.666,0.2285,0.2231,0.3984,2025,6,89,0.6029,0.0,16,11.0,-2,1
CZ-023,zonal_14,-11.910823,-77.02716,16467,0.4739,0.246,0.6486,0.8392,0.4302,0.666,0.2285,0.2231,0.3984,2025,7,90,0.6484,0.07,6,10.667,-1,0
CZ-023,zonal_14,-11.910823,-77.02716,16467,0.4739,0.246,0.6486,0.8392,0.4302,0.666,0.2285,0.2231,0.3984,2025,8,91,0.5268,-0.1905,16,12.667,6,0
CZ-023,zonal_14,-11.910823,-77.02716,16467,0.4739,0.246,0.6486,0.8392,0.4302,0.666,0.2285,0.2231,0.3984,2025,9,92,0.4713,-0.22,7,9.667,-9,1
CZ-023,zonal_14,-11.910823,-77.02716,16467,0.4739,0.246,0.6486,0.8392,0.4302,0.666,0.2285,0.2231,0.3984,2025,10,93,0.5062,-0.1905,6,9.667,0,0
CZ-023,zonal_14,-11.910823,-77.02716,16467,0.4739,0.246,0.6486,0.8392,0.4302,0.666,0.2285,0.2231,0.3984,2025,11,94,0.4922,-0.11,9,7.333,-7,1
CZ-024,zonal_14,-11.930359,-77.022269,12821,0.5825,0.2862,0.5337,0.6763,0.422,0.617,0.1149,0.2217,0.4275,2018,5,4,0.5033,0.11,11,9.667,6,0
CZ-024,zonal_14,-11.930359,-77.022269,12821,0.5825,0.2862,0.5337,0.6763,0.422,0.617,0.1149,0.2217,0.4275,2018,6,5,0.4476,0.0,9,9.667,0,1
CZ-024,zonal_14,-11.930359,-77.022269,12821,0.5825,0.2862,0.5337,0.6763,0.422,0.617,0.1149,0.2217,0.4275,2018,7,6,0.4456,0.07,5,8.333,-4,0
CZ-024,zonal_14,-11.930359,-77.022269,12821,0.5825,0.2862,0.5337,0.6763,0.422,0.617,0.1149,0.2217,0.4275,2018,8,7,0.5288,-0.1905,10,8.0,-1,0
CZ-024,zonal_14,-11.930359,-77.022269,12821,0.5825,0.2862,0.5337,0.6763,0.422,0.617,0.1149,0.2217,0.4275,2018,9,8,0.368,-0.22,6,7.0,-3,1
CZ-024,zonal_14,-11.930359,-77.022269,12821,0.5825,0.2862,0.5337,0.6763,0.422,0.617,0.1149,0.2217,0.4275,2018,10,9,0.4083,-0.1905,7,7.667,2,1
CZ-024,zonal_14,-11.930359,-77.022269,12821,0.5825,0.2862,0.5337,0.6763,0.422,0.617,0.1149,0.2217,0.4275,2018,11,10,0.4427,-0.11,9,7.333,-1,0
CZ-024,zonal_14,-11.930359,-77.022269,12821,0.5825,0.2862,0.5337,0.6763,0.422,0.617,0.1149,0.2217,0.4275,2018,12,11,0.4262,0.18,13,9.667,7,0
CZ-024,zonal_14,-11.930359,-77.022269,12821,0.5825,0.2862,0.5337,0.6763,0.422,0.617,0.1149,0.2217,0.4275,2019,1,12,0.5281,0.11,8,10.0,1,1
CZ-024,zonal_14,-11.930359,-77.022269,12821,0.5825,0.2862,0.5337,0.6763,0.422,0.617,0.1149,0.2217,0.4275,2019,2,13,0.4678,0.1905,8,9.667,-1,0
CZ-024,zonal_14,-11.930359,-77.022269,12821,0.5825,0.2862,0.5337,0.6763,0.422,0.617,0.1149,0.2217,0.4275,2019,3,14,0.5103,0.22,10,8.667,-3,1
CZ-024,zonal_14,-11.930359,-77.022269,12821,0.5825,0.2862,0.5337,0.6763,0.422,0.617,0.1149,0.2217,0.4275,2019,4,15,0.4078,0.1905,5,7.667,-3,1
CZ-024,zonal_14,-11.930359,-77.022269,12821,0.5825,0.2862,0.5337,0.6763,0.422,0.617,0.1149,0.2217,0.4275,2019,5,16,0.3316,0.11,9,8.0,1,0
CZ-024,zonal_14,-11.930359,-77.022269,12821,0.5825,0.2862,0.5337,0.6763,0.422,0.617,0.1149,0.2217,0.4275,2019,6,17,0.3686,0.0,9,7.667,-1,0
CZ-024,zonal_14,-11.930359,-77.022269,12821,0.5825,0.2862,0.5337,0.6763,0.422,0.617,0.1149,0.2217,0.4275,2019,7,18,0.5252,0.07,5,7.667,0,0
CZ-024,zonal_14,-11.930359,-77.022269,12821,0.5825,0.2862,0.5337,0.6763,0.422,0.617,0.1149,0.2217,0.4275,2019,8,19,0.4591,-0.1905,8,7.333,-1,0
CZ-024,zonal_14,-11.930359,-77.022269,12821,0.5825,0.2862,0.5337,0.6763,0.422,0.617,0.1149,0.2217,0.4275,2019,9,20,0.4815,-0.22,5,6.0,-4,1
CZ-024,zonal_14,-11.930359,-77.022269,12821,0.5825,0.2862,0.5337,0.6763,0.422,0.617,0.1149,0.2217,0.4275,2019,10,21,0.4785,-0.1905,4,5.667,-1,0
CZ-024,zonal_14,-11.930359,-77.022269,12821,0.5825,0.2862,0.5337,0.6763,0.422,0.617,0.1149,0.2217,0.4275,2019,11,22,0.4524,-0.11,9,6.0,1,1
CZ-024,zonal_14,-11.930359,-77.022269,12821,0.5825,0.2862,0.5337,0.6763,0.422,0.617,0.1149,0.2217,0.4275,2019,12,23,0.6077,0.18,7,6.667,2,0
CZ-024,zonal_14,-11.930359,-77.022269,12821,0.5825,0.2862,0.5337,0.6763,0.422,0.617,0.1149,0.2217,0.4275,2020,1,24,0.4906,0.11,12,9.333,8,1
CZ-024,zonal_14,-11.930359,-77.022269,12821,0.5825,0.2862,0.5337,0.6763,0.422,0.617,0.1149,0.2217,0.4275,2020,2,25,0.4265,0.1905,5,8.0,-4,1
CZ-024,zonal_14,-11.930359,-77.022269,12821,0.5825,0.2862,0.5337,0.6763,0.422,0.617,0.1149,0.2217,0.4275,2020,3,26,0.4331,0.22,11,9.333,4,0
CZ-024,zonal_14,-11.930359,-77.022269,12821,0.5825,0.2862,0.5337,0.6763,0.422,0.617,0.1149,0.2217,0.4275,2020,4,27,0.4264,0.1905,11,9.0,-1,1
CZ-024,zonal_14,-11.930359,-77.022269,12821,0.5825,0.2862,0.5337,0.6763,0.422,0.617,0.1149,0.2217,0.4275,2020,5,28,0.452,0.11,2,8.0,-3,1
CZ-024,zonal_14,-11.930359,-77.022269,12821,0.5825,0.2862,0.5337,0.6763,0.422,0.617,0.1149,0.2217,0.4275,2020,6,29,0.5616,0.0,13,8.667,2,1
CZ-024,zonal_14,-11.930359,-77.022269,12821,0.5825,0.2862,0.5337,0.6763,0.422,0.617,0.1149,0.2217,0.4275,2020,7,30,0.4881,0.07,10,8.333,-1,1
CZ-024,zonal_14,-11.930359,-77.022269,12821,0.5825,0.2862,0.5337,0.6763,0.422,0.617,0.1149,0.2217,0.4275,2020,8,31,0.4569,-0.1905,12,11.667,10,0
CZ-024,zonal_14,-11.930359,-77.022269,12821,0.5825,0.2862,0.5337,0.6763,0.422,0.617,0.1149,0.2217,0.4275,2020,9,32,0.4446,-0.22,12,11.333,-1,0
CZ-024,zonal_14,-11.930359,-77.022269,12821,0.5825,0.2862,0.5337,0.6763,0.422,0.617,0.1149,0.2217,0.4275,2020,10,33,0.4027,-0.1905,7,10.333,-3,0
CZ-024,zonal_14,-11.930359,-77.022269,12821,0.5825,0.2862,0.5337,0.6763,0.422,0.617,0.1149,0.2217,0.4275,2020,11,34,0.4268,-0.11,6,8.333,-6,1
CZ-024,zonal_14,-11.930359,-77.022269,12821,0.5825,0.2862,0.5337,0.6763,0.422,0.617,0.1149,0.2217,0.4275,2020,12,35,0.5487,0.18,8,7.0,-4,1
CZ-024,zonal_14,-11.930359,-77.022269,12821,0.5825,0.2862,0.5337,0.6763,0.422,0.617,0.1149,0.2217,0.4275,2021,1,36,0.4465,0.11,11,8.333,4,1
CZ-024,zonal_14,-11.930359,-77.022269,12821,0.5825,0.2862,0.5337,0.6763,0.422,0.617,0.1149,0.2217,0.4275,2021,2,37,0.4741,0.1905,11,10.0,5,1
CZ-024,zonal_14,-11.930359,-77.022269,12821,0.5825,0.2862,0.5337,0.6763,0.422,0.617,0.1149,0.2217,0.4275,2021,3,38,0.4584,0.22,12,11.333,4,1
CZ-024,zonal_14,-11.930359,-77.022269,12821,0.5825,0.2862,0.5337,0.6763,0.422,0.617,0.1149,0.2217,0.4275,2021,4,39,0.5257,0.1905,18,13.667,7,1
CZ-024,zonal_14,-11.930359,-77.022269,12821,0.5825,0.2862,0.5337,0.6763,0.422,0.617,0.1149,0.2217,0.4275,2021,5,40,0.4426,0.11,13,14.333,2,1
CZ-024,zonal_14,-11.930359,-77.022269,12821,0.5825,0.2862,0.5337,0.6763,0.422,0.617,0.1149,0.2217,0.4275,2021,6,41,0.4063,0.0,9,13.333,-3,1
CZ-024,zonal_14,-11.930359,-77.022269,12821,0.5825,0.2862,0.5337,0.6763,0.422,0.617,0.1149,0.2217,0.4275,2021,7,42,0.4992,0.07,9,10.333,-9,0
CZ-024,zonal_14,-11.930359,-77.022269,12821,0.5825,0.2862,0.5337,0.6763,0.422,0.617,0.1149,0.2217,0.4275,2021,8,43,0.5154,-0.1905,14,10.667,1,0
CZ-024,zonal_14,-11.930359,-77.022269,12821,0.5825,0.2862,0.5337,0.6763,0.422,0.617,0.1149,0.2217,0.4275,2021,9,44,0.4663,-0.22,2,8.333,-7,1
CZ-024,zonal_14,-11.930359,-77.022269,12821,0.5825,0.2862,0.5337,0.6763,0.422,0.617,0.1149,0.2217,0.4275,2021,10,45,0.4771,-0.1905,6,7.333,-3,1
CZ-024,zonal_14,-11.930359,-77.022269,12821,0.5825,0.2862,0.5337,0.6763,0.422,0.617,0.1149,0.2217,0.4275,2021,11,46,0.4544,-0.11,10,6.0,-4,1
CZ-024,zonal_14,-11.930359,-77.022269,12821,0.5825,0.2862,0.5337,0.6763,0.422,0.617,0.1149,0.2217,0.4275,2021,12,47,0.5028,0.18,12,9.333,10,1
CZ-024,zonal_14,-11.930359,-77.022269,12821,0.5825,0.2862,0.5337,0.6763,0.422,0.617,0.1149,0.2217,0.4275,2022,1,48,0.4257,0.11,13,11.667,7,1
CZ-024,zonal_14,-11.930359,-77.022269,12821,0.5825,0.2862,0.5337,0.6763,0.422,0.617,0.1149,0.2217,0.4275,2022,2,49,0.4391,0.1905,12,12.333,2,1
CZ-024,zonal_14,-11.930359,-77.022269,12821,0.5825,0.2862,0.5337,0.6763,0.422,0.617,0.1149,0.2217,0.4275,2022,3,50,0.4228,0.22,13,12.667,1,1
CZ-024,zonal_14,-11.930359,-77.022269,12821,0.5825,0.2862,0.5337,0.6763,0.422,0.617,0.1149,0.2217,0.4275,2022,4,51,0.4445,0.1905,16,13.667,3,1
CZ-024,zonal_14,-11.930359,-77.022269,12821,0.5825,0.2862,0.5337,0.6763,0.422,0.617,0.1149,0.2217,0.4275,2022,5,52,0.5052,0.11,10,13.0,-2,0
CZ-024,zonal_14,-11.930359,-77.022269,12821,0.5825,0.2862,0.5337,0.6763,0.422,0.617,0.1149,0.2217,0.4275,2022,6,53,0.4193,0.0,9,11.667,-4,1
CZ-024,zonal_14,-11.930359,-77.022269,12821,0.5825,0.2862,0.5337,0.6763,0.422,0.617,0.1149,0.2217,0.4275,2022,7,54,0.5679,0.07,8,9.0,-8,0
CZ-024,zonal_14,-11.930359,-77.022269,12821,0.5825,0.2862,0.5337,0.6763,0.422,0.617,0.1149,0.2217,0.4275,2022,8,55,0.4397,-0.1905,12,9.667,2,1
CZ-024,zonal_14,-11.930359,-77.022269,12821,0.5825,0.2862,0.5337,0.6763,0.422,0.617,0.1149,0.2217,0.4275,2022,9,56,0.4125,-0.22,6,8.667,-3,0
CZ-024,zonal_14,-11.930359,-77.022269,12821,0.5825,0.2862,0.5337,0.6763,0.422,0.617,0.1149,0.2217,0.4275,2022,10,57,0.4359,-0.1905,11,9.667,3,1
CZ-024,zonal_14,-11.930359,-77.022269,12821,0.5825,0.2862,0.5337,0.6763,0.422,0.617,0.1149,0.2217,0.4275,2022,11,58,0.5798,-0.11,4,7.0,-8,1
CZ-024,zonal_14,-11.930359,-77.022269,12821,0.5825,0.2862,0.5337,0.6763,0.422,0.617,0.1149,0.2217,0.4275,2022,12,59,0.4799,0.18,9,8.0,3,1
CZ-024,zonal_14,-11.930359,-77.022269,12821,0.5825,0.2862,0.5337,0.6763,0.422,0.617,0.1149,0.2217,0.4275,2023,1,60,0.4566,0.11,19,10.667,8,1
CZ-024,zonal_14,-11.930359,-77.022269,12821,0.5825,0.2862,0.5337,0.6763,0.422,0.617,0.1149,0.2217,0.4275,2023,2,61,0.5185,0.1905,16,14.667,12,1
CZ-024,zonal_14,-11.930359,-77.022269,12821,0.5825,0.2862,0.5337,0.6763,0.422,0.617,0.1149,0.2217,0.4275,2023,3,62,0.5263,0.22,12,15.667,3,1
CZ-024,zonal_14,-11.930359,-77.022269,12821,0.5825,0.2862,0.5337,0.6763,0.422,0.617,0.1149,0.2217,0.4275,2023,4,63,0.5413,0.1905,16,14.667,-3,1
CZ-024,zonal_14,-11.930359,-77.022269,12821,0.5825,0.2862,0.5337,0.6763,0.422,0.617,0.1149,0.2217,0.4275,2023,5,64,0.4453,0.11,12,13.333,-4,0
CZ-024,zonal_14,-11.930359,-77.022269,12821,0.5825,0.2862,0.5337,0.6763,0.422,0.617,0.1149,0.2217,0.4275,2023,6,65,0.458,0.0,11,13.0,-1,1
CZ-024,zonal_14,-11.930359,-77.022269,12821,0.5825,0.2862,0.5337,0.6763,0.422,0.617,0.1149,0.2217,0.4275,2023,7,66,0.4788,0.07,7,10.0,-9,0
CZ-024,zonal_14,-11.930359,-77.022269,12821,0.5825,0.2862,0.5337,0.6763,0.422,0.617,0.1149,0.2217,0.4275,2023,8,67,0.5452,-0.1905,14,10.667,2,1
CZ-024,zonal_14,-11.930359,-77.022269,12821,0.5825,0.2862,0.5337,0.6763,0.422,0.617,0.1149,0.2217,0.4275,2023,9,68,0.4881,-0.22,7,9.333,-4,1
CZ-024,zonal_14,-11.930359,-77.022269,12821,0.5825,0.2862,0.5337,0.6763,0.422,0.617,0.1149,0.2217,0.4275,2023,10,69,0.4798,-0.1905,13,11.333,6,1
CZ-024,zonal_14,-11.930359,-77.022269,12821,0.5825,0.2862,0.5337,0.6763,0.422,0.617,0.1149,0.2217,0.4275,2023,11,70,0.4535,-0.11,12,10.667,-2,1
CZ-024,zonal_14,-11.930359,-77.022269,12821,0.5825,0.2862,0.5337,0.6763,0.422,0.617,0.1149,0.2217,0.4275,2023,12,71,0.6292,0.18,9,11.333,2,1
CZ-024,zonal_14,-11.930359,-77.022269,12821,0.5825,0.2862,0.5337,0.6763,0.422,0.617,0.1149,0.2217,0.4275,2024,1,72,0.4146,0.11,9,10.0,-4,0
CZ-024,zonal_14,-11.930359,-77.022269,12821,0.5825,0.2862,0.5337,0.6763,0.422,0.617,0.1149,0.2217,0.4275,2024,2,73,0.4691,0.1905,16,11.333,4,1
CZ-024,zonal_14,-11.930359,-77.022269,12821,0.5825,0.2862,0.5337,0.6763,0.422,0.617,0.1149,0.2217,0.4275,2024,3,74,0.5324,0.22,6,10.333,-3,1
CZ-024,zonal_14,-11.930359,-77.022269,12821,0.5825,0.2862,0.5337,0.6763,0.422,0.617,0.1149,0.2217,0.4275,2024,4,75,0.4009,0.1905,9,10.333,0,1
CZ-024,zonal_14,-11.930359,-77.022269,12821,0.5825,0.2862,0.5337,0.6763,0.422,0.617,0.1149,0.2217,0.4275,2024,5,76,0.3999,0.11,16,10.333,0,1
CZ-024,zonal_14,-11.930359,-77.022269,12821,0.5825,0.2862,0.5337,0.6763,0.422,0.617,0.1149,0.2217,0.4275,2024,6,77,0.4683,0.0,14,13.0,8,1
CZ-024,zonal_14,-11.930359,-77.022269,12821,0.5825,0.2862,0.5337,0.6763,0.422,0.617,0.1149,0.2217,0.4275,2024,7,78,0.5603,0.07,14,14.667,5,0
CZ-024,zonal_14,-11.930359,-77.022269,12821,0.5825,0.2862,0.5337,0.6763,0.422,0.617,0.1149,0.2217,0.4275,2024,8,79,0.4617,-0.1905,14,14.0,-2,0
CZ-024,zonal_14,-11.930359,-77.022269,12821,0.5825,0.2862,0.5337,0.6763,0.422,0.617,0.1149,0.2217,0.4275,2024,9,80,0.4931,-0.22,8,12.0,-6,0
CZ-024,zonal_14,-11.930359,-77.022269,12821,0.5825,0.2862,0.5337,0.6763,0.422,0.617,0.1149,0.2217,0.4275,2024,10,81,0.4613,-0.1905,8,10.0,-6,1
CZ-024,zonal_14,-11.930359,-77.022269,12821,0.5825,0.2862,0.5337,0.6763,0.422,0.617,0.1149,0.2217,0.4275,2024,11,82,0.4093,-0.11,8,8.0,-6,1
CZ-024,zonal_14,-11.930359,-77.022269,12821,0.5825,0.2862,0.5337,0.6763,0.422,0.617,0.1149,0.2217,0.4275,2024,12,83,0.526,0.18,10,8.667,2,1
CZ-024,zonal_14,-11.930359,-77.022269,12821,0.5825,0.2862,0.5337,0.6763,0.422,0.617,0.1149,0.2217,0.4275,2025,1,84,0.4611,0.11,24,14.0,16,1
CZ-024,zonal_14,-11.930359,-77.022269,12821,0.5825,0.2862,0.5337,0.6763,0.422,0.617,0.1149,0.2217,0.4275,2025,2,85,0.4227,0.1905,16,16.667,8,1
CZ-024,zonal_14,-11.930359,-77.022269,12821,0.5825,0.2862,0.5337,0.6763,0.422,0.617,0.1149,0.2217,0.4275,2025,3,86,0.4346,0.22,9,16.333,-1,1
CZ-024,zonal_14,-11.930359,-77.022269,12821,0.5825,0.2862,0.5337,0.6763,0.422,0.617,0.1149,0.2217,0.4275,2025,4,87,0.4326,0.1905,20,15.0,-4,1
CZ-024,zonal_14,-11.930359,-77.022269,12821,0.5825,0.2862,0.5337,0.6763,0.422,0.617,0.1149,0.2217,0.4275,2025,5,88,0.4822,0.11,14,14.333,-2,1
CZ-024,zonal_14,-11.930359,-77.022269,12821,0.5825,0.2862,0.5337,0.6763,0.422,0.617,0.1149,0.2217,0.4275,2025,6,89,0.5117,0.0,11,15.0,2,1
CZ-024,zonal_14,-11.930359,-77.022269,12821,0.5825,0.2862,0.5337,0.6763,0.422,0.617,0.1149,0.2217,0.4275,2025,7,90,0.6145,0.07,11,12.0,-9,1
CZ-024,zonal_14,-11.930359,-77.022269,12821,0.5825,0.2862,0.5337,0.6763,0.422,0.617,0.1149,0.2217,0.4275,2025,8,91,0.5286,-0.1905,11,11.0,-3,1
CZ-024,zonal_14,-11.930359,-77.022269,12821,0.5825,0.2862,0.5337,0.6763,0.422,0.617,0.1149,0.2217,0.4275,2025,9,92,0.3987,-0.22,9,10.333,-2,1
CZ-024,zonal_14,-11.930359,-77.022269,12821,0.5825,0.2862,0.5337,0.6763,0.422,0.617,0.1149,0.2217,0.4275,2025,10,93,0.4708,-0.1905,13,11.0,2,1
CZ-024,zonal_14,-11.930359,-77.022269,12821,0.5825,0.2862,0.5337,0.6763,0.422,0.617,0.1149,0.2217,0.4275,2025,11,94,0.3268,-0.11,12,11.333,1,1
CZ-025,santa_luzmila,-11.952905,-77.075183,13416,0.3013,0.2216,0.5588,0.4419,0.5246,0.8305,0.2394,0.464,0.8647,2018,5,4,0.4675,0.11,3,2.0,1,0
CZ-025,santa_luzmila,-11.952905,-77.075183,13416,0.3013,0.2216,0.5588,0.4419,0.5246,0.8305,0.2394,0.464,0.8647,2018,6,5,0.488,0.0,5,3.667,5,0
CZ-025,santa_luzmila,-11.952905,-77.075183,13416,0.3013,0.2216,0.5588,0.4419,0.5246,0.8305,0.2394,0.464,0.8647,2018,7,6,0.4974,0.07,3,3.667,0,0
CZ-025,santa_luzmila,-11.952905,-77.075183,13416,0.3013,0.2216,0.5588,0.4419,0.5246,0.8305,0.2394,0.464,0.8647,2018,8,7,0.4766,-0.1905,2,3.333,-1,0
CZ-025,santa_luzmila,-11.952905,-77.075183,13416,0.3013,0.2216,0.5588,0.4419,0.5246,0.8305,0.2394,0.464,0.8647,2018,9,8,0.4077,-0.22,3,2.667,-2,0
CZ-025,santa_luzmila,-11.952905,-77.075183,13416,0.3013,0.2216,0.5588,0.4419,0.5246,0.8305,0.2394,0.464,0.8647,2018,10,9,0.4739,-0.1905,1,2.0,-2,0
CZ-025,santa_luzmila,-11.952905,-77.075183,13416,0.3013,0.2216,0.5588,0.4419,0.5246,0.8305,0.2394,0.464,0.8647,2018,11,10,0.4852,-0.11,0,1.333,-2,0
CZ-025,santa_luzmila,-11.952905,-77.075183,13416,0.3013,0.2216,0.5588,0.4419,0.5246,0.8305,0.2394,0.464,0.8647,2018,12,11,0.6031,0.18,4,1.667,1,0
CZ-025,santa_luzmila,-11.952905,-77.075183,13416,0.3013,0.2216,0.5588,0.4419,0.5246,0.8305,0.2394,0.464,0.8647,2019,1,12,0.5155,0.11,4,2.667,3,0
CZ-025,santa_luzmila,-11.952905,-77.075183,13416,0.3013,0.2216,0.5588,0.4419,0.5246,0.8305,0.2394,0.464,0.8647,2019,2,13,0.3994,0.1905,6,4.667,6,0
CZ-025,santa_luzmila,-11.952905,-77.075183,13416,0.3013,0.2216,0.5588,0.4419,0.5246,0.8305,0.2394,0.464,0.8647,2019,3,14,0.4894,0.22,2,4.0,-2,0
CZ-025,santa_luzmila,-11.952905,-77.075183,13416,0.3013,0.2216,0.5588,0.4419,0.5246,0.8305,0.2394,0.464,0.8647,2019,4,15,0.3731,0.1905,4,4.0,0,0
CZ-025,santa_luzmila,-11.952905,-77.075183,13416,0.3013,0.2216,0.5588,0.4419,0.5246,0.8305,0.2394,0.464,0.8647,2019,5,16,0.3568,0.11,4,3.333,-2,0
CZ-025,santa_luzmila,-11.952905,-77.075183,13416,0.3013,0.2216,0.5588,0.4419,0.5246,0.8305,0.2394,0.464,0.8647,2019,6,17,0.4645,0.0,2,3.333,0,0
CZ-025,santa_luzmila,-11.952905,-77.075183,13416,0.3013,0.2216,0.5588,0.4419,0.5246,0.8305,0.2394,0.464,0.8647,2019,7,18,0.5381,0.07,3,3.0,-1,0
CZ-025,santa_luzmila,-11.952905,-77.075183,13416,0.3013,0.2216,0.5588,0.4419,0.5246,0.8305,0.2394,0.464,0.8647,2019,8,19,0.4865,-0.1905,4,3.0,0,0
CZ-025,santa_luzmila,-11.952905,-77.075183,13416,0.3013,0.2216,0.5588,0.4419,0.5246,0.8305,0.2394,0.464,0.8647,2019,9,20,0.4726,-0.22,2,3.0,0,0
CZ-025,santa_luzmila,-11.952905,-77.075183,13416,0.3013,0.2216,0.5588,0.4419,0.5246,0.8305,0.2394,0.464,0.8647,2019,10,21,0.4693,-0.1905,1,2.333,-2,0
CZ-025,santa_luzmila,-11.952905,-77.075183,13416,0.3013,0.2216,0.5588,0.4419,0.5246,0.8305,0.2394,0.464,0.8647,2019,11,22,0.3864,-0.11,1,1.333,-3,0
CZ-025,santa_luzmila,-11.952905,-77.075183,13416,0.3013,0.2216,0.5588,0.4419,0.5246,0.8305,0.2394,0.464,0.8647,2019,12,23,0.5549,0.18,3,1.667,1,0
CZ-025,santa_luzmila,-11.952905,-77.075183,13416,0.3013,0.2216,0.5588,0.4419,0.5246,0.8305,0.2394,0.464,0.8647,2020,1,24,0.3904,0.11,5,3.0,4,0
CZ-025,santa_luzmila,-11.952905,-77.075183,13416,0.3013,0.2216,0.5588,0.4419,0.5246,0.8305,0.2394,0.464,0.8647,2020,2,25,0.5058,0.1905,3,3.667,2,0
CZ-025,santa_luzmila,-11.952905,-77.075183,13416,0.3013,0.2216,0.5588,0.4419,0.5246,0.8305,0.2394,0.464,0.8647,2020,3,26,0.4101,0.22,4,4.0,1,0
CZ-025,santa_luzmila,-11.952905,-77.075183,13416,0.3013,0.2216,0.5588,0.4419,0.5246,0.8305,0.2394,0.464,0.8647,2020,4,27,0.3843,0.1905,6,4.333,1,0
CZ-025,santa_luzmila,-11.952905,-77.075183,13416,0.3013,0.2216,0.5588,0.4419,0.5246,0.8305,0.2394,0.464,0.8647,2020,5,28,0.395,0.11,2,4.0,-1,0
CZ-025,santa_luzmila,-11.952905,-77.075183,13416,0.3013,0.2216,0.5588,0.4419,0.5246,0.8305,0.2394,0.464,0.8647,2020,6,29,0.484,0.0,4,4.0,0,0
CZ-025,santa_luzmila,-11.952905,-77.075183,13416,0.3013,0.2216,0.5588,0.4419,0.5246,0.8305,0.2394,0.464,0.8647,2020,7,30,0.4591,0.07,4,3.333,-2,0
CZ-025,santa_luzmila,-11.952905,-77.075183,13416,0.3013,0.2216,0.5588,0.4419,0.5246,0.8305,0.2394,0.464,0.8647,2020,8,31,0.5335,-0.1905,4,4.0,2,0
CZ-025,santa_luzmila,-11.952905,-77.075183,13416,0.3013,0.2216,0.5588,0.4419,0.5246,0.8305,0.2394,0.464,0.8647,2020,9,32,0.3791,-0.22,3,3.667,-1,0
CZ-025,santa_luzmila,-11.952905,-77.075183,13416,0.3013,0.2216,0.5588,0.4419,0.5246,0.8305,0.2394,0.464,0.8647,2020,10,33,0.4762,-0.1905,2,3.0,-2,0
CZ-025,santa_luzmila,-11.952905,-77.075183,13416,0.3013,0.2216,0.5588,0.4419,0.5246,0.8305,0.2394,0.464,0.8647,2020,11,34,0.5254,-0.11,2,2.333,-2,0
CZ-025,santa_luzmila,-11.952905,-77.075183,13416,0.3013,0.2216,0.5588,0.4419,0.5246,0.8305,0.2394,0.464,0.8647,2020,12,35,0.5041,0.18,3,2.333,0,0
CZ-025,santa_luzmila,-11.952905,-77.075183,13416,0.3013,0.2216,0.5588,0.4419,0.5246,0.8305,0.2394,0.464,0.8647,2021,1,36,0.4911,0.11,2,2.333,0,0
CZ-025,santa_luzmila,-11.952905,-77.075183,13416,0.3013,0.2216,0.5588,0.4419,0.5246,0.8305,0.2394,0.464,0.8647,2021,2,37,0.4268,0.1905,2,2.333,0,0
CZ-025,santa_luzmila,-11.952905,-77.075183,13416,0.3013,0.2216,0.5588,0.4419,0.5246,0.8305,0.2394,0.464,0.8647,2021,3,38,0.4271,0.22,5,3.0,2,0
CZ-025,santa_luzmila,-11.952905,-77.075183,13416,0.3013,0.2216,0.5588,0.4419,0.5246,0.8305,0.2394,0.464,0.8647,2021,4,39,0.5068,0.1905,2,3.0,0,1
CZ-025,santa_luzmila,-11.952905,-77.075183,13416,0.3013,0.2216,0.5588,0.4419,0.5246,0.8305,0.2394,0.464,0.8647,2021,5,40,0.439,0.11,3,3.333,1,0
CZ-025,santa_luzmila,-11.952905,-77.075183,13416,0.3013,0.2216,0.5588,0.4419,0.5246,0.8305,0.2394,0.464,0.8647,2021,6,41,0.489,0.0,9,4.667,4,0
CZ-025,santa_luzmila,-11.952905,-77.075183,13416,0.3013,0.2216,0.5588,0.4419,0.5246,0.8305,0.2394,0.464,0.8647,2021,7,42,0.5307,0.07,5,5.667,3,0
CZ-025,santa_luzmila,-11.952905,-77.075183,13416,0.3013,0.2216,0.5588,0.4419,0.5246,0.8305,0.2394,0.464,0.8647,2021,8,43,0.4334,-0.1905,4,6.0,1,0
CZ-025,santa_luzmila,-11.952905,-77.075183,13416,0.3013,0.2216,0.5588,0.4419,0.5246,0.8305,0.2394,0.464,0.8647,2021,9,44,0.4564,-0.22,3,4.0,-6,0
CZ-025,santa_luzmila,-11.952905,-77.075183,13416,0.3013,0.2216,0.5588,0.4419,0.5246,0.8305,0.2394,0.464,0.8647,2021,10,45,0.3775,-0.1905,2,3.0,-3,0
CZ-025,santa_luzmila,-11.952905,-77.075183,13416,0.3013,0.2216,0.5588,0.4419,0.5246,0.8305,0.2394,0.464,0.8647,2021,11,46,0.445,-0.11,0,1.667,-4,0
CZ-025,santa_luzmila,-11.952905,-77.075183,13416,0.3013,0.2216,0.5588,0.4419,0.5246,0.8305,0.2394,0.464,0.8647,2021,12,47,0.6326,0.18,5,2.333,2,0
CZ-025,santa_luzmila,-11.952905,-77.075183,13416,0.3013,0.2216,0.5588,0.4419,0.5246,0.8305,0.2394,0.464,0.8647,2022,1,48,0.4468,0.11,1,2.0,-1,0
CZ-025,santa_luzmila,-11.952905,-77.075183,13416,0.3013,0.2216,0.5588,0.4419,0.5246,0.8305,0.2394,0.464,0.8647,2022,2,49,0.4704,0.1905,3,3.0,3,0
CZ-025,santa_luzmila,-11.952905,-77.075183,13416,0.3013,0.2216,0.5588,0.4419,0.5246,0.8305,0.2394,0.464,0.8647,2022,3,50,0.4566,0.22,7,3.667,2,0
CZ-025,santa_luzmila,-11.952905,-77.075183,13416,0.3013,0.2216,0.5588,0.4419,0.5246,0.8305,0.2394,0.464,0.8647,2022,4,51,0.4769,0.1905,3,4.333,2,0
CZ-025,santa_luzmila,-11.952905,-77.075183,13416,0.3013,0.2216,0.5588,0.4419,0.5246,0.8305,0.2394,0.464,0.8647,2022,5,52,0.4146,0.11,2,4.0,-1,0
CZ-025,santa_luzmila,-11.952905,-77.075183,13416,0.3013,0.2216,0.5588,0.4419,0.5246,0.8305,0.2394,0.464,0.8647,2022,6,53,0.4913,0.0,5,3.333,-2,0
CZ-025,santa_luzmila,-11.952905,-77.075183,13416,0.3013,0.2216,0.5588,0.4419,0.5246,0.8305,0.2394,0.464,0.8647,2022,7,54,0.5503,0.07,8,5.0,5,0
CZ-025,santa_luzmila,-11.952905,-77.075183,13416,0.3013,0.2216,0.5588,0.4419,0.5246,0.8305,0.2394,0.464,0.8647,2022,8,55,0.4142,-0.1905,7,6.667,5,0
CZ-025,santa_luzmila,-11.952905,-77.075183,13416,0.3013,0.2216,0.5588,0.4419,0.5246,0.8305,0.2394,0.464,0.8647,2022,9,56,0.5134,-0.22,1,5.333,-4,0
CZ-025,santa_luzmila,-11.952905,-77.075183,13416,0.3013,0.2216,0.5588,0.4419,0.5246,0.8305,0.2394,0.464,0.8647,2022,10,57,0.415,-0.1905,4,4.0,-4,0
CZ-025,santa_luzmila,-11.952905,-77.075183,13416,0.3013,0.2216,0.5588,0.4419,0.5246,0.8305,0.2394,0.464,0.8647,2022,11,58,0.3821,-0.11,3,2.667,-4,0
CZ-025,santa_luzmila,-11.952905,-77.075183,13416,0.3013,0.2216,0.5588,0.4419,0.5246,0.8305,0.2394,0.464,0.8647,2022,12,59,0.5851,0.18,3,3.333,2,0
CZ-025,santa_luzmila,-11.952905,-77.075183,13416,0.3013,0.2216,0.5588,0.4419,0.5246,0.8305,0.2394,0.464,0.8647,2023,1,60,0.4776,0.11,4,3.333,0,0
CZ-025,santa_luzmila,-11.952905,-77.075183,13416,0.3013,0.2216,0.5588,0.4419,0.5246,0.8305,0.2394,0.464,0.8647,2023,2,61,0.4605,0.1905,3,3.333,0,0
CZ-025,santa_luzmila,-11.952905,-77.075183,13416,0.3013,0.2216,0.5588,0.4419,0.5246,0.8305,0.2394,0.464,0.8647,2023,3,62,0.4389,0.22,4,3.667,1,0
CZ-025,santa_luzmila,-11.952905,-77.075183,13416,0.3013,0.2216,0.5588,0.4419,0.5246,0.8305,0.2394,0.464,0.8647,2023,4,63,0.3792,0.1905,3,3.333,-1,0
CZ-025,santa_luzmila,-11.952905,-77.075183,13416,0.3013,0.2216,0.5588,0.4419,0.5246,0.8305,0.2394,0.464,0.8647,2023,5,64,0.5505,0.11,4,3.667,1,0
CZ-025,santa_luzmila,-11.952905,-77.075183,13416,0.3013,0.2216,0.5588,0.4419,0.5246,0.8305,0.2394,0.464,0.8647,2023,6,65,0.4879,0.0,7,4.667,3,0
CZ-025,santa_luzmila,-11.952905,-77.075183,13416,0.3013,0.2216,0.5588,0.4419,0.5246,0.8305,0.2394,0.464,0.8647,2023,7,66,0.5259,0.07,2,4.333,-1,0
CZ-025,santa_luzmila,-11.952905,-77.075183,13416,0.3013,0.2216,0.5588,0.4419,0.5246,0.8305,0.2394,0.464,0.8647,2023,8,67,0.4363,-0.1905,6,5.0,2,0
CZ-025,santa_luzmila,-11.952905,-77.075183,13416,0.3013,0.2216,0.5588,0.4419,0.5246,0.8305,0.2394,0.464,0.8647,2023,9,68,0.552,-0.22,3,3.667,-4,0
CZ-025,santa_luzmila,-11.952905,-77.075183,13416,0.3013,0.2216,0.5588,0.4419,0.5246,0.8305,0.2394,0.464,0.8647,2023,10,69,0.4397,-0.1905,5,4.667,3,0
CZ-025,santa_luzmila,-11.952905,-77.075183,13416,0.3013,0.2216,0.5588,0.4419,0.5246,0.8305,0.2394,0.464,0.8647,2023,11,70,0.4367,-0.11,6,4.667,0,0
CZ-025,santa_luzmila,-11.952905,-77.075183,13416,0.3013,0.2216,0.5588,0.4419,0.5246,0.8305,0.2394,0.464,0.8647,2023,12,71,0.546,0.18,2,4.333,-1,0
CZ-025,santa_luzmila,-11.952905,-77.075183,13416,0.3013,0.2216,0.5588,0.4419,0.5246,0.8305,0.2394,0.464,0.8647,2024,1,72,0.4357,0.11,7,5.0,2,0
CZ-025,santa_luzmila,-11.952905,-77.075183,13416,0.3013,0.2216,0.5588,0.4419,0.5246,0.8305,0.2394,0.464,0.8647,2024,2,73,0.5089,0.1905,6,5.0,0,0
CZ-025,santa_luzmila,-11.952905,-77.075183,13416,0.3013,0.2216,0.5588,0.4419,0.5246,0.8305,0.2394,0.464,0.8647,2024,3,74,0.4202,0.22,5,6.0,3,1
CZ-025,santa_luzmila,-11.952905,-77.075183,13416,0.3013,0.2216,0.5588,0.4419,0.5246,0.8305,0.2394,0.464,0.8647,2024,4,75,0.4348,0.1905,6,5.667,-1,0
CZ-025,santa_luzmila,-11.952905,-77.075183,13416,0.3013,0.2216,0.5588,0.4419,0.5246,0.8305,0.2394,0.464,0.8647,2024,5,76,0.4078,0.11,10,7.0,4,0
CZ-025,santa_luzmila,-11.952905,-77.075183,13416,0.3013,0.2216,0.5588,0.4419,0.5246,0.8305,0.2394,0.464,0.8647,2024,6,77,0.4382,0.0,4,6.667,-1,0
CZ-025,santa_luzmila,-11.952905,-77.075183,13416,0.3013,0.2216,0.5588,0.4419,0.5246,0.8305,0.2394,0.464,0.8647,2024,7,78,0.4989,0.07,6,6.667,0,0
CZ-025,santa_luzmila,-11.952905,-77.075183,13416,0.3013,0.2216,0.5588,0.4419,0.5246,0.8305,0.2394,0.464,0.8647,2024,8,79,0.5718,-0.1905,4,4.667,-6,0
CZ-025,santa_luzmila,-11.952905,-77.075183,13416,0.3013,0.2216,0.5588,0.4419,0.5246,0.8305,0.2394,0.464,0.8647,2024,9,80,0.451,-0.22,2,4.0,-2,0
CZ-025,santa_luzmila,-11.952905,-77.075183,13416,0.3013,0.2216,0.5588,0.4419,0.5246,0.8305,0.2394,0.464,0.8647,2024,10,81,0.4642,-0.1905,1,2.333,-5,0
CZ-025,santa_luzmila,-11.952905,-77.075183,13416,0.3013,0.2216,0.5588,0.4419,0.5246,0.8305,0.2394,0.464,0.8647,2024,11,82,0.4626,-0.11,5,2.667,1,0
CZ-025,santa_luzmila,-11.952905,-77.075183,13416,0.3013,0.2216,0.5588,0.4419,0.5246,0.8305,0.2394,0.464,0.8647,2024,12,83,0.5795,0.18,6,4.0,4,0
CZ-025,santa_luzmila,-11.952905,-77.075183,13416,0.3013,0.2216,0.5588,0.4419,0.5246,0.8305,0.2394,0.464,0.8647,2025,1,84,0.4854,0.11,3,4.667,2,0
CZ-025,santa_luzmila,-11.952905,-77.075183,13416,0.3013,0.2216,0.5588,0.4419,0.5246,0.8305,0.2394,0.464,0.8647,2025,2,85,0.5126,0.1905,5,4.667,0,0
CZ-025,santa_luzmila,-11.952905,-77.075183,13416,0.3013,0.2216,0.5588,0.4419,0.5246,0.8305,0.2394,0.464,0.8647,2025,3,86,0.4837,0.22,6,4.667,0,0
CZ-025,santa_luzmila,-11.952905,-77.075183,13416,0.3013,0.2216,0.5588,0.4419,0.5246,0.8305,0.2394,0.464,0.8647,2025,4,87,0.3809,0.1905,5,5.333,2,0
CZ-025,santa_luzmila,-11.952905,-77.075183,13416,0.3013,0.2216,0.5588,0.4419,0.5246,0.8305,0.2394,0.464,0.8647,2025,5,88,0.4383,0.11,5,5.333,0,1
CZ-025,santa_luzmila,-11.952905,-77.075183,13416,0.3013,0.2216,0.5588,0.4419,0.5246,0.8305,0.2394,0.464,0.8647,2025,6,89,0.3508,0.0,8,6.0,2,1
CZ-025,santa_luzmila,-11.952905,-77.075183,13416,0.3013,0.2216,0.5588,0.4419,0.5246,0.8305,0.2394,0.464,0.8647,2025,7,90,0.5542,0.07,11,8.0,6,0
CZ-025,santa_luzmila,-11.952905,-77.075183,13416,0.3013,0.2216,0.5588,0.4419,0.5246,0.8305,0.2394,0.464,0.8647,2025,8,91,0.4867,-0.1905,10,9.667,5,0
CZ-025,santa_luzmila,-11.952905,-77.075183,13416,0.3013,0.2216,0.5588,0.4419,0.5246,0.8305,0.2394,0.464,0.8647,2025,9,92,0.4385,-0.22,4,8.333,-4,0
CZ-025,santa_luzmila,-11.952905,-77.075183,13416,0.3013,0.2216,0.5588,0.4419,0.5246,0.8305,0.2394,0.464,0.8647,2025,10,93,0.5211,-0.1905,3,5.667,-8,0
CZ-025,santa_luzmila,-11.952905,-77.075183,13416,0.3013,0.2216,0.5588,0.4419,0.5246,0.8305,0.2394,0.464,0.8647,2025,11,94,0.5367,-0.11,2,3.0,-8,1
CZ-026,collique,-11.927422,-77.046217,18690,0.6938,0.2881,0.5691,0.6047,0.328,0.6357,0.151,0.3096,0.5703,2018,5,4,0.541,0.11,13,8.333,3,0
CZ-026,collique,-11.927422,-77.046217,18690,0.6938,0.2881,0.5691,0.6047,0.328,0.6357,0.151,0.3096,0.5703,2018,6,5,0.4143,0.0,6,9.667,4,0
CZ-026,collique,-11.927422,-77.046217,18690,0.6938,0.2881,0.5691,0.6047,0.328,0.6357,0.151,0.3096,0.5703,2018,7,6,0.5666,0.07,5,8.0,-5,1
CZ-026,collique,-11.927422,-77.046217,18690,0.6938,0.2881,0.5691,0.6047,0.328,0.6357,0.151,0.3096,0.5703,2018,8,7,0.4612,-0.1905,7,6.0,-6,0
CZ-026,collique,-11.927422,-77.046217,18690,0.6938,0.2881,0.5691,0.6047,0.328,0.6357,0.151,0.3096,0.5703,2018,9,8,0.4201,-0.22,9,7.0,3,0
CZ-026,collique,-11.927422,-77.046217,18690,0.6938,0.2881,0.5691,0.6047,0.328,0.6357,0.151,0.3096,0.5703,2018,10,9,0.4595,-0.1905,4,6.667,-1,0
CZ-026,collique,-11.927422,-77.046217,18690,0.6938,0.2881,0.5691,0.6047,0.328,0.6357,0.151,0.3096,0.5703,2018,11,10,0.4254,-0.11,5,6.0,-2,0
CZ-026,collique,-11.927422,-77.046217,18690,0.6938,0.2881,0.5691,0.6047,0.328,0.6357,0.151,0.3096,0.5703,2018,12,11,0.5668,0.18,7,5.333,-2,0
CZ-026,collique,-11.927422,-77.046217,18690,0.6938,0.2881,0.5691,0.6047,0.328,0.6357,0.151,0.3096,0.5703,2019,1,12,0.5278,0.11,7,6.333,3,0
CZ-026,collique,-11.927422,-77.046217,18690,0.6938,0.2881,0.5691,0.6047,0.328,0.6357,0.151,0.3096,0.5703,2019,2,13,0.5148,0.1905,5,6.333,0,1
CZ-026,collique,-11.927422,-77.046217,18690,0.6938,0.2881,0.5691,0.6047,0.328,0.6357,0.151,0.3096,0.5703,2019,3,14,0.484,0.22,8,6.667,1,1
CZ-026,collique,-11.927422,-77.046217,18690,0.6938,0.2881,0.5691,0.6047,0.328,0.6357,0.151,0.3096,0.5703,2019,4,15,0.5477,0.1905,12,8.333,5,0
CZ-026,collique,-11.927422,-77.046217,18690,0.6938,0.2881,0.5691,0.6047,0.328,0.6357,0.151,0.3096,0.5703,2019,5,16,0.4091,0.11,9,9.667,4,1
CZ-026,collique,-11.927422,-77.046217,18690,0.6938,0.2881,0.5691,0.6047,0.328,0.6357,0.151,0.3096,0.5703,2019,6,17,0.5245,0.0,8,9.667,0,1
CZ-026,collique,-11.927422,-77.046217,18690,0.6938,0.2881,0.5691,0.6047,0.328,0.6357,0.151,0.3096,0.5703,2019,7,18,0.4696,0.07,9,8.667,-3,0
CZ-026,collique,-11.927422,-77.046217,18690,0.6938,0.2881,0.5691,0.6047,0.328,0.6357,0.151,0.3096,0.5703,2019,8,19,0.3724,-0.1905,9,8.667,0,0
CZ-026,collique,-11.927422,-77.046217,18690,0.6938,0.2881,0.5691,0.6047,0.328,0.6357,0.151,0.3096,0.5703,2019,9,20,0.4321,-0.22,3,7.0,-5,0
CZ-026,collique,-11.927422,-77.046217,18690,0.6938,0.2881,0.5691,0.6047,0.328,0.6357,0.151,0.3096,0.5703,2019,10,21,0.5428,-0.1905,8,6.667,-1,0
CZ-026,collique,-11.927422,-77.046217,18690,0.6938,0.2881,0.5691,0.6047,0.328,0.6357,0.151,0.3096,0.5703,2019,11,22,0.5652,-0.11,3,4.667,-6,1
CZ-026,collique,-11.927422,-77.046217,18690,0.6938,0.2881,0.5691,0.6047,0.328,0.6357,0.151,0.3096,0.5703,2019,12,23,0.5315,0.18,3,4.667,0,0
CZ-026,collique,-11.927422,-77.046217,18690,0.6938,0.2881,0.5691,0.6047,0.328,0.6357,0.151,0.3096,0.5703,2020,1,24,0.5018,0.11,10,5.333,2,1
CZ-026,collique,-11.927422,-77.046217,18690,0.6938,0.2881,0.5691,0.6047,0.328,0.6357,0.151,0.3096,0.5703,2020,2,25,0.46,0.1905,8,7.0,5,1
CZ-026,collique,-11.927422,-77.046217,18690,0.6938,0.2881,0.5691,0.6047,0.328,0.6357,0.151,0.3096,0.5703,2020,3,26,0.4273,0.22,13,10.333,10,0
CZ-026,collique,-11.927422,-77.046217,18690,0.6938,0.2881,0.5691,0.6047,0.328,0.6357,0.151,0.3096,0.5703,2020,4,27,0.4046,0.1905,12,11.0,2,1
CZ-026,collique,-11.927422,-77.046217,18690,0.6938,0.2881,0.5691,0.6047,0.328,0.6357,0.151,0.3096,0.5703,2020,5,28,0.5772,0.11,6,10.333,-2,1
CZ-026,collique,-11.927422,-77.046217,18690,0.6938,0.2881,0.5691,0.6047,0.328,0.6357,0.151,0.3096,0.5703,2020,6,29,0.4375,0.0,11,9.667,-2,1
CZ-026,collique,-11.927422,-77.046217,18690,0.6938,0.2881,0.5691,0.6047,0.328,0.6357,0.151,0.3096,0.5703,2020,7,30,0.4939,0.07,12,9.667,0,0
CZ-026,collique,-11.927422,-77.046217,18690,0.6938,0.2881,0.5691,0.6047,0.328,0.6357,0.151,0.3096,0.5703,2020,8,31,0.4807,-0.1905,15,12.667,9,0
CZ-026,collique,-11.927422,-77.046217,18690,0.6938,0.2881,0.5691,0.6047,0.328,0.6357,0.151,0.3096,0.5703,2020,9,32,0.5091,-0.22,2,9.667,-9,1
CZ-026,collique,-11.927422,-77.046217,18690,0.6938,0.2881,0.5691,0.6047,0.328,0.6357,0.151,0.3096,0.5703,2020,10,33,0.4467,-0.1905,3,6.667,-9,0
CZ-026,collique,-11.927422,-77.046217,18690,0.6938,0.2881,0.5691,0.6047,0.328,0.6357,0.151,0.3096,0.5703,2020,11,34,0.5324,-0.11,10,5.0,-5,1
CZ-026,collique,-11.927422,-77.046217,18690,0.6938,0.2881,0.5691,0.6047,0.328,0.6357,0.151,0.3096,0.5703,2020,12,35,0.5988,0.18,5,6.0,3,0
CZ-026,collique,-11.927422,-77.046217,18690,0.6938,0.2881,0.5691,0.6047,0.328,0.6357,0.151,0.3096,0.5703,2021,1,36,0.4431,0.11,16,10.333,13,0
CZ-026,collique,-11.927422,-77.046217,18690,0.6938,0.2881,0.5691,0.6047,0.328,0.6357,0.151,0.3096,0.5703,2021,2,37,0.4587,0.1905,2,7.667,-8,0
CZ-026,collique,-11.927422,-77.046217,18690,0.6938,0.2881,0.5691,0.6047,0.328,0.6357,0.151,0.3096,0.5703,2021,3,38,0.4776,0.22,8,8.667,3,1
CZ-026,collique,-11.927422,-77.046217,18690,0.6938,0.2881,0.5691,0.6047,0.328,0.6357,0.151,0.3096,0.5703,2021,4,39,0.5014,0.1905,7,5.667,-9,1
CZ-026,collique,-11.927422,-77.046217,18690,0.6938,0.2881,0.5691,0.6047,0.328,0.6357,0.151,0.3096,0.5703,2021,5,40,0.4475,0.11,9,8.0,7,0
CZ-026,collique,-11.927422,-77.046217,18690,0.6938,0.2881,0.5691,0.6047,0.328,0.6357,0.151,0.3096,0.5703,2021,6,41,0.4825,0.0,15,10.333,7,0
CZ-026,collique,-11.927422,-77.046217,18690,0.6938,0.2881,0.5691,0.6047,0.328,0.6357,0.151,0.3096,0.5703,2021,7,42,0.5584,0.07,8,10.667,1,1
CZ-026,collique,-11.927422,-77.046217,18690,0.6938,0.2881,0.5691,0.6047,0.328,0.6357,0.151,0.3096,0.5703,2021,8,43,0.5047,-0.1905,8,10.333,-1,0
CZ-026,collique,-11.927422,-77.046217,18690,0.6938,0.2881,0.5691,0.6047,0.328,0.6357,0.151,0.3096,0.5703,2021,9,44,0.418,-0.22,9,8.333,-6,0
CZ-026,collique,-11.927422,-77.046217,18690,0.6938,0.2881,0.5691,0.6047,0.328,0.6357,0.151,0.3096,0.5703,2021,10,45,0.5698,-0.1905,6,7.667,-2,1
CZ-026,collique,-11.927422,-77.046217,18690,0.6938,0.2881,0.5691,0.6047,0.328,0.6357,0.151,0.3096,0.5703,2021,11,46,0.4937,-0.11,7,7.333,-1,1
CZ-026,collique,-11.927422,-77.046217,18690,0.6938,0.2881,0.5691,0.6047,0.328,0.6357,0.151,0.3096,0.5703,2021,12,47,0.5011,0.18,10,7.667,1,1
CZ-026,collique,-11.927422,-77.046217,18690,0.6938,0.2881,0.5691,0.6047,0.328,0.6357,0.151,0.3096,0.5703,2022,1,48,0.4277,0.11,10,9.0,4,0
CZ-026,collique,-11.927422,-77.046217,18690,0.6938,0.2881,0.5691,0.6047,0.328,0.6357,0.151,0.3096,0.5703,2022,2,49,0.4596,0.1905,16,12.0,9,1
CZ-026,collique,-11.927422,-77.046217,18690,0.6938,0.2881,0.5691,0.6047,0.328,0.6357,0.151,0.3096,0.5703,2022,3,50,0.4528,0.22,6,10.667,-4,1
CZ-026,collique,-11.927422,-77.046217,18690,0.6938,0.2881,0.5691,0.6047,0.328,0.6357,0.151,0.3096,0.5703,2022,4,51,0.4421,0.1905,14,12.0,4,0
CZ-026,collique,-11.927422,-77.046217,18690,0.6938,0.2881,0.5691,0.6047,0.328,0.6357,0.151,0.3096,0.5703,2022,5,52,0.418,0.11,10,10.0,-6,0
CZ-026,collique,-11.927422,-77.046217,18690,0.6938,0.2881,0.5691,0.6047,0.328,0.6357,0.151,0.3096,0.5703,2022,6,53,0.4015,0.0,6,10.0,0,1
CZ-026,collique,-11.927422,-77.046217,18690,0.6938,0.2881,0.5691,0.6047,0.328,0.6357,0.151,0.3096,0.5703,2022,7,54,0.5271,0.07,4,6.667,-10,0
CZ-026,collique,-11.927422,-77.046217,18690,0.6938,0.2881,0.5691,0.6047,0.328,0.6357,0.151,0.3096,0.5703,2022,8,55,0.4688,-0.1905,10,6.667,0,0
CZ-026,collique,-11.927422,-77.046217,18690,0.6938,0.2881,0.5691,0.6047,0.328,0.6357,0.151,0.3096,0.5703,2022,9,56,0.4162,-0.22,4,6.0,-2,0
CZ-026,collique,-11.927422,-77.046217,18690,0.6938,0.2881,0.5691,0.6047,0.328,0.6357,0.151,0.3096,0.5703,2022,10,57,0.4743,-0.1905,8,7.333,4,0
CZ-026,collique,-11.927422,-77.046217,18690,0.6938,0.2881,0.5691,0.6047,0.328,0.6357,0.151,0.3096,0.5703,2022,11,58,0.4308,-0.11,5,5.667,-5,1
CZ-026,collique,-11.927422,-77.046217,18690,0.6938,0.2881,0.5691,0.6047,0.328,0.6357,0.151,0.3096,0.5703,2022,12,59,0.434,0.18,8,7.0,4,1
CZ-026,collique,-11.927422,-77.046217,18690,0.6938,0.2881,0.5691,0.6047,0.328,0.6357,0.151,0.3096,0.5703,2023,1,60,0.4966,0.11,11,8.0,3,0
CZ-026,collique,-11.927422,-77.046217,18690,0.6938,0.2881,0.5691,0.6047,0.328,0.6357,0.151,0.3096,0.5703,2023,2,61,0.4669,0.1905,12,10.333,7,1
CZ-026,collique,-11.927422,-77.046217,18690,0.6938,0.2881,0.5691,0.6047,0.328,0.6357,0.151,0.3096,0.5703,2023,3,62,0.4412,0.22,8,10.333,0,0
CZ-026,collique,-11.927422,-77.046217,18690,0.6938,0.2881,0.5691,0.6047,0.328,0.6357,0.151,0.3096,0.5703,2023,4,63,0.4638,0.1905,13,11.0,2,1
CZ-026,collique,-11.927422,-77.046217,18690,0.6938,0.2881,0.5691,0.6047,0.328,0.6357,0.151,0.3096,0.5703,2023,5,64,0.4039,0.11,6,9.0,-6,1
CZ-026,collique,-11.927422,-77.046217,18690,0.6938,0.2881,0.5691,0.6047,0.328,0.6357,0.151,0.3096,0.5703,2023,6,65,0.4147,0.0,13,10.667,5,0
CZ-026,collique,-11.927422,-77.046217,18690,0.6938,0.2881,0.5691,0.6047,0.328,0.6357,0.151,0.3096,0.5703,2023,7,66,0.4455,0.07,10,9.667,-3,0
CZ-026,collique,-11.927422,-77.046217,18690,0.6938,0.2881,0.5691,0.6047,0.328,0.6357,0.151,0.3096,0.5703,2023,8,67,0.4062,-0.1905,6,9.667,0,0
CZ-026,collique,-11.927422,-77.046217,18690,0.6938,0.2881,0.5691,0.6047,0.328,0.6357,0.151,0.3096,0.5703,2023,9,68,0.3619,-0.22,5,7.0,-8,0
CZ-026,collique,-11.927422,-77.046217,18690,0.6938,0.2881,0.5691,0.6047,0.328,0.6357,0.151,0.3096,0.5703,2023,10,69,0.3582,-0.1905,7,6.0,-3,1
CZ-026,collique,-11.927422,-77.046217,18690,0.6938,0.2881,0.5691,0.6047,0.328,0.6357,0.151,0.3096,0.5703,2023,11,70,0.476,-0.11,8,6.667,2,0
CZ-026,collique,-11.927422,-77.046217,18690,0.6938,0.2881,0.5691,0.6047,0.328,0.6357,0.151,0.3096,0.5703,2023,12,71,0.5398,0.18,10,8.333,5,1
CZ-026,collique,-11.927422,-77.046217,18690,0.6938,0.2881,0.5691,0.6047,0.328,0.6357,0.151,0.3096,0.5703,2024,1,72,0.5439,0.11,7,8.333,0,0
CZ-026,collique,-11.927422,-77.046217,18690,0.6938,0.2881,0.5691,0.6047,0.328,0.6357,0.151,0.3096,0.5703,2024,2,73,0.4245,0.1905,12,9.667,4,1
CZ-026,collique,-11.927422,-77.046217,18690,0.6938,0.2881,0.5691,0.6047,0.328,0.6357,0.151,0.3096,0.5703,2024,3,74,0.5388,0.22,7,8.667,-3,1
CZ-026,collique,-11.927422,-77.046217,18690,0.6938,0.2881,0.5691,0.6047,0.328,0.6357,0.151,0.3096,0.5703,2024,4,75,0.5214,0.1905,12,10.333,5,1
CZ-026,collique,-11.927422,-77.046217,18690,0.6938,0.2881,0.5691,0.6047,0.328,0.6357,0.151,0.3096,0.5703,2024,5,76,0.5016,0.11,14,11.0,2,1
CZ-026,collique,-11.927422,-77.046217,18690,0.6938,0.2881,0.5691,0.6047,0.328,0.6357,0.151,0.3096,0.5703,2024,6,77,0.4347,0.0,10,12.0,3,1
CZ-026,collique,-11.927422,-77.046217,18690,0.6938,0.2881,0.5691,0.6047,0.328,0.6357,0.151,0.3096,0.5703,2024,7,78,0.6214,0.07,11,11.667,-1,1
CZ-026,collique,-11.927422,-77.046217,18690,0.6938,0.2881,0.5691,0.6047,0.328,0.6357,0.151,0.3096,0.5703,2024,8,79,0.471,-0.1905,15,12.0,1,0
CZ-026,collique,-11.927422,-77.046217,18690,0.6938,0.2881,0.5691,0.6047,0.328,0.6357,0.151,0.3096,0.5703,2024,9,80,0.5558,-0.22,10,12.0,0,0
CZ-026,collique,-11.927422,-77.046217,18690,0.6938,0.2881,0.5691,0.6047,0.328,0.6357,0.151,0.3096,0.5703,2024,10,81,0.4713,-0.1905,8,11.0,-3,1
CZ-026,collique,-11.927422,-77.046217,18690,0.6938,0.2881,0.5691,0.6047,0.328,0.6357,0.151,0.3096,0.5703,2024,11,82,0.4271,-0.11,6,8.0,-9,1
CZ-026,collique,-11.927422,-77.046217,18690,0.6938,0.2881,0.5691,0.6047,0.328,0.6357,0.151,0.3096,0.5703,2024,12,83,0.5097,0.18,13,9.0,3,0
CZ-026,collique,-11.927422,-77.046217,18690,0.6938,0.2881,0.5691,0.6047,0.328,0.6357,0.151,0.3096,0.5703,2025,1,84,0.4178,0.11,9,9.333,1,1
CZ-026,collique,-11.927422,-77.046217,18690,0.6938,0.2881,0.5691,0.6047,0.328,0.6357,0.151,0.3096,0.5703,2025,2,85,0.419,0.1905,8,10.0,2,0
CZ-026,collique,-11.927422,-77.046217,18690,0.6938,0.2881,0.5691,0.6047,0.328,0.6357,0.151,0.3096,0.5703,2025,3,86,0.4041,0.22,16,11.0,3,0
CZ-026,collique,-11.927422,-77.046217,18690,0.6938,0.2881,0.5691,0.6047,0.328,0.6357,0.151,0.3096,0.5703,2025,4,87,0.3976,0.1905,6,10.0,-3,1
CZ-026,collique,-11.927422,-77.046217,18690,0.6938,0.2881,0.5691,0.6047,0.328,0.6357,0.151,0.3096,0.5703,2025,5,88,0.4647,0.11,8,10.0,0,0
CZ-026,collique,-11.927422,-77.046217,18690,0.6938,0.2881,0.5691,0.6047,0.328,0.6357,0.151,0.3096,0.5703,2025,6,89,0.4461,0.0,9,7.667,-7,1
CZ-026,collique,-11.927422,-77.046217,18690,0.6938,0.2881,0.5691,0.6047,0.328,0.6357,0.151,0.3096,0.5703,2025,7,90,0.5668,0.07,8,8.333,2,1
CZ-026,collique,-11.927422,-77.046217,18690,0.6938,0.2881,0.5691,0.6047,0.328,0.6357,0.151,0.3096,0.5703,2025,8,91,0.4195,-0.1905,11,9.333,3,1
CZ-026,collique,-11.927422,-77.046217,18690,0.6938,0.2881,0.5691,0.6047,0.328,0.6357,0.151,0.3096,0.5703,2025,9,92,0.4731,-0.22,9,9.333,0,0
CZ-026,collique,-11.927422,-77.046217,18690,0.6938,0.2881,0.5691,0.6047,0.328,0.6357,0.151,0.3096,0.5703,2025,10,93,0.4947,-0.1905,10,10.0,2,1
CZ-026,collique,-11.927422,-77.046217,18690,0.6938,0.2881,0.5691,0.6047,0.328,0.6357,0.151,0.3096,0.5703,2025,11,94,0.5373,-0.11,6,8.333,-5,1
CZ-027,retablo,-11.953577,-77.0774,17368,0.5602,0.2904,0.7463,0.6116,0.6369,0.5251,0.2446,0.4158,0.4716,2018,5,4,0.4976,0.11,11,9.333,5,1
CZ-027,retablo,-11.953577,-77.0774,17368,0.5602,0.2904,0.7463,0.6116,0.6369,0.5251,0.2446,0.4158,0.4716,2018,6,5,0.5816,0.0,4,8.667,-2,0
CZ-027,retablo,-11.953577,-77.0774,17368,0.5602,0.2904,0.7463,0.6116,0.6369,0.5251,0.2446,0.4158,0.4716,2018,7,6,0.6068,0.07,11,8.667,0,0
CZ-027,retablo,-11.953577,-77.0774,17368,0.5602,0.2904,0.7463,0.6116,0.6369,0.5251,0.2446,0.4158,0.4716,2018,8,7,0.5185,-0.1905,7,7.333,-4,0
CZ-027,retablo,-11.953577,-77.0774,17368,0.5602,0.2904,0.7463,0.6116,0.6369,0.5251,0.2446,0.4158,0.4716,2018,9,8,0.4667,-0.22,1,6.333,-3,0
CZ-027,retablo,-11.953577,-77.0774,17368,0.5602,0.2904,0.7463,0.6116,0.6369,0.5251,0.2446,0.4158,0.4716,2018,10,9,0.5382,-0.1905,3,3.667,-8,1
CZ-027,retablo,-11.953577,-77.0774,17368,0.5602,0.2904,0.7463,0.6116,0.6369,0.5251,0.2446,0.4158,0.4716,2018,11,10,0.4829,-0.11,5,3.0,-2,0
CZ-027,retablo,-11.953577,-77.0774,17368,0.5602,0.2904,0.7463,0.6116,0.6369,0.5251,0.2446,0.4158,0.4716,2018,12,11,0.5676,0.18,9,5.667,8,0
CZ-027,retablo,-11.953577,-77.0774,17368,0.5602,0.2904,0.7463,0.6116,0.6369,0.5251,0.2446,0.4158,0.4716,2019,1,12,0.4418,0.11,6,6.667,3,1
CZ-027,retablo,-11.953577,-77.0774,17368,0.5602,0.2904,0.7463,0.6116,0.6369,0.5251,0.2446,0.4158,0.4716,2019,2,13,0.4651,0.1905,5,6.667,0,1
CZ-027,retablo,-11.953577,-77.0774,17368,0.5602,0.2904,0.7463,0.6116,0.6369,0.5251,0.2446,0.4158,0.4716,2019,3,14,0.4738,0.22,11,7.333,2,1
CZ-027,retablo,-11.953577,-77.0774,17368,0.5602,0.2904,0.7463,0.6116,0.6369,0.5251,0.2446,0.4158,0.4716,2019,4,15,0.4973,0.1905,11,9.0,5,1
CZ-027,retablo,-11.953577,-77.0774,17368,0.5602,0.2904,0.7463,0.6116,0.6369,0.5251,0.2446,0.4158,0.4716,2019,5,16,0.4996,0.11,9,10.333,4,0
CZ-027,retablo,-11.953577,-77.0774,17368,0.5602,0.2904,0.7463,0.6116,0.6369,0.5251,0.2446,0.4158,0.4716,2019,6,17,0.4995,0.0,9,9.667,-2,0
CZ-027,retablo,-11.953577,-77.0774,17368,0.5602,0.2904,0.7463,0.6116,0.6369,0.5251,0.2446,0.4158,0.4716,2019,7,18,0.597,0.07,6,8.0,-5,0
CZ-027,retablo,-11.953577,-77.0774,17368,0.5602,0.2904,0.7463,0.6116,0.6369,0.5251,0.2446,0.4158,0.4716,2019,8,19,0.4394,-0.1905,5,6.667,-4,0
CZ-027,retablo,-11.953577,-77.0774,17368,0.5602,0.2904,0.7463,0.6116,0.6369,0.5251,0.2446,0.4158,0.4716,2019,9,20,0.5115,-0.22,8,6.333,-1,0
CZ-027,retablo,-11.953577,-77.0774,17368,0.5602,0.2904,0.7463,0.6116,0.6369,0.5251,0.2446,0.4158,0.4716,2019,10,21,0.5074,-0.1905,5,6.0,-1,0
CZ-027,retablo,-11.953577,-77.0774,17368,0.5602,0.2904,0.7463,0.6116,0.6369,0.5251,0.2446,0.4158,0.4716,2019,11,22,0.5329,-0.11,7,6.667,2,0
CZ-027,retablo,-11.953577,-77.0774,17368,0.5602,0.2904,0.7463,0.6116,0.6369,0.5251,0.2446,0.4158,0.4716,2019,12,23,0.5123,0.18,8,6.667,0,0
CZ-027,retablo,-11.953577,-77.0774,17368,0.5602,0.2904,0.7463,0.6116,0.6369,0.5251,0.2446,0.4158,0.4716,2020,1,24,0.4335,0.11,8,7.667,3,1
CZ-027,retablo,-11.953577,-77.0774,17368,0.5602,0.2904,0.7463,0.6116,0.6369,0.5251,0.2446,0.4158,0.4716,2020,2,25,0.4594,0.1905,4,6.667,-3,0
CZ-027,retablo,-11.953577,-77.0774,17368,0.5602,0.2904,0.7463,0.6116,0.6369,0.5251,0.2446,0.4158,0.4716,2020,3,26,0.4184,0.22,9,7.0,1,1
CZ-027,retablo,-11.953577,-77.0774,17368,0.5602,0.2904,0.7463,0.6116,0.6369,0.5251,0.2446,0.4158,0.4716,2020,4,27,0.4495,0.1905,6,6.333,-2,0
CZ-027,retablo,-11.953577,-77.0774,17368,0.5602,0.2904,0.7463,0.6116,0.6369,0.5251,0.2446,0.4158,0.4716,2020,5,28,0.4925,0.11,12,9.0,8,0
CZ-027,retablo,-11.953577,-77.0774,17368,0.5602,0.2904,0.7463,0.6116,0.6369,0.5251,0.2446,0.4158,0.4716,2020,6,29,0.5268,0.0,5,7.667,-4,1
CZ-027,retablo,-11.953577,-77.0774,17368,0.5602,0.2904,0.7463,0.6116,0.6369,0.5251,0.2446,0.4158,0.4716,2020,7,30,0.5287,0.07,3,6.667,-3,0
CZ-027,retablo,-11.953577,-77.0774,17368,0.5602,0.2904,0.7463,0.6116,0.6369,0.5251,0.2446,0.4158,0.4716,2020,8,31,0.5158,-0.1905,12,6.667,0,0
CZ-027,retablo,-11.953577,-77.0774,17368,0.5602,0.2904,0.7463,0.6116,0.6369,0.5251,0.2446,0.4158,0.4716,2020,9,32,0.4611,-0.22,4,6.333,-1,1
CZ-027,retablo,-11.953577,-77.0774,17368,0.5602,0.2904,0.7463,0.6116,0.6369,0.5251,0.2446,0.4158,0.4716,2020,10,33,0.4319,-0.1905,8,8.0,5,0
CZ-027,retablo,-11.953577,-77.0774,17368,0.5602,0.2904,0.7463,0.6116,0.6369,0.5251,0.2446,0.4158,0.4716,2020,11,34,0.4767,-0.11,9,7.0,-3,1
CZ-027,retablo,-11.953577,-77.0774,17368,0.5602,0.2904,0.7463,0.6116,0.6369,0.5251,0.2446,0.4158,0.4716,2020,12,35,0.5677,0.18,8,8.333,4,1
CZ-027,retablo,-11.953577,-77.0774,17368,0.5602,0.2904,0.7463,0.6116,0.6369,0.5251,0.2446,0.4158,0.4716,2021,1,36,0.4661,0.11,12,9.667,4,1
CZ-027,retablo,-11.953577,-77.0774,17368,0.5602,0.2904,0.7463,0.6116,0.6369,0.5251,0.2446,0.4158,0.4716,2021,2,37,0.5345,0.1905,10,10.0,1,0
CZ-027,retablo,-11.953577,-77.0774,17368,0.5602,0.2904,0.7463,0.6116,0.6369,0.5251,0.2446,0.4158,0.4716,2021,3,38,0.438,0.22,10,10.667,2,0
CZ-027,retablo,-11.953577,-77.0774,17368,0.5602,0.2904,0.7463,0.6116,0.6369,0.5251,0.2446,0.4158,0.4716,2021,4,39,0.6026,0.1905,8,9.333,-4,0
CZ-027,retablo,-11.953577,-77.0774,17368,0.5602,0.2904,0.7463,0.6116,0.6369,0.5251,0.2446,0.4158,0.4716,2021,5,40,0.5733,0.11,7,8.333,-3,0
CZ-027,retablo,-11.953577,-77.0774,17368,0.5602,0.2904,0.7463,0.6116,0.6369,0.5251,0.2446,0.4158,0.4716,2021,6,41,0.4966,0.0,6,7.0,-4,1
CZ-027,retablo,-11.953577,-77.0774,17368,0.5602,0.2904,0.7463,0.6116,0.6369,0.5251,0.2446,0.4158,0.4716,2021,7,42,0.5487,0.07,5,6.0,-3,1
CZ-027,retablo,-11.953577,-77.0774,17368,0.5602,0.2904,0.7463,0.6116,0.6369,0.5251,0.2446,0.4158,0.4716,2021,8,43,0.5345,-0.1905,11,7.333,4,0
CZ-027,retablo,-11.953577,-77.0774,17368,0.5602,0.2904,0.7463,0.6116,0.6369,0.5251,0.2446,0.4158,0.4716,2021,9,44,0.4914,-0.22,11,9.0,5,0
CZ-027,retablo,-11.953577,-77.0774,17368,0.5602,0.2904,0.7463,0.6116,0.6369,0.5251,0.2446,0.4158,0.4716,2021,10,45,0.5521,-0.1905,4,8.667,-1,0
CZ-027,retablo,-11.953577,-77.0774,17368,0.5602,0.2904,0.7463,0.6116,0.6369,0.5251,0.2446,0.4158,0.4716,2021,11,46,0.5186,-0.11,7,7.333,-4,1
CZ-027,retablo,-11.953577,-77.0774,17368,0.5602,0.2904,0.7463,0.6116,0.6369,0.5251,0.2446,0.4158,0.4716,2021,12,47,0.5784,0.18,7,6.0,-4,1
CZ-027,retablo,-11.953577,-77.0774,17368,0.5602,0.2904,0.7463,0.6116,0.6369,0.5251,0.2446,0.4158,0.4716,2022,1,48,0.5556,0.11,10,8.0,6,1
CZ-027,retablo,-11.953577,-77.0774,17368,0.5602,0.2904,0.7463,0.6116,0.6369,0.5251,0.2446,0.4158,0.4716,2022,2,49,0.5115,0.1905,11,9.333,4,1
CZ-027,retablo,-11.953577,-77.0774,17368,0.5602,0.2904,0.7463,0.6116,0.6369,0.5251,0.2446,0.4158,0.4716,2022,3,50,0.3886,0.22,13,11.333,6,1
CZ-027,retablo,-11.953577,-77.0774,17368,0.5602,0.2904,0.7463,0.6116,0.6369,0.5251,0.2446,0.4158,0.4716,2022,4,51,0.5609,0.1905,10,11.333,0,1
CZ-027,retablo,-11.953577,-77.0774,17368,0.5602,0.2904,0.7463,0.6116,0.6369,0.5251,0.2446,0.4158,0.4716,2022,5,52,0.5317,0.11,12,11.667,1,0
CZ-027,retablo,-11.953577,-77.0774,17368,0.5602,0.2904,0.7463,0.6116,0.6369,0.5251,0.2446,0.4158,0.4716,2022,6,53,0.5128,0.0,12,11.333,-1,1
CZ-027,retablo,-11.953577,-77.0774,17368,0.5602,0.2904,0.7463,0.6116,0.6369,0.5251,0.2446,0.4158,0.4716,2022,7,54,0.5343,0.07,8,10.667,-2,1
CZ-027,retablo,-11.953577,-77.0774,17368,0.5602,0.2904,0.7463,0.6116,0.6369,0.5251,0.2446,0.4158,0.4716,2022,8,55,0.4609,-0.1905,9,9.667,-3,0
CZ-027,retablo,-11.953577,-77.0774,17368,0.5602,0.2904,0.7463,0.6116,0.6369,0.5251,0.2446,0.4158,0.4716,2022,9,56,0.5813,-0.22,9,8.667,-3,0
CZ-027,retablo,-11.953577,-77.0774,17368,0.5602,0.2904,0.7463,0.6116,0.6369,0.5251,0.2446,0.4158,0.4716,2022,10,57,0.4548,-0.1905,5,7.667,-3,0
CZ-027,retablo,-11.953577,-77.0774,17368,0.5602,0.2904,0.7463,0.6116,0.6369,0.5251,0.2446,0.4158,0.4716,2022,11,58,0.5361,-0.11,3,5.667,-6,1
CZ-027,retablo,-11.953577,-77.0774,17368,0.5602,0.2904,0.7463,0.6116,0.6369,0.5251,0.2446,0.4158,0.4716,2022,12,59,0.6068,0.18,7,5.0,-2,1
CZ-027,retablo,-11.953577,-77.0774,17368,0.5602,0.2904,0.7463,0.6116,0.6369,0.5251,0.2446,0.4158,0.4716,2023,1,60,0.5724,0.11,11,7.0,6,1
CZ-027,retablo,-11.953577,-77.0774,17368,0.5602,0.2904,0.7463,0.6116,0.6369,0.5251,0.2446,0.4158,0.4716,2023,2,61,0.5388,0.1905,11,9.667,8,1
CZ-027,retablo,-11.953577,-77.0774,17368,0.5602,0.2904,0.7463,0.6116,0.6369,0.5251,0.2446,0.4158,0.4716,2023,3,62,0.4727,0.22,19,13.667,12,1
CZ-027,retablo,-11.953577,-77.0774,17368,0.5602,0.2904,0.7463,0.6116,0.6369,0.5251,0.2446,0.4158,0.4716,2023,4,63,0.4693,0.1905,13,14.333,2,1
CZ-027,retablo,-11.953577,-77.0774,17368,0.5602,0.2904,0.7463,0.6116,0.6369,0.5251,0.2446,0.4158,0.4716,2023,5,64,0.4589,0.11,13,15.0,2,0
CZ-027,retablo,-11.953577,-77.0774,17368,0.5602,0.2904,0.7463,0.6116,0.6369,0.5251,0.2446,0.4158,0.4716,2023,6,65,0.5322,0.0,11,12.333,-8,1
CZ-027,retablo,-11.953577,-77.0774,17368,0.5602,0.2904,0.7463,0.6116,0.6369,0.5251,0.2446,0.4158,0.4716,2023,7,66,0.6469,0.07,7,10.333,-6,0
CZ-027,retablo,-11.953577,-77.0774,17368,0.5602,0.2904,0.7463,0.6116,0.6369,0.5251,0.2446,0.4158,0.4716,2023,8,67,0.4925,-0.1905,11,9.667,-2,1
CZ-027,retablo,-11.953577,-77.0774,17368,0.5602,0.2904,0.7463,0.6116,0.6369,0.5251,0.2446,0.4158,0.4716,2023,9,68,0.5575,-0.22,4,7.333,-7,1
CZ-027,retablo,-11.953577,-77.0774,17368,0.5602,0.2904,0.7463,0.6116,0.6369,0.5251,0.2446,0.4158,0.4716,2023,10,69,0.4779,-0.1905,13,9.333,6,1
CZ-027,retablo,-11.953577,-77.0774,17368,0.5602,0.2904,0.7463,0.6116,0.6369,0.5251,0.2446,0.4158,0.4716,2023,11,70,0.5069,-0.11,9,8.667,-2,0
CZ-027,retablo,-11.953577,-77.0774,17368,0.5602,0.2904,0.7463,0.6116,0.6369,0.5251,0.2446,0.4158,0.4716,2023,12,71,0.5448,0.18,14,12.0,10,1
CZ-027,retablo,-11.953577,-77.0774,17368,0.5602,0.2904,0.7463,0.6116,0.6369,0.5251,0.2446,0.4158,0.4716,2024,1,72,0.5372,0.11,8,10.333,-5,1
CZ-027,retablo,-11.953577,-77.0774,17368,0.5602,0.2904,0.7463,0.6116,0.6369,0.5251,0.2446,0.4158,0.4716,2024,2,73,0.57,0.1905,14,12.0,5,1
CZ-027,retablo,-11.953577,-77.0774,17368,0.5602,0.2904,0.7463,0.6116,0.6369,0.5251,0.2446,0.4158,0.4716,2024,3,74,0.5456,0.22,14,12.0,0,1
CZ-027,retablo,-11.953577,-77.0774,17368,0.5602,0.2904,0.7463,0.6116,0.6369,0.5251,0.2446,0.4158,0.4716,2024,4,75,0.5174,0.1905,12,13.333,4,1
CZ-027,retablo,-11.953577,-77.0774,17368,0.5602,0.2904,0.7463,0.6116,0.6369,0.5251,0.2446,0.4158,0.4716,2024,5,76,0.5706,0.11,11,12.333,-3,0
CZ-027,retablo,-11.953577,-77.0774,17368,0.5602,0.2904,0.7463,0.6116,0.6369,0.5251,0.2446,0.4158,0.4716,2024,6,77,0.4477,0.0,13,12.0,-1,1
CZ-027,retablo,-11.953577,-77.0774,17368,0.5602,0.2904,0.7463,0.6116,0.6369,0.5251,0.2446,0.4158,0.4716,2024,7,78,0.6529,0.07,7,10.333,-5,0
CZ-027,retablo,-11.953577,-77.0774,17368,0.5602,0.2904,0.7463,0.6116,0.6369,0.5251,0.2446,0.4158,0.4716,2024,8,79,0.5151,-0.1905,12,10.667,1,0
CZ-027,retablo,-11.953577,-77.0774,17368,0.5602,0.2904,0.7463,0.6116,0.6369,0.5251,0.2446,0.4158,0.4716,2024,9,80,0.46,-0.22,5,8.0,-8,0
CZ-027,retablo,-11.953577,-77.0774,17368,0.5602,0.2904,0.7463,0.6116,0.6369,0.5251,0.2446,0.4158,0.4716,2024,10,81,0.4553,-0.1905,7,8.0,0,1
CZ-027,retablo,-11.953577,-77.0774,17368,0.5602,0.2904,0.7463,0.6116,0.6369,0.5251,0.2446,0.4158,0.4716,2024,11,82,0.4982,-0.11,7,6.333,-5,1
CZ-027,retablo,-11.953577,-77.0774,17368,0.5602,0.2904,0.7463,0.6116,0.6369,0.5251,0.2446,0.4158,0.4716,2024,12,83,0.543,0.18,13,9.0,8,1
CZ-027,retablo,-11.953577,-77.0774,17368,0.5602,0.2904,0.7463,0.6116,0.6369,0.5251,0.2446,0.4158,0.4716,2025,1,84,0.5408,0.11,11,10.333,4,1
CZ-027,retablo,-11.953577,-77.0774,17368,0.5602,0.2904,0.7463,0.6116,0.6369,0.5251,0.2446,0.4158,0.4716,2025,2,85,0.5242,0.1905,17,13.667,10,1
CZ-027,retablo,-11.953577,-77.0774,17368,0.5602,0.2904,0.7463,0.6116,0.6369,0.5251,0.2446,0.4158,0.4716,2025,3,86,0.4949,0.22,12,13.333,-1,0
CZ-027,retablo,-11.953577,-77.0774,17368,0.5602,0.2904,0.7463,0.6116,0.6369,0.5251,0.2446,0.4158,0.4716,2025,4,87,0.48,0.1905,20,16.333,9,1
CZ-027,retablo,-11.953577,-77.0774,17368,0.5602,0.2904,0.7463,0.6116,0.6369,0.5251,0.2446,0.4158,0.4716,2025,5,88,0.5194,0.11,8,13.333,-9,1
CZ-027,retablo,-11.953577,-77.0774,17368,0.5602,0.2904,0.7463,0.6116,0.6369,0.5251,0.2446,0.4158,0.4716,2025,6,89,0.5564,0.0,16,14.667,4,1
CZ-027,retablo,-11.953577,-77.0774,17368,0.5602,0.2904,0.7463,0.6116,0.6369,0.5251,0.2446,0.4158,0.4716,2025,7,90,0.6088,0.07,16,13.333,-4,1
CZ-027,retablo,-11.953577,-77.0774,17368,0.5602,0.2904,0.7463,0.6116,0.6369,0.5251,0.2446,0.4158,0.4716,2025,8,91,0.5227,-0.1905,13,15.0,5,1
CZ-027,retablo,-11.953577,-77.0774,17368,0.5602,0.2904,0.7463,0.6116,0.6369,0.5251,0.2446,0.4158,0.4716,2025,9,92,0.3854,-0.22,10,13.0,-6,0
CZ-027,retablo,-11.953577,-77.0774,17368,0.5602,0.2904,0.7463,0.6116,0.6369,0.5251,0.2446,0.4158,0.4716,2025,10,93,0.5407,-0.1905,17,13.333,1,1
CZ-027,retablo,-11.953577,-77.0774,17368,0.5602,0.2904,0.7463,0.6116,0.6369,0.5251,0.2446,0.4158,0.4716,2025,11,94,0.5813,-0.11,8,11.667,-5,1
CZ-028,collique,-11.912776,-77.037943,22473,0.763,0.2523,0.498,0.4898,0.3951,0.6313,0.1638,0.1662,0.9288,2018,5,4,0.4111,0.11,5,7.0,2,0
CZ-028,collique,-11.912776,-77.037943,22473,0.763,0.2523,0.498,0.4898,0.3951,0.6313,0.1638,0.1662,0.9288,2018,6,5,0.4043,0.0,4,6.667,-1,0
CZ-028,collique,-11.912776,-77.037943,22473,0.763,0.2523,0.498,0.4898,0.3951,0.6313,0.1638,0.1662,0.9288,2018,7,6,0.4856,0.07,7,5.333,-4,0
CZ-028,collique,-11.912776,-77.037943,22473,0.763,0.2523,0.498,0.4898,0.3951,0.6313,0.1638,0.1662,0.9288,2018,8,7,0.371,-0.1905,4,5.0,-1,0
CZ-028,collique,-11.912776,-77.037943,22473,0.763,0.2523,0.498,0.4898,0.3951,0.6313,0.1638,0.1662,0.9288,2018,9,8,0.4531,-0.22,3,4.667,-1,0
CZ-028,collique,-11.912776,-77.037943,22473,0.763,0.2523,0.498,0.4898,0.3951,0.6313,0.1638,0.1662,0.9288,2018,10,9,0.5328,-0.1905,7,4.667,0,0
CZ-028,collique,-11.912776,-77.037943,22473,0.763,0.2523,0.498,0.4898,0.3951,0.6313,0.1638,0.1662,0.9288,2018,11,10,0.5503,-0.11,4,4.667,0,1
CZ-028,collique,-11.912776,-77.037943,22473,0.763,0.2523,0.498,0.4898,0.3951,0.6313,0.1638,0.1662,0.9288,2018,12,11,0.527,0.18,3,4.667,0,0
CZ-028,collique,-11.912776,-77.037943,22473,0.763,0.2523,0.498,0.4898,0.3951,0.6313,0.1638,0.1662,0.9288,2019,1,12,0.4799,0.11,13,6.667,6,0
CZ-028,collique,-11.912776,-77.037943,22473,0.763,0.2523,0.498,0.4898,0.3951,0.6313,0.1638,0.1662,0.9288,2019,2,13,0.3732,0.1905,8,8.0,4,1
CZ-028,collique,-11.912776,-77.037943,22473,0.763,0.2523,0.498,0.4898,0.3951,0.6313,0.1638,0.1662,0.9288,2019,3,14,0.3799,0.22,5,8.667,2,0
CZ-028,collique,-11.912776,-77.037943,22473,0.763,0.2523,0.498,0.4898,0.3951,0.6313,0.1638,0.1662,0.9288,2019,4,15,0.4848,0.1905,17,10.0,4,0
CZ-028,collique,-11.912776,-77.037943,22473,0.763,0.2523,0.498,0.4898,0.3951,0.6313,0.1638,0.1662,0.9288,2019,5,16,0.3961,0.11,7,9.667,-1,1
CZ-028,collique,-11.912776,-77.037943,22473,0.763,0.2523,0.498,0.4898,0.3951,0.6313,0.1638,0.1662,0.9288,2019,6,17,0.5859,0.0,7,10.333,2,0
CZ-028,collique,-11.912776,-77.037943,22473,0.763,0.2523,0.498,0.4898,0.3951,0.6313,0.1638,0.1662,0.9288,2019,7,18,0.5819,0.07,14,9.333,-3,0
CZ-028,collique,-11.912776,-77.037943,22473,0.763,0.2523,0.498,0.4898,0.3951,0.6313,0.1638,0.1662,0.9288,2019,8,19,0.4565,-0.1905,7,9.333,0,1
CZ-028,collique,-11.912776,-77.037943,22473,0.763,0.2523,0.498,0.4898,0.3951,0.6313,0.1638,0.1662,0.9288,2019,9,20,0.4981,-0.22,6,9.0,-1,1
CZ-028,collique,-11.912776,-77.037943,22473,0.763,0.2523,0.498,0.4898,0.3951,0.6313,0.1638,0.1662,0.9288,2019,10,21,0.5065,-0.1905,12,8.333,-2,0
CZ-028,collique,-11.912776,-77.037943,22473,0.763,0.2523,0.498,0.4898,0.3951,0.6313,0.1638,0.1662,0.9288,2019,11,22,0.5132,-0.11,10,9.333,3,0
CZ-028,collique,-11.912776,-77.037943,22473,0.763,0.2523,0.498,0.4898,0.3951,0.6313,0.1638,0.1662,0.9288,2019,12,23,0.5361,0.18,8,10.0,2,0
CZ-028,collique,-11.912776,-77.037943,22473,0.763,0.2523,0.498,0.4898,0.3951,0.6313,0.1638,0.1662,0.9288,2020,1,24,0.4003,0.11,6,8.0,-6,1
CZ-028,collique,-11.912776,-77.037943,22473,0.763,0.2523,0.498,0.4898,0.3951,0.6313,0.1638,0.1662,0.9288,2020,2,25,0.4075,0.1905,8,7.333,-2,1
CZ-028,collique,-11.912776,-77.037943,22473,0.763,0.2523,0.498,0.4898,0.3951,0.6313,0.1638,0.1662,0.9288,2020,3,26,0.518,0.22,10,8.0,2,1
CZ-028,collique,-11.912776,-77.037943,22473,0.763,0.2523,0.498,0.4898,0.3951,0.6313,0.1638,0.1662,0.9288,2020,4,27,0.4391,0.1905,11,9.667,5,0
CZ-028,collique,-11.912776,-77.037943,22473,0.763,0.2523,0.498,0.4898,0.3951,0.6313,0.1638,0.1662,0.9288,2020,5,28,0.4266,0.11,10,10.333,2,1
CZ-028,collique,-11.912776,-77.037943,22473,0.763,0.2523,0.498,0.4898,0.3951,0.6313,0.1638,0.1662,0.9288,2020,6,29,0.4422,0.0,8,9.667,-2,0
CZ-028,collique,-11.912776,-77.037943,22473,0.763,0.2523,0.498,0.4898,0.3951,0.6313,0.1638,0.1662,0.9288,2020,7,30,0.4702,0.07,10,9.333,-1,0
CZ-028,collique,-11.912776,-77.037943,22473,0.763,0.2523,0.498,0.4898,0.3951,0.6313,0.1638,0.1662,0.9288,2020,8,31,0.4585,-0.1905,4,7.333,-6,1
CZ-028,collique,-11.912776,-77.037943,22473,0.763,0.2523,0.498,0.4898,0.3951,0.6313,0.1638,0.1662,0.9288,2020,9,32,0.4986,-0.22,5,6.333,-3,0
CZ-028,collique,-11.912776,-77.037943,22473,0.763,0.2523,0.498,0.4898,0.3951,0.6313,0.1638,0.1662,0.9288,2020,10,33,0.4082,-0.1905,12,7.0,2,0
CZ-028,collique,-11.912776,-77.037943,22473,0.763,0.2523,0.498,0.4898,0.3951,0.6313,0.1638,0.1662,0.9288,2020,11,34,0.4392,-0.11,5,7.333,1,0
CZ-028,collique,-11.912776,-77.037943,22473,0.763,0.2523,0.498,0.4898,0.3951,0.6313,0.1638,0.1662,0.9288,2020,12,35,0.4871,0.18,5,7.333,0,0
CZ-028,collique,-11.912776,-77.037943,22473,0.763,0.2523,0.498,0.4898,0.3951,0.6313,0.1638,0.1662,0.9288,2021,1,36,0.4045,0.11,6,5.333,-6,1
CZ-028,collique,-11.912776,-77.037943,22473,0.763,0.2523,0.498,0.4898,0.3951,0.6313,0.1638,0.1662,0.9288,2021,2,37,0.4025,0.1905,4,5.0,-1,0
CZ-028,collique,-11.912776,-77.037943,22473,0.763,0.2523,0.498,0.4898,0.3951,0.6313,0.1638,0.1662,0.9288,2021,3,38,0.4182,0.22,11,7.0,6,1
CZ-028,collique,-11.912776,-77.037943,22473,0.763,0.2523,0.498,0.4898,0.3951,0.6313,0.1638,0.1662,0.9288,2021,4,39,0.4247,0.1905,7,7.333,1,1
CZ-028,collique,-11.912776,-77.037943,22473,0.763,0.2523,0.498,0.4898,0.3951,0.6313,0.1638,0.1662,0.9288,2021,5,40,0.3794,0.11,13,10.333,9,0
CZ-028,collique,-11.912776,-77.037943,22473,0.763,0.2523,0.498,0.4898,0.3951,0.6313,0.1638,0.1662,0.9288,2021,6,41,0.4372,0.0,9,9.667,-2,1
CZ-028,collique,-11.912776,-77.037943,22473,0.763,0.2523,0.498,0.4898,0.3951,0.6313,0.1638,0.1662,0.9288,2021,7,42,0.5137,0.07,7,9.667,0,0
CZ-028,collique,-11.912776,-77.037943,22473,0.763,0.2523,0.498,0.4898,0.3951,0.6313,0.1638,0.1662,0.9288,2021,8,43,0.2545,-0.1905,15,10.333,2,0
CZ-028,collique,-11.912776,-77.037943,22473,0.763,0.2523,0.498,0.4898,0.3951,0.6313,0.1638,0.1662,0.9288,2021,9,44,0.4567,-0.22,4,8.667,-5,0
CZ-028,collique,-11.912776,-77.037943,22473,0.763,0.2523,0.498,0.4898,0.3951,0.6313,0.1638,0.1662,0.9288,2021,10,45,0.4693,-0.1905,8,9.0,1,0
CZ-028,collique,-11.912776,-77.037943,22473,0.763,0.2523,0.498,0.4898,0.3951,0.6313,0.1638,0.1662,0.9288,2021,11,46,0.4427,-0.11,8,6.667,-7,1
CZ-028,collique,-11.912776,-77.037943,22473,0.763,0.2523,0.498,0.4898,0.3951,0.6313,0.1638,0.1662,0.9288,2021,12,47,0.5493,0.18,8,8.0,4,1
CZ-028,collique,-11.912776,-77.037943,22473,0.763,0.2523,0.498,0.4898,0.3951,0.6313,0.1638,0.1662,0.9288,2022,1,48,0.3942,0.11,15,10.333,7,0
CZ-028,collique,-11.912776,-77.037943,22473,0.763,0.2523,0.498,0.4898,0.3951,0.6313,0.1638,0.1662,0.9288,2022,2,49,0.4503,0.1905,9,10.667,1,0
CZ-028,collique,-11.912776,-77.037943,22473,0.763,0.2523,0.498,0.4898,0.3951,0.6313,0.1638,0.1662,0.9288,2022,3,50,0.4449,0.22,8,10.667,0,1
CZ-028,collique,-11.912776,-77.037943,22473,0.763,0.2523,0.498,0.4898,0.3951,0.6313,0.1638,0.1662,0.9288,2022,4,51,0.3821,0.1905,5,7.333,-10,1
CZ-028,collique,-11.912776,-77.037943,22473,0.763,0.2523,0.498,0.4898,0.3951,0.6313,0.1638,0.1662,0.9288,2022,5,52,0.495,0.11,12,8.333,3,1
CZ-028,collique,-11.912776,-77.037943,22473,0.763,0.2523,0.498,0.4898,0.3951,0.6313,0.1638,0.1662,0.9288,2022,6,53,0.5173,0.0,9,8.667,1,1
CZ-028,collique,-11.912776,-77.037943,22473,0.763,0.2523,0.498,0.4898,0.3951,0.6313,0.1638,0.1662,0.9288,2022,7,54,0.4964,0.07,12,11.0,7,0
CZ-028,collique,-11.912776,-77.037943,22473,0.763,0.2523,0.498,0.4898,0.3951,0.6313,0.1638,0.1662,0.9288,2022,8,55,0.3744,-0.1905,13,11.333,1,0
CZ-028,collique,-11.912776,-77.037943,22473,0.763,0.2523,0.498,0.4898,0.3951,0.6313,0.1638,0.1662,0.9288,2022,9,56,0.4636,-0.22,6,10.333,-3,0
CZ-028,collique,-11.912776,-77.037943,22473,0.763,0.2523,0.498,0.4898,0.3951,0.6313,0.1638,0.1662,0.9288,2022,10,57,0.4544,-0.1905,7,8.667,-5,0
CZ-028,collique,-11.912776,-77.037943,22473,0.763,0.2523,0.498,0.4898,0.3951,0.6313,0.1638,0.1662,0.9288,2022,11,58,0.4051,-0.11,8,7.0,-5,1
CZ-028,collique,-11.912776,-77.037943,22473,0.763,0.2523,0.498,0.4898,0.3951,0.6313,0.1638,0.1662,0.9288,2022,12,59,0.542,0.18,3,6.0,-3,1
CZ-028,collique,-11.912776,-77.037943,22473,0.763,0.2523,0.498,0.4898,0.3951,0.6313,0.1638,0.1662,0.9288,2023,1,60,0.4035,0.11,9,6.667,2,0
CZ-028,collique,-11.912776,-77.037943,22473,0.763,0.2523,0.498,0.4898,0.3951,0.6313,0.1638,0.1662,0.9288,2023,2,61,0.4496,0.1905,10,7.333,2,1
CZ-028,collique,-11.912776,-77.037943,22473,0.763,0.2523,0.498,0.4898,0.3951,0.6313,0.1638,0.1662,0.9288,2023,3,62,0.4687,0.22,7,8.667,4,1
CZ-028,collique,-11.912776,-77.037943,22473,0.763,0.2523,0.498,0.4898,0.3951,0.6313,0.1638,0.1662,0.9288,2023,4,63,0.424,0.1905,13,10.0,4,0
CZ-028,collique,-11.912776,-77.037943,22473,0.763,0.2523,0.498,0.4898,0.3951,0.6313,0.1638,0.1662,0.9288,2023,5,64,0.3923,0.11,12,10.667,2,1
CZ-028,collique,-11.912776,-77.037943,22473,0.763,0.2523,0.498,0.4898,0.3951,0.6313,0.1638,0.1662,0.9288,2023,6,65,0.5607,0.0,6,10.333,-1,1
CZ-028,collique,-11.912776,-77.037943,22473,0.763,0.2523,0.498,0.4898,0.3951,0.6313,0.1638,0.1662,0.9288,2023,7,66,0.55,0.07,12,10.0,-1,1
CZ-028,collique,-11.912776,-77.037943,22473,0.763,0.2523,0.498,0.4898,0.3951,0.6313,0.1638,0.1662,0.9288,2023,8,67,0.3913,-0.1905,14,10.667,2,1
CZ-028,collique,-11.912776,-77.037943,22473,0.763,0.2523,0.498,0.4898,0.3951,0.6313,0.1638,0.1662,0.9288,2023,9,68,0.4288,-0.22,13,13.0,7,1
CZ-028,collique,-11.912776,-77.037943,22473,0.763,0.2523,0.498,0.4898,0.3951,0.6313,0.1638,0.1662,0.9288,2023,10,69,0.5063,-0.1905,14,13.667,2,1
CZ-028,collique,-11.912776,-77.037943,22473,0.763,0.2523,0.498,0.4898,0.3951,0.6313,0.1638,0.1662,0.9288,2023,11,70,0.434,-0.11,12,13.0,-2,1
CZ-028,collique,-11.912776,-77.037943,22473,0.763,0.2523,0.498,0.4898,0.3951,0.6313,0.1638,0.1662,0.9288,2023,12,71,0.504,0.18,9,11.667,-4,1
CZ-028,collique,-11.912776,-77.037943,22473,0.763,0.2523,0.498,0.4898,0.3951,0.6313,0.1638,0.1662,0.9288,2024,1,72,0.4889,0.11,10,10.333,-4,1
CZ-028,collique,-11.912776,-77.037943,22473,0.763,0.2523,0.498,0.4898,0.3951,0.6313,0.1638,0.1662,0.9288,2024,2,73,0.4486,0.1905,13,10.667,1,1
CZ-028,collique,-11.912776,-77.037943,22473,0.763,0.2523,0.498,0.4898,0.3951,0.6313,0.1638,0.1662,0.9288,2024,3,74,0.4635,0.22,12,11.667,3,1
CZ-028,collique,-11.912776,-77.037943,22473,0.763,0.2523,0.498,0.4898,0.3951,0.6313,0.1638,0.1662,0.9288,2024,4,75,0.3431,0.1905,12,12.333,2,1
CZ-028,collique,-11.912776,-77.037943,22473,0.763,0.2523,0.498,0.4898,0.3951,0.6313,0.1638,0.1662,0.9288,2024,5,76,0.4717,0.11,13,12.333,0,1
CZ-028,collique,-11.912776,-77.037943,22473,0.763,0.2523,0.498,0.4898,0.3951,0.6313,0.1638,0.1662,0.9288,2024,6,77,0.4341,0.0,9,11.333,-3,0
CZ-028,collique,-11.912776,-77.037943,22473,0.763,0.2523,0.498,0.4898,0.3951,0.6313,0.1638,0.1662,0.9288,2024,7,78,0.4992,0.07,10,10.667,-2,0
CZ-028,collique,-11.912776,-77.037943,22473,0.763,0.2523,0.498,0.4898,0.3951,0.6313,0.1638,0.1662,0.9288,2024,8,79,0.429,-0.1905,8,9.0,-5,1
CZ-028,collique,-11.912776,-77.037943,22473,0.763,0.2523,0.498,0.4898,0.3951,0.6313,0.1638,0.1662,0.9288,2024,9,80,0.5249,-0.22,7,8.333,-2,0
CZ-028,collique,-11.912776,-77.037943,22473,0.763,0.2523,0.498,0.4898,0.3951,0.6313,0.1638,0.1662,0.9288,2024,10,81,0.3899,-0.1905,11,8.667,1,1
CZ-028,collique,-11.912776,-77.037943,22473,0.763,0.2523,0.498,0.4898,0.3951,0.6313,0.1638,0.1662,0.9288,2024,11,82,0.3952,-0.11,7,8.333,-1,1
CZ-028,collique,-11.912776,-77.037943,22473,0.763,0.2523,0.498,0.4898,0.3951,0.6313,0.1638,0.1662,0.9288,2024,12,83,0.5598,0.18,10,9.333,3,1
CZ-028,collique,-11.912776,-77.037943,22473,0.763,0.2523,0.498,0.4898,0.3951,0.6313,0.1638,0.1662,0.9288,2025,1,84,0.5423,0.11,15,10.667,4,1
CZ-028,collique,-11.912776,-77.037943,22473,0.763,0.2523,0.498,0.4898,0.3951,0.6313,0.1638,0.1662,0.9288,2025,2,85,0.4552,0.1905,20,15.0,13,1
CZ-028,collique,-11.912776,-77.037943,22473,0.763,0.2523,0.498,0.4898,0.3951,0.6313,0.1638,0.1662,0.9288,2025,3,86,0.4616,0.22,15,16.667,5,1
CZ-028,collique,-11.912776,-77.037943,22473,0.763,0.2523,0.498,0.4898,0.3951,0.6313,0.1638,0.1662,0.9288,2025,4,87,0.4805,0.1905,16,17.0,1,1
CZ-028,collique,-11.912776,-77.037943,22473,0.763,0.2523,0.498,0.4898,0.3951,0.6313,0.1638,0.1662,0.9288,2025,5,88,0.4785,0.11,15,15.333,-5,1
CZ-028,collique,-11.912776,-77.037943,22473,0.763,0.2523,0.498,0.4898,0.3951,0.6313,0.1638,0.1662,0.9288,2025,6,89,0.4511,0.0,10,13.667,-5,1
CZ-028,collique,-11.912776,-77.037943,22473,0.763,0.2523,0.498,0.4898,0.3951,0.6313,0.1638,0.1662,0.9288,2025,7,90,0.5267,0.07,13,12.667,-3,1
CZ-028,collique,-11.912776,-77.037943,22473,0.763,0.2523,0.498,0.4898,0.3951,0.6313,0.1638,0.1662,0.9288,2025,8,91,0.4532,-0.1905,11,11.333,-4,0
CZ-028,collique,-11.912776,-77.037943,22473,0.763,0.2523,0.498,0.4898,0.3951,0.6313,0.1638,0.1662,0.9288,2025,9,92,0.3482,-0.22,11,11.667,1,0
CZ-028,collique,-11.912776,-77.037943,22473,0.763,0.2523,0.498,0.4898,0.3951,0.6313,0.1638,0.1662,0.9288,2025,10,93,0.3613,-0.1905,8,10.0,-5,1
CZ-028,collique,-11.912776,-77.037943,22473,0.763,0.2523,0.498,0.4898,0.3951,0.6313,0.1638,0.1662,0.9288,2025,11,94,0.4996,-0.11,6,8.333,-5,1
CZ-029,collique,-11.931538,-77.065314,16778,0.827,0.2799,0.2755,0.4238,0.4526,0.5195,0.0126,0.0998,0.9831,2018,5,4,0.3719,0.11,6,6.333,1,0
CZ-029,collique,-11.931538,-77.065314,16778,0.827,0.2799,0.2755,0.4238,0.4526,0.5195,0.0126,0.0998,0.9831,2018,6,5,0.3644,0.0,5,5.667,-2,0
CZ-029,collique,-11.931538,-77.065314,16778,0.827,0.2799,0.2755,0.4238,0.4526,0.5195,0.0126,0.0998,0.9831,2018,7,6,0.3613,0.07,5,5.333,-1,0
CZ-029,collique,-11.931538,-77.065314,16778,0.827,0.2799,0.2755,0.4238,0.4526,0.5195,0.0126,0.0998,0.9831,2018,8,7,0.413,-0.1905,7,5.667,1,0
CZ-029,collique,-11.931538,-77.065314,16778,0.827,0.2799,0.2755,0.4238,0.4526,0.5195,0.0126,0.0998,0.9831,2018,9,8,0.4499,-0.22,8,6.667,3,0
CZ-029,collique,-11.931538,-77.065314,16778,0.827,0.2799,0.2755,0.4238,0.4526,0.5195,0.0126,0.0998,0.9831,2018,10,9,0.3621,-0.1905,3,6.0,-2,0
CZ-029,collique,-11.931538,-77.065314,16778,0.827,0.2799,0.2755,0.4238,0.4526,0.5195,0.0126,0.0998,0.9831,2018,11,10,0.4158,-0.11,3,4.667,-4,0
CZ-029,collique,-11.931538,-77.065314,16778,0.827,0.2799,0.2755,0.4238,0.4526,0.5195,0.0126,0.0998,0.9831,2018,12,11,0.4696,0.18,8,4.667,0,1
CZ-029,collique,-11.931538,-77.065314,16778,0.827,0.2799,0.2755,0.4238,0.4526,0.5195,0.0126,0.0998,0.9831,2019,1,12,0.4084,0.11,8,6.333,5,0
CZ-029,collique,-11.931538,-77.065314,16778,0.827,0.2799,0.2755,0.4238,0.4526,0.5195,0.0126,0.0998,0.9831,2019,2,13,0.4622,0.1905,9,8.333,6,0
CZ-029,collique,-11.931538,-77.065314,16778,0.827,0.2799,0.2755,0.4238,0.4526,0.5195,0.0126,0.0998,0.9831,2019,3,14,0.3361,0.22,5,7.333,-3,1
CZ-029,collique,-11.931538,-77.065314,16778,0.827,0.2799,0.2755,0.4238,0.4526,0.5195,0.0126,0.0998,0.9831,2019,4,15,0.3516,0.1905,5,6.333,-3,0
CZ-029,collique,-11.931538,-77.065314,16778,0.827,0.2799,0.2755,0.4238,0.4526,0.5195,0.0126,0.0998,0.9831,2019,5,16,0.3798,0.11,11,7.0,2,1
CZ-029,collique,-11.931538,-77.065314,16778,0.827,0.2799,0.2755,0.4238,0.4526,0.5195,0.0126,0.0998,0.9831,2019,6,17,0.4421,0.0,8,8.0,3,0
CZ-029,collique,-11.931538,-77.065314,16778,0.827,0.2799,0.2755,0.4238,0.4526,0.5195,0.0126,0.0998,0.9831,2019,7,18,0.456,0.07,12,10.333,7,0
CZ-029,collique,-11.931538,-77.065314,16778,0.827,0.2799,0.2755,0.4238,0.4526,0.5195,0.0126,0.0998,0.9831,2019,8,19,0.3768,-0.1905,7,9.0,-4,0
CZ-029,collique,-11.931538,-77.065314,16778,0.827,0.2799,0.2755,0.4238,0.4526,0.5195,0.0126,0.0998,0.9831,2019,9,20,0.3409,-0.22,5,8.0,-3,0
CZ-029,collique,-11.931538,-77.065314,16778,0.827,0.2799,0.2755,0.4238,0.4526,0.5195,0.0126,0.0998,0.9831,2019,10,21,0.3753,-0.1905,8,6.667,-4,0
CZ-029,collique,-11.931538,-77.065314,16778,0.827,0.2799,0.2755,0.4238,0.4526,0.5195,0.0126,0.0998,0.9831,2019,11,22,0.3494,-0.11,8,7.0,1,1
CZ-029,collique,-11.931538,-77.065314,16778,0.827,0.2799,0.2755,0.4238,0.4526,0.5195,0.0126,0.0998,0.9831,2019,12,23,0.4411,0.18,8,8.0,3,0
CZ-029,collique,-11.931538,-77.065314,16778,0.827,0.2799,0.2755,0.4238,0.4526,0.5195,0.0126,0.0998,0.9831,2020,1,24,0.3663,0.11,11,9.0,3,0
CZ-029,collique,-11.931538,-77.065314,16778,0.827,0.2799,0.2755,0.4238,0.4526,0.5195,0.0126,0.0998,0.9831,2020,2,25,0.351,0.1905,5,8.0,-3,1
CZ-029,collique,-11.931538,-77.065314,16778,0.827,0.2799,0.2755,0.4238,0.4526,0.5195,0.0126,0.0998,0.9831,2020,3,26,0.4729,0.22,4,6.667,-4,0
CZ-029,collique,-11.931538,-77.065314,16778,0.827,0.2799,0.2755,0.4238,0.4526,0.5195,0.0126,0.0998,0.9831,2020,4,27,0.3697,0.1905,10,6.333,-1,0
CZ-029,collique,-11.931538,-77.065314,16778,0.827,0.2799,0.2755,0.4238,0.4526,0.5195,0.0126,0.0998,0.9831,2020,5,28,0.3363,0.11,4,6.0,-1,1
CZ-029,collique,-11.931538,-77.065314,16778,0.827,0.2799,0.2755,0.4238,0.4526,0.5195,0.0126,0.0998,0.9831,2020,6,29,0.362,0.0,6,6.667,2,0
CZ-029,collique,-11.931538,-77.065314,16778,0.827,0.2799,0.2755,0.4238,0.4526,0.5195,0.0126,0.0998,0.9831,2020,7,30,0.415,0.07,10,6.667,0,0
CZ-029,collique,-11.931538,-77.065314,16778,0.827,0.2799,0.2755,0.4238,0.4526,0.5195,0.0126,0.0998,0.9831,2020,8,31,0.4826,-0.1905,8,8.0,4,0
CZ-029,collique,-11.931538,-77.065314,16778,0.827,0.2799,0.2755,0.4238,0.4526,0.5195,0.0126,0.0998,0.9831,2020,9,32,0.3752,-0.22,6,8.0,0,0
CZ-029,collique,-11.931538,-77.065314,16778,0.827,0.2799,0.2755,0.4238,0.4526,0.5195,0.0126,0.0998,0.9831,2020,10,33,0.305,-0.1905,8,7.333,-2,0
CZ-029,collique,-11.931538,-77.065314,16778,0.827,0.2799,0.2755,0.4238,0.4526,0.5195,0.0126,0.0998,0.9831,2020,11,34,0.3019,-0.11,8,7.333,0,1
CZ-029,collique,-11.931538,-77.065314,16778,0.827,0.2799,0.2755,0.4238,0.4526,0.5195,0.0126,0.0998,0.9831,2020,12,35,0.4363,0.18,5,7.0,-1,0
CZ-029,collique,-11.931538,-77.065314,16778,0.827,0.2799,0.2755,0.4238,0.4526,0.5195,0.0126,0.0998,0.9831,2021,1,36,0.4863,0.11,10,7.667,2,0
CZ-029,collique,-11.931538,-77.065314,16778,0.827,0.2799,0.2755,0.4238,0.4526,0.5195,0.0126,0.0998,0.9831,2021,2,37,0.4124,0.1905,4,6.333,-4,0
CZ-029,collique,-11.931538,-77.065314,16778,0.827,0.2799,0.2755,0.4238,0.4526,0.5195,0.0126,0.0998,0.9831,2021,3,38,0.3158,0.22,7,7.0,2,1
CZ-029,collique,-11.931538,-77.065314,16778,0.827,0.2799,0.2755,0.4238,0.4526,0.5195,0.0126,0.0998,0.9831,2021,4,39,0.4605,0.1905,6,5.667,-4,1
CZ-029,collique,-11.931538,-77.065314,16778,0.827,0.2799,0.2755,0.4238,0.4526,0.5195,0.0126,0.0998,0.9831,2021,5,40,0.383,0.11,13,8.667,9,0
CZ-029,collique,-11.931538,-77.065314,16778,0.827,0.2799,0.2755,0.4238,0.4526,0.5195,0.0126,0.0998,0.9831,2021,6,41,0.4046,0.0,9,9.333,2,0
CZ-029,collique,-11.931538,-77.065314,16778,0.827,0.2799,0.2755,0.4238,0.4526,0.5195,0.0126,0.0998,0.9831,2021,7,42,0.5379,0.07,6,9.333,0,1
CZ-029,collique,-11.931538,-77.065314,16778,0.827,0.2799,0.2755,0.4238,0.4526,0.5195,0.0126,0.0998,0.9831,2021,8,43,0.4405,-0.1905,6,7.0,-7,0
CZ-029,collique,-11.931538,-77.065314,16778,0.827,0.2799,0.2755,0.4238,0.4526,0.5195,0.0126,0.0998,0.9831,2021,9,44,0.4121,-0.22,13,8.333,4,0
CZ-029,collique,-11.931538,-77.065314,16778,0.827,0.2799,0.2755,0.4238,0.4526,0.5195,0.0126,0.0998,0.9831,2021,10,45,0.3822,-0.1905,8,9.0,2,0
CZ-029,collique,-11.931538,-77.065314,16778,0.827,0.2799,0.2755,0.4238,0.4526,0.5195,0.0126,0.0998,0.9831,2021,11,46,0.2871,-0.11,6,9.0,0,1
CZ-029,collique,-11.931538,-77.065314,16778,0.827,0.2799,0.2755,0.4238,0.4526,0.5195,0.0126,0.0998,0.9831,2021,12,47,0.4842,0.18,5,6.333,-8,1
CZ-029,collique,-11.931538,-77.065314,16778,0.827,0.2799,0.2755,0.4238,0.4526,0.5195,0.0126,0.0998,0.9831,2022,1,48,0.3547,0.11,15,8.667,7,1
CZ-029,collique,-11.931538,-77.065314,16778,0.827,0.2799,0.2755,0.4238,0.4526,0.5195,0.0126,0.0998,0.9831,2022,2,49,0.5114,0.1905,10,10.0,4,1
CZ-029,collique,-11.931538,-77.065314,16778,0.827,0.2799,0.2755,0.4238,0.4526,0.5195,0.0126,0.0998,0.9831,2022,3,50,0.3694,0.22,20,15.0,15,1
CZ-029,collique,-11.931538,-77.065314,16778,0.827,0.2799,0.2755,0.4238,0.4526,0.5195,0.0126,0.0998,0.9831,2022,4,51,0.4268,0.1905,10,13.333,-5,1
CZ-029,collique,-11.931538,-77.065314,16778,0.827,0.2799,0.2755,0.4238,0.4526,0.5195,0.0126,0.0998,0.9831,2022,5,52,0.3837,0.11,9,13.0,-1,1
CZ-029,collique,-11.931538,-77.065314,16778,0.827,0.2799,0.2755,0.4238,0.4526,0.5195,0.0126,0.0998,0.9831,2022,6,53,0.3797,0.0,14,11.0,-6,0
CZ-029,collique,-11.931538,-77.065314,16778,0.827,0.2799,0.2755,0.4238,0.4526,0.5195,0.0126,0.0998,0.9831,2022,7,54,0.5059,0.07,9,10.667,-1,0
CZ-029,collique,-11.931538,-77.065314,16778,0.827,0.2799,0.2755,0.4238,0.4526,0.5195,0.0126,0.0998,0.9831,2022,8,55,0.3431,-0.1905,8,10.333,-1,1
CZ-029,collique,-11.931538,-77.065314,16778,0.827,0.2799,0.2755,0.4238,0.4526,0.5195,0.0126,0.0998,0.9831,2022,9,56,0.4003,-0.22,6,7.667,-8,0
CZ-029,collique,-11.931538,-77.065314,16778,0.827,0.2799,0.2755,0.4238,0.4526,0.5195,0.0126,0.0998,0.9831,2022,10,57,0.42,-0.1905,9,7.667,0,0
CZ-029,collique,-11.931538,-77.065314,16778,0.827,0.2799,0.2755,0.4238,0.4526,0.5195,0.0126,0.0998,0.9831,2022,11,58,0.3359,-0.11,6,7.0,-2,1
CZ-029,collique,-11.931538,-77.065314,16778,0.827,0.2799,0.2755,0.4238,0.4526,0.5195,0.0126,0.0998,0.9831,2022,12,59,0.5678,0.18,8,7.667,2,1
CZ-029,collique,-11.931538,-77.065314,16778,0.827,0.2799,0.2755,0.4238,0.4526,0.5195,0.0126,0.0998,0.9831,2023,1,60,0.3133,0.11,13,9.0,4,1
CZ-029,collique,-11.931538,-77.065314,16778,0.827,0.2799,0.2755,0.4238,0.4526,0.5195,0.0126,0.0998,0.9831,2023,2,61,0.4157,0.1905,13,11.333,7,1
CZ-029,collique,-11.931538,-77.065314,16778,0.827,0.2799,0.2755,0.4238,0.4526,0.5195,0.0126,0.0998,0.9831,2023,3,62,0.4215,0.22,9,11.667,1,0
CZ-029,collique,-11.931538,-77.065314,16778,0.827,0.2799,0.2755,0.4238,0.4526,0.5195,0.0126,0.0998,0.9831,2023,4,63,0.3537,0.1905,10,10.667,-3,0
CZ-029,collique,-11.931538,-77.065314,16778,0.827,0.2799,0.2755,0.4238,0.4526,0.5195,0.0126,0.0998,0.9831,2023,5,64,0.443,0.11,7,8.667,-6,0
CZ-029,collique,-11.931538,-77.065314,16778,0.827,0.2799,0.2755,0.4238,0.4526,0.5195,0.0126,0.0998,0.9831,2023,6,65,0.331,0.0,7,8.0,-2,1
CZ-029,collique,-11.931538,-77.065314,16778,0.827,0.2799,0.2755,0.4238,0.4526,0.5195,0.0126,0.0998,0.9831,2023,7,66,0.6123,0.07,4,6.0,-6,0
CZ-029,collique,-11.931538,-77.065314,16778,0.827,0.2799,0.2755,0.4238,0.4526,0.5195,0.0126,0.0998,0.9831,2023,8,67,0.3463,-0.1905,10,7.0,3,0
CZ-029,collique,-11.931538,-77.065314,16778,0.827,0.2799,0.2755,0.4238,0.4526,0.5195,0.0126,0.0998,0.9831,2023,9,68,0.4034,-0.22,5,6.333,-2,1
CZ-029,collique,-11.931538,-77.065314,16778,0.827,0.2799,0.2755,0.4238,0.4526,0.5195,0.0126,0.0998,0.9831,2023,10,69,0.3792,-0.1905,8,7.667,4,1
CZ-029,collique,-11.931538,-77.065314,16778,0.827,0.2799,0.2755,0.4238,0.4526,0.5195,0.0126,0.0998,0.9831,2023,11,70,0.4486,-0.11,11,8.0,1,1
CZ-029,collique,-11.931538,-77.065314,16778,0.827,0.2799,0.2755,0.4238,0.4526,0.5195,0.0126,0.0998,0.9831,2023,12,71,0.4353,0.18,10,9.667,5,1
CZ-029,collique,-11.931538,-77.065314,16778,0.827,0.2799,0.2755,0.4238,0.4526,0.5195,0.0126,0.0998,0.9831,2024,1,72,0.3211,0.11,12,11.0,4,1
CZ-029,collique,-11.931538,-77.065314,16778,0.827,0.2799,0.2755,0.4238,0.4526,0.5195,0.0126,0.0998,0.9831,2024,2,73,0.4026,0.1905,12,11.333,1,0
CZ-029,collique,-11.931538,-77.065314,16778,0.827,0.2799,0.2755,0.4238,0.4526,0.5195,0.0126,0.0998,0.9831,2024,3,74,0.3644,0.22,15,13.0,5,1
CZ-029,collique,-11.931538,-77.065314,16778,0.827,0.2799,0.2755,0.4238,0.4526,0.5195,0.0126,0.0998,0.9831,2024,4,75,0.3449,0.1905,8,11.667,-4,1
CZ-029,collique,-11.931538,-77.065314,16778,0.827,0.2799,0.2755,0.4238,0.4526,0.5195,0.0126,0.0998,0.9831,2024,5,76,0.5114,0.11,13,12.0,1,1
CZ-029,collique,-11.931538,-77.065314,16778,0.827,0.2799,0.2755,0.4238,0.4526,0.5195,0.0126,0.0998,0.9831,2024,6,77,0.4767,0.0,15,12.0,0,1
CZ-029,collique,-11.931538,-77.065314,16778,0.827,0.2799,0.2755,0.4238,0.4526,0.5195,0.0126,0.0998,0.9831,2024,7,78,0.4019,0.07,12,13.333,4,0
CZ-029,collique,-11.931538,-77.065314,16778,0.827,0.2799,0.2755,0.4238,0.4526,0.5195,0.0126,0.0998,0.9831,2024,8,79,0.4134,-0.1905,10,12.333,-3,1
CZ-029,collique,-11.931538,-77.065314,16778,0.827,0.2799,0.2755,0.4238,0.4526,0.5195,0.0126,0.0998,0.9831,2024,9,80,0.4028,-0.22,8,10.0,-7,1
CZ-029,collique,-11.931538,-77.065314,16778,0.827,0.2799,0.2755,0.4238,0.4526,0.5195,0.0126,0.0998,0.9831,2024,10,81,0.4373,-0.1905,10,9.333,-2,1
CZ-029,collique,-11.931538,-77.065314,16778,0.827,0.2799,0.2755,0.4238,0.4526,0.5195,0.0126,0.0998,0.9831,2024,11,82,0.3599,-0.11,12,10.0,2,1
CZ-029,collique,-11.931538,-77.065314,16778,0.827,0.2799,0.2755,0.4238,0.4526,0.5195,0.0126,0.0998,0.9831,2024,12,83,0.4155,0.18,14,12.0,6,1
CZ-029,collique,-11.931538,-77.065314,16778,0.827,0.2799,0.2755,0.4238,0.4526,0.5195,0.0126,0.0998,0.9831,2025,1,84,0.4091,0.11,12,12.667,2,1
CZ-029,collique,-11.931538,-77.065314,16778,0.827,0.2799,0.2755,0.4238,0.4526,0.5195,0.0126,0.0998,0.9831,2025,2,85,0.4074,0.1905,12,12.667,0,1
CZ-029,collique,-11.931538,-77.065314,16778,0.827,0.2799,0.2755,0.4238,0.4526,0.5195,0.0126,0.0998,0.9831,2025,3,86,0.3976,0.22,12,12.0,-2,1
CZ-029,collique,-11.931538,-77.065314,16778,0.827,0.2799,0.2755,0.4238,0.4526,0.5195,0.0126,0.0998,0.9831,2025,4,87,0.419,0.1905,10,11.333,-2,0
CZ-029,collique,-11.931538,-77.065314,16778,0.827,0.2799,0.2755,0.4238,0.4526,0.5195,0.0126,0.0998,0.9831,2025,5,88,0.4367,0.11,12,11.333,0,0
CZ-029,collique,-11.931538,-77.065314,16778,0.827,0.2799,0.2755,0.4238,0.4526,0.5195,0.0126,0.0998,0.9831,2025,6,89,0.3624,0.0,8,10.0,-4,1
CZ-029,collique,-11.931538,-77.065314,16778,0.827,0.2799,0.2755,0.4238,0.4526,0.5195,0.0126,0.0998,0.9831,2025,7,90,0.4606,0.07,7,9.0,-3,0
CZ-029,collique,-11.931538,-77.065314,16778,0.827,0.2799,0.2755,0.4238,0.4526,0.5195,0.0126,0.0998,0.9831,2025,8,91,0.4057,-0.1905,13,9.333,1,0
CZ-029,collique,-11.931538,-77.065314,16778,0.827,0.2799,0.2755,0.4238,0.4526,0.5195,0.0126,0.0998,0.9831,2025,9,92,0.4773,-0.22,7,9.0,-1,1
CZ-029,collique,-11.931538,-77.065314,16778,0.827,0.2799,0.2755,0.4238,0.4526,0.5195,0.0126,0.0998,0.9831,2025,10,93,0.3562,-0.1905,6,8.667,-1,0
CZ-029,collique,-11.931538,-77.065314,16778,0.827,0.2799,0.2755,0.4238,0.4526,0.5195,0.0126,0.0998,0.9831,2025,11,94,0.4128,-0.11,16,9.667,3,0
CZ-030,tahuantinsuyo,-11.936423,-77.03884,15232,0.5376,0.229,0.5927,0.6503,0.2569,0.7777,0.1407,0.3539,0.3305,2018,5,4,0.5299,0.11,2,3.333,-1,0
CZ-030,tahuantinsuyo,-11.936423,-77.03884,15232,0.5376,0.229,0.5927,0.6503,0.2569,0.7777,0.1407,0.3539,0.3305,2018,6,5,0.4671,0.0,3,3.333,0,0
CZ-030,tahuantinsuyo,-11.936423,-77.03884,15232,0.5376,0.229,0.5927,0.6503,0.2569,0.7777,0.1407,0.3539,0.3305,2018,7,6,0.4429,0.07,2,2.333,-3,0
CZ-030,tahuantinsuyo,-11.936423,-77.03884,15232,0.5376,0.229,0.5927,0.6503,0.2569,0.7777,0.1407,0.3539,0.3305,2018,8,7,0.4345,-0.1905,5,3.333,3,0
CZ-030,tahuantinsuyo,-11.936423,-77.03884,15232,0.5376,0.229,0.5927,0.6503,0.2569,0.7777,0.1407,0.3539,0.3305,2018,9,8,0.4627,-0.22,4,3.667,1,0
CZ-030,tahuantinsuyo,-11.936423,-77.03884,15232,0.5376,0.229,0.5927,0.6503,0.2569,0.7777,0.1407,0.3539,0.3305,2018,10,9,0.4119,-0.1905,0,3.0,-2,0
CZ-030,tahuantinsuyo,-11.936423,-77.03884,15232,0.5376,0.229,0.5927,0.6503,0.2569,0.7777,0.1407,0.3539,0.3305,2018,11,10,0.5175,-0.11,1,1.667,-4,0
CZ-030,tahuantinsuyo,-11.936423,-77.03884,15232,0.5376,0.229,0.5927,0.6503,0.2569,0.7777,0.1407,0.3539,0.3305,2018,12,11,0.5989,0.18,2,1.0,-2,0
CZ-030,tahuantinsuyo,-11.936423,-77.03884,15232,0.5376,0.229,0.5927,0.6503,0.2569,0.7777,0.1407,0.3539,0.3305,2019,1,12,0.4434,0.11,1,1.333,1,0
CZ-030,tahuantinsuyo,-11.936423,-77.03884,15232,0.5376,0.229,0.5927,0.6503,0.2569,0.7777,0.1407,0.3539,0.3305,2019,2,13,0.542,0.1905,3,2.0,2,0
CZ-030,tahuantinsuyo,-11.936423,-77.03884,15232,0.5376,0.229,0.5927,0.6503,0.2569,0.7777,0.1407,0.3539,0.3305,2019,3,14,0.5096,0.22,6,3.333,4,0
CZ-030,tahuantinsuyo,-11.936423,-77.03884,15232,0.5376,0.229,0.5927,0.6503,0.2569,0.7777,0.1407,0.3539,0.3305,2019,4,15,0.5274,0.1905,2,3.667,1,0
CZ-030,tahuantinsuyo,-11.936423,-77.03884,15232,0.5376,0.229,0.5927,0.6503,0.2569,0.7777,0.1407,0.3539,0.3305,2019,5,16,0.5601,0.11,4,4.0,1,0
CZ-030,tahuantinsuyo,-11.936423,-77.03884,15232,0.5376,0.229,0.5927,0.6503,0.2569,0.7777,0.1407,0.3539,0.3305,2019,6,17,0.5355,0.0,2,2.667,-4,0
CZ-030,tahuantinsuyo,-11.936423,-77.03884,15232,0.5376,0.229,0.5927,0.6503,0.2569,0.7777,0.1407,0.3539,0.3305,2019,7,18,0.5373,0.07,3,3.0,1,0
CZ-030,tahuantinsuyo,-11.936423,-77.03884,15232,0.5376,0.229,0.5927,0.6503,0.2569,0.7777,0.1407,0.3539,0.3305,2019,8,19,0.4781,-0.1905,3,2.667,-1,0
CZ-030,tahuantinsuyo,-11.936423,-77.03884,15232,0.5376,0.229,0.5927,0.6503,0.2569,0.7777,0.1407,0.3539,0.3305,2019,9,20,0.421,-0.22,4,3.333,2,0
CZ-030,tahuantinsuyo,-11.936423,-77.03884,15232,0.5376,0.229,0.5927,0.6503,0.2569,0.7777,0.1407,0.3539,0.3305,2019,10,21,0.414,-0.1905,3,3.333,0,0
CZ-030,tahuantinsuyo,-11.936423,-77.03884,15232,0.5376,0.229,0.5927,0.6503,0.2569,0.7777,0.1407,0.3539,0.3305,2019,11,22,0.4857,-0.11,0,2.333,-3,0
CZ-030,tahuantinsuyo,-11.936423,-77.03884,15232,0.5376,0.229,0.5927,0.6503,0.2569,0.7777,0.1407,0.3539,0.3305,2019,12,23,0.5945,0.18,2,1.667,-2,0
CZ-030,tahuantinsuyo,-11.936423,-77.03884,15232,0.5376,0.229,0.5927,0.6503,0.2569,0.7777,0.1407,0.3539,0.3305,2020,1,24,0.4854,0.11,6,2.667,3,0
CZ-030,tahuantinsuyo,-11.936423,-77.03884,15232,0.5376,0.229,0.5927,0.6503,0.2569,0.7777,0.1407,0.3539,0.3305,2020,2,25,0.4706,0.1905,7,5.0,7,0
CZ-030,tahuantinsuyo,-11.936423,-77.03884,15232,0.5376,0.229,0.5927,0.6503,0.2569,0.7777,0.1407,0.3539,0.3305,2020,3,26,0.5147,0.22,8,7.0,6,0
CZ-030,tahuantinsuyo,-11.936423,-77.03884,15232,0.5376,0.229,0.5927,0.6503,0.2569,0.7777,0.1407,0.3539,0.3305,2020,4,27,0.4791,0.1905,4,6.333,-2,0
CZ-030,tahuantinsuyo,-11.936423,-77.03884,15232,0.5376,0.229,0.5927,0.6503,0.2569,0.7777,0.1407,0.3539,0.3305,2020,5,28,0.4588,0.11,2,4.667,-5,0
CZ-030,tahuantinsuyo,-11.936423,-77.03884,15232,0.5376,0.229,0.5927,0.6503,0.2569,0.7777,0.1407,0.3539,0.3305,2020,6,29,0.552,0.0,3,3.0,-5,0
CZ-030,tahuantinsuyo,-11.936423,-77.03884,15232,0.5376,0.229,0.5927,0.6503,0.2569,0.7777,0.1407,0.3539,0.3305,2020,7,30,0.5695,0.07,4,3.0,0,0
CZ-030,tahuantinsuyo,-11.936423,-77.03884,15232,0.5376,0.229,0.5927,0.6503,0.2569,0.7777,0.1407,0.3539,0.3305,2020,8,31,0.5666,-0.1905,5,4.0,3,0
CZ-030,tahuantinsuyo,-11.936423,-77.03884,15232,0.5376,0.229,0.5927,0.6503,0.2569,0.7777,0.1407,0.3539,0.3305,2020,9,32,0.482,-0.22,6,5.0,3,0
CZ-030,tahuantinsuyo,-11.936423,-77.03884,15232,0.5376,0.229,0.5927,0.6503,0.2569,0.7777,0.1407,0.3539,0.3305,2020,10,33,0.5384,-0.1905,3,4.667,-1,0
CZ-030,tahuantinsuyo,-11.936423,-77.03884,15232,0.5376,0.229,0.5927,0.6503,0.2569,0.7777,0.1407,0.3539,0.3305,2020,11,34,0.4763,-0.11,3,4.0,-2,0
CZ-030,tahuantinsuyo,-11.936423,-77.03884,15232,0.5376,0.229,0.5927,0.6503,0.2569,0.7777,0.1407,0.3539,0.3305,2020,12,35,0.5239,0.18,5,3.667,-1,0
CZ-030,tahuantinsuyo,-11.936423,-77.03884,15232,0.5376,0.229,0.5927,0.6503,0.2569,0.7777,0.1407,0.3539,0.3305,2021,1,36,0.527,0.11,6,4.667,3,0
CZ-030,tahuantinsuyo,-11.936423,-77.03884,15232,0.5376,0.229,0.5927,0.6503,0.2569,0.7777,0.1407,0.3539,0.3305,2021,2,37,0.4081,0.1905,7,6.0,4,0
CZ-030,tahuantinsuyo,-11.936423,-77.03884,15232,0.5376,0.229,0.5927,0.6503,0.2569,0.7777,0.1407,0.3539,0.3305,2021,3,38,0.4774,0.22,5,6.0,0,0
CZ-030,tahuantinsuyo,-11.936423,-77.03884,15232,0.5376,0.229,0.5927,0.6503,0.2569,0.7777,0.1407,0.3539,0.3305,2021,4,39,0.3882,0.1905,6,6.0,0,0
CZ-030,tahuantinsuyo,-11.936423,-77.03884,15232,0.5376,0.229,0.5927,0.6503,0.2569,0.7777,0.1407,0.3539,0.3305,2021,5,40,0.4628,0.11,4,5.0,-3,0
CZ-030,tahuantinsuyo,-11.936423,-77.03884,15232,0.5376,0.229,0.5927,0.6503,0.2569,0.7777,0.1407,0.3539,0.3305,2021,6,41,0.4126,0.0,5,5.0,0,0
CZ-030,tahuantinsuyo,-11.936423,-77.03884,15232,0.5376,0.229,0.5927,0.6503,0.2569,0.7777,0.1407,0.3539,0.3305,2021,7,42,0.4583,0.07,4,4.333,-2,0
CZ-030,tahuantinsuyo,-11.936423,-77.03884,15232,0.5376,0.229,0.5927,0.6503,0.2569,0.7777,0.1407,0.3539,0.3305,2021,8,43,0.4428,-0.1905,3,4.0,-1,0
CZ-030,tahuantinsuyo,-11.936423,-77.03884,15232,0.5376,0.229,0.5927,0.6503,0.2569,0.7777,0.1407,0.3539,0.3305,2021,9,44,0.4898,-0.22,3,3.333,-2,0
CZ-030,tahuantinsuyo,-11.936423,-77.03884,15232,0.5376,0.229,0.5927,0.6503,0.2569,0.7777,0.1407,0.3539,0.3305,2021,10,45,0.4511,-0.1905,0,2.0,-4,0
CZ-030,tahuantinsuyo,-11.936423,-77.03884,15232,0.5376,0.229,0.5927,0.6503,0.2569,0.7777,0.1407,0.3539,0.3305,2021,11,46,0.3788,-0.11,3,2.0,0,0
CZ-030,tahuantinsuyo,-11.936423,-77.03884,15232,0.5376,0.229,0.5927,0.6503,0.2569,0.7777,0.1407,0.3539,0.3305,2021,12,47,0.4523,0.18,2,1.667,-1,0
CZ-030,tahuantinsuyo,-11.936423,-77.03884,15232,0.5376,0.229,0.5927,0.6503,0.2569,0.7777,0.1407,0.3539,0.3305,2022,1,48,0.4289,0.11,4,3.0,4,0
CZ-030,tahuantinsuyo,-11.936423,-77.03884,15232,0.5376,0.229,0.5927,0.6503,0.2569,0.7777,0.1407,0.3539,0.3305,2022,2,49,0.4738,0.1905,6,4.0,3,0
CZ-030,tahuantinsuyo,-11.936423,-77.03884,15232,0.5376,0.229,0.5927,0.6503,0.2569,0.7777,0.1407,0.3539,0.3305,2022,3,50,0.4731,0.22,6,5.333,4,0
CZ-030,tahuantinsuyo,-11.936423,-77.03884,15232,0.5376,0.229,0.5927,0.6503,0.2569,0.7777,0.1407,0.3539,0.3305,2022,4,51,0.4965,0.1905,3,5.0,-1,0
CZ-030,tahuantinsuyo,-11.936423,-77.03884,15232,0.5376,0.229,0.5927,0.6503,0.2569,0.7777,0.1407,0.3539,0.3305,2022,5,52,0.4491,0.11,3,4.0,-3,0
CZ-030,tahuantinsuyo,-11.936423,-77.03884,15232,0.5376,0.229,0.5927,0.6503,0.2569,0.7777,0.1407,0.3539,0.3305,2022,6,53,0.5036,0.0,3,3.0,-3,0
CZ-030,tahuantinsuyo,-11.936423,-77.03884,15232,0.5376,0.229,0.5927,0.6503,0.2569,0.7777,0.1407,0.3539,0.3305,2022,7,54,0.5317,0.07,3,3.0,0,0
CZ-030,tahuantinsuyo,-11.936423,-77.03884,15232,0.5376,0.229,0.5927,0.6503,0.2569,0.7777,0.1407,0.3539,0.3305,2022,8,55,0.4512,-0.1905,0,2.0,-3,0
CZ-030,tahuantinsuyo,-11.936423,-77.03884,15232,0.5376,0.229,0.5927,0.6503,0.2569,0.7777,0.1407,0.3539,0.3305,2022,9,56,0.4419,-0.22,6,3.0,3,0
CZ-030,tahuantinsuyo,-11.936423,-77.03884,15232,0.5376,0.229,0.5927,0.6503,0.2569,0.7777,0.1407,0.3539,0.3305,2022,10,57,0.433,-0.1905,5,3.667,2,0
CZ-030,tahuantinsuyo,-11.936423,-77.03884,15232,0.5376,0.229,0.5927,0.6503,0.2569,0.7777,0.1407,0.3539,0.3305,2022,11,58,0.4397,-0.11,4,5.0,4,0
CZ-030,tahuantinsuyo,-11.936423,-77.03884,15232,0.5376,0.229,0.5927,0.6503,0.2569,0.7777,0.1407,0.3539,0.3305,2022,12,59,0.4614,0.18,2,3.667,-4,0
CZ-030,tahuantinsuyo,-11.936423,-77.03884,15232,0.5376,0.229,0.5927,0.6503,0.2569,0.7777,0.1407,0.3539,0.3305,2023,1,60,0.471,0.11,2,2.667,-3,0
CZ-030,tahuantinsuyo,-11.936423,-77.03884,15232,0.5376,0.229,0.5927,0.6503,0.2569,0.7777,0.1407,0.3539,0.3305,2023,2,61,0.5008,0.1905,5,3.0,1,0
CZ-030,tahuantinsuyo,-11.936423,-77.03884,15232,0.5376,0.229,0.5927,0.6503,0.2569,0.7777,0.1407,0.3539,0.3305,2023,3,62,0.4479,0.22,5,4.0,3,0
CZ-030,tahuantinsuyo,-11.936423,-77.03884,15232,0.5376,0.229,0.5927,0.6503,0.2569,0.7777,0.1407,0.3539,0.3305,2023,4,63,0.4595,0.1905,7,5.667,5,0
CZ-030,tahuantinsuyo,-11.936423,-77.03884,15232,0.5376,0.229,0.5927,0.6503,0.2569,0.7777,0.1407,0.3539,0.3305,2023,5,64,0.4166,0.11,2,4.667,-3,0
CZ-030,tahuantinsuyo,-11.936423,-77.03884,15232,0.5376,0.229,0.5927,0.6503,0.2569,0.7777,0.1407,0.3539,0.3305,2023,6,65,0.4727,0.0,2,3.667,-3,0
CZ-030,tahuantinsuyo,-11.936423,-77.03884,15232,0.5376,0.229,0.5927,0.6503,0.2569,0.7777,0.1407,0.3539,0.3305,2023,7,66,0.5477,0.07,3,2.333,-4,0
CZ-030,tahuantinsuyo,-11.936423,-77.03884,15232,0.5376,0.229,0.5927,0.6503,0.2569,0.7777,0.1407,0.3539,0.3305,2023,8,67,0.5277,-0.1905,7,4.0,5,0
CZ-030,tahuantinsuyo,-11.936423,-77.03884,15232,0.5376,0.229,0.5927,0.6503,0.2569,0.7777,0.1407,0.3539,0.3305,2023,9,68,0.4607,-0.22,4,4.667,2,0
CZ-030,tahuantinsuyo,-11.936423,-77.03884,15232,0.5376,0.229,0.5927,0.6503,0.2569,0.7777,0.1407,0.3539,0.3305,2023,10,69,0.3754,-0.1905,5,5.333,2,0
CZ-030,tahuantinsuyo,-11.936423,-77.03884,15232,0.5376,0.229,0.5927,0.6503,0.2569,0.7777,0.1407,0.3539,0.3305,2023,11,70,0.4593,-0.11,2,3.667,-5,0
CZ-030,tahuantinsuyo,-11.936423,-77.03884,15232,0.5376,0.229,0.5927,0.6503,0.2569,0.7777,0.1407,0.3539,0.3305,2023,12,71,0.4358,0.18,1,2.667,-3,0
CZ-030,tahuantinsuyo,-11.936423,-77.03884,15232,0.5376,0.229,0.5927,0.6503,0.2569,0.7777,0.1407,0.3539,0.3305,2024,1,72,0.4502,0.11,4,2.333,-1,0
CZ-030,tahuantinsuyo,-11.936423,-77.03884,15232,0.5376,0.229,0.5927,0.6503,0.2569,0.7777,0.1407,0.3539,0.3305,2024,2,73,0.4761,0.1905,4,3.0,2,0
CZ-030,tahuantinsuyo,-11.936423,-77.03884,15232,0.5376,0.229,0.5927,0.6503,0.2569,0.7777,0.1407,0.3539,0.3305,2024,3,74,0.5207,0.22,2,3.333,1,0
CZ-030,tahuantinsuyo,-11.936423,-77.03884,15232,0.5376,0.229,0.5927,0.6503,0.2569,0.7777,0.1407,0.3539,0.3305,2024,4,75,0.4925,0.1905,6,4.0,2,0
CZ-030,tahuantinsuyo,-11.936423,-77.03884,15232,0.5376,0.229,0.5927,0.6503,0.2569,0.7777,0.1407,0.3539,0.3305,2024,5,76,0.4918,0.11,3,3.667,-1,0
CZ-030,tahuantinsuyo,-11.936423,-77.03884,15232,0.5376,0.229,0.5927,0.6503,0.2569,0.7777,0.1407,0.3539,0.3305,2024,6,77,0.4961,0.0,7,5.333,5,0
CZ-030,tahuantinsuyo,-11.936423,-77.03884,15232,0.5376,0.229,0.5927,0.6503,0.2569,0.7777,0.1407,0.3539,0.3305,2024,7,78,0.425,0.07,2,4.0,-4,0
CZ-030,tahuantinsuyo,-11.936423,-77.03884,15232,0.5376,0.229,0.5927,0.6503,0.2569,0.7777,0.1407,0.3539,0.3305,2024,8,79,0.4082,-0.1905,4,4.333,1,0
CZ-030,tahuantinsuyo,-11.936423,-77.03884,15232,0.5376,0.229,0.5927,0.6503,0.2569,0.7777,0.1407,0.3539,0.3305,2024,9,80,0.4238,-0.22,5,3.667,-2,0
CZ-030,tahuantinsuyo,-11.936423,-77.03884,15232,0.5376,0.229,0.5927,0.6503,0.2569,0.7777,0.1407,0.3539,0.3305,2024,10,81,0.4333,-0.1905,5,4.667,3,0
CZ-030,tahuantinsuyo,-11.936423,-77.03884,15232,0.5376,0.229,0.5927,0.6503,0.2569,0.7777,0.1407,0.3539,0.3305,2024,11,82,0.44,-0.11,5,5.0,1,0
CZ-030,tahuantinsuyo,-11.936423,-77.03884,15232,0.5376,0.229,0.5927,0.6503,0.2569,0.7777,0.1407,0.3539,0.3305,2024,12,83,0.5214,0.18,3,4.333,-2,0
CZ-030,tahuantinsuyo,-11.936423,-77.03884,15232,0.5376,0.229,0.5927,0.6503,0.2569,0.7777,0.1407,0.3539,0.3305,2025,1,84,0.4947,0.11,2,3.333,-3,1
CZ-030,tahuantinsuyo,-11.936423,-77.03884,15232,0.5376,0.229,0.5927,0.6503,0.2569,0.7777,0.1407,0.3539,0.3305,2025,2,85,0.476,0.1905,6,3.667,1,0
CZ-030,tahuantinsuyo,-11.936423,-77.03884,15232,0.5376,0.229,0.5927,0.6503,0.2569,0.7777,0.1407,0.3539,0.3305,2025,3,86,0.4309,0.22,9,5.667,6,0
CZ-030,tahuantinsuyo,-11.936423,-77.03884,15232,0.5376,0.229,0.5927,0.6503,0.2569,0.7777,0.1407,0.3539,0.3305,2025,4,87,0.43,0.1905,5,6.667,3,1
CZ-030,tahuantinsuyo,-11.936423,-77.03884,15232,0.5376,0.229,0.5927,0.6503,0.2569,0.7777,0.1407,0.3539,0.3305,2025,5,88,0.4648,0.11,8,7.333,2,0
CZ-030,tahuantinsuyo,-11.936423,-77.03884,15232,0.5376,0.229,0.5927,0.6503,0.2569,0.7777,0.1407,0.3539,0.3305,2025,6,89,0.4266,0.0,9,7.333,0,0
CZ-030,tahuantinsuyo,-11.936423,-77.03884,15232,0.5376,0.229,0.5927,0.6503,0.2569,0.7777,0.1407,0.3539,0.3305,2025,7,90,0.4647,0.07,7,8.0,2,0
CZ-030,tahuantinsuyo,-11.936423,-77.03884,15232,0.5376,0.229,0.5927,0.6503,0.2569,0.7777,0.1407,0.3539,0.3305,2025,8,91,0.4461,-0.1905,4,6.667,-4,0
CZ-030,tahuantinsuyo,-11.936423,-77.03884,15232,0.5376,0.229,0.5927,0.6503,0.2569,0.7777,0.1407,0.3539,0.3305,2025,9,92,0.4424,-0.22,3,4.667,-6,0
CZ-030,tahuantinsuyo,-11.936423,-77.03884,15232,0.5376,0.229,0.5927,0.6503,0.2569,0.7777,0.1407,0.3539,0.3305,2025,10,93,0.4753,-0.1905,6,4.333,-1,0
CZ-030,tahuantinsuyo,-11.936423,-77.03884,15232,0.5376,0.229,0.5927,0.6503,0.2569,0.7777,0.1407,0.3539,0.3305,2025,11,94,0.4517,-0.11,5,4.667,1,0
CZ-031,santa_luzmila,-11.942387,-77.03411,13686,0.2843,0.1672,0.7154,0.6028,0.4791,0.7217,0.3103,0.3952,0.6847,2018,5,4,0.4615,0.11,5,8.0,2,0
CZ-031,santa_luzmila,-11.942387,-77.03411,13686,0.2843,0.1672,0.7154,0.6028,0.4791,0.7217,0.3103,0.3952,0.6847,2018,6,5,0.5053,0.0,5,7.667,-1,0
CZ-031,santa_luzmila,-11.942387,-77.03411,13686,0.2843,0.1672,0.7154,0.6028,0.4791,0.7217,0.3103,0.3952,0.6847,2018,7,6,0.536,0.07,4,4.667,-9,0
CZ-031,santa_luzmila,-11.942387,-77.03411,13686,0.2843,0.1672,0.7154,0.6028,0.4791,0.7217,0.3103,0.3952,0.6847,2018,8,7,0.4256,-0.1905,5,4.667,0,0
CZ-031,santa_luzmila,-11.942387,-77.03411,13686,0.2843,0.1672,0.7154,0.6028,0.4791,0.7217,0.3103,0.3952,0.6847,2018,9,8,0.6023,-0.22,3,4.0,-2,0
CZ-031,santa_luzmila,-11.942387,-77.03411,13686,0.2843,0.1672,0.7154,0.6028,0.4791,0.7217,0.3103,0.3952,0.6847,2018,10,9,0.5083,-0.1905,7,5.0,3,0
CZ-031,santa_luzmila,-11.942387,-77.03411,13686,0.2843,0.1672,0.7154,0.6028,0.4791,0.7217,0.3103,0.3952,0.6847,2018,11,10,0.5165,-0.11,3,4.333,-2,0
CZ-031,santa_luzmila,-11.942387,-77.03411,13686,0.2843,0.1672,0.7154,0.6028,0.4791,0.7217,0.3103,0.3952,0.6847,2018,12,11,0.6064,0.18,6,5.333,3,0
CZ-031,santa_luzmila,-11.942387,-77.03411,13686,0.2843,0.1672,0.7154,0.6028,0.4791,0.7217,0.3103,0.3952,0.6847,2019,1,12,0.5208,0.11,4,4.333,-3,0
CZ-031,santa_luzmila,-11.942387,-77.03411,13686,0.2843,0.1672,0.7154,0.6028,0.4791,0.7217,0.3103,0.3952,0.6847,2019,2,13,0.4579,0.1905,7,5.667,4,0
CZ-031,santa_luzmila,-11.942387,-77.03411,13686,0.2843,0.1672,0.7154,0.6028,0.4791,0.7217,0.3103,0.3952,0.6847,2019,3,14,0.5737,0.22,6,5.667,0,1
CZ-031,santa_luzmila,-11.942387,-77.03411,13686,0.2843,0.1672,0.7154,0.6028,0.4791,0.7217,0.3103,0.3952,0.6847,2019,4,15,0.6083,0.1905,7,6.667,3,1
CZ-031,santa_luzmila,-11.942387,-77.03411,13686,0.2843,0.1672,0.7154,0.6028,0.4791,0.7217,0.3103,0.3952,0.6847,2019,5,16,0.398,0.11,15,9.333,8,0
CZ-031,santa_luzmila,-11.942387,-77.03411,13686,0.2843,0.1672,0.7154,0.6028,0.4791,0.7217,0.3103,0.3952,0.6847,2019,6,17,0.5052,0.0,9,10.333,3,0
CZ-031,santa_luzmila,-11.942387,-77.03411,13686,0.2843,0.1672,0.7154,0.6028,0.4791,0.7217,0.3103,0.3952,0.6847,2019,7,18,0.5502,0.07,3,9.0,-4,0
CZ-031,santa_luzmila,-11.942387,-77.03411,13686,0.2843,0.1672,0.7154,0.6028,0.4791,0.7217,0.3103,0.3952,0.6847,2019,8,19,0.4389,-0.1905,3,5.0,-12,0
CZ-031,santa_luzmila,-11.942387,-77.03411,13686,0.2843,0.1672,0.7154,0.6028,0.4791,0.7217,0.3103,0.3952,0.6847,2019,9,20,0.5152,-0.22,3,3.0,-6,0
CZ-031,santa_luzmila,-11.942387,-77.03411,13686,0.2843,0.1672,0.7154,0.6028,0.4791,0.7217,0.3103,0.3952,0.6847,2019,10,21,0.4647,-0.1905,3,3.0,0,0
CZ-031,santa_luzmila,-11.942387,-77.03411,13686,0.2843,0.1672,0.7154,0.6028,0.4791,0.7217,0.3103,0.3952,0.6847,2019,11,22,0.5347,-0.11,2,2.667,-1,1
CZ-031,santa_luzmila,-11.942387,-77.03411,13686,0.2843,0.1672,0.7154,0.6028,0.4791,0.7217,0.3103,0.3952,0.6847,2019,12,23,0.6587,0.18,4,3.0,1,0
CZ-031,santa_luzmila,-11.942387,-77.03411,13686,0.2843,0.1672,0.7154,0.6028,0.4791,0.7217,0.3103,0.3952,0.6847,2020,1,24,0.5685,0.11,11,5.667,8,0
CZ-031,santa_luzmila,-11.942387,-77.03411,13686,0.2843,0.1672,0.7154,0.6028,0.4791,0.7217,0.3103,0.3952,0.6847,2020,2,25,0.526,0.1905,6,7.0,4,1
CZ-031,santa_luzmila,-11.942387,-77.03411,13686,0.2843,0.1672,0.7154,0.6028,0.4791,0.7217,0.3103,0.3952,0.6847,2020,3,26,0.4832,0.22,6,7.667,2,0
CZ-031,santa_luzmila,-11.942387,-77.03411,13686,0.2843,0.1672,0.7154,0.6028,0.4791,0.7217,0.3103,0.3952,0.6847,2020,4,27,0.5147,0.1905,9,7.0,-2,0
CZ-031,santa_luzmila,-11.942387,-77.03411,13686,0.2843,0.1672,0.7154,0.6028,0.4791,0.7217,0.3103,0.3952,0.6847,2020,5,28,0.4555,0.11,6,7.0,0,0
CZ-031,santa_luzmila,-11.942387,-77.03411,13686,0.2843,0.1672,0.7154,0.6028,0.4791,0.7217,0.3103,0.3952,0.6847,2020,6,29,0.5315,0.0,3,6.0,-3,0
CZ-031,santa_luzmila,-11.942387,-77.03411,13686,0.2843,0.1672,0.7154,0.6028,0.4791,0.7217,0.3103,0.3952,0.6847,2020,7,30,0.4922,0.07,4,4.333,-5,0
CZ-031,santa_luzmila,-11.942387,-77.03411,13686,0.2843,0.1672,0.7154,0.6028,0.4791,0.7217,0.3103,0.3952,0.6847,2020,8,31,0.4934,-0.1905,6,4.333,0,0
CZ-031,santa_luzmila,-11.942387,-77.03411,13686,0.2843,0.1672,0.7154,0.6028,0.4791,0.7217,0.3103,0.3952,0.6847,2020,9,32,0.451,-0.22,4,4.667,1,0
CZ-031,santa_luzmila,-11.942387,-77.03411,13686,0.2843,0.1672,0.7154,0.6028,0.4791,0.7217,0.3103,0.3952,0.6847,2020,10,33,0.5669,-0.1905,6,5.333,2,0
CZ-031,santa_luzmila,-11.942387,-77.03411,13686,0.2843,0.1672,0.7154,0.6028,0.4791,0.7217,0.3103,0.3952,0.6847,2020,11,34,0.476,-0.11,5,5.0,-1,1
CZ-031,santa_luzmila,-11.942387,-77.03411,13686,0.2843,0.1672,0.7154,0.6028,0.4791,0.7217,0.3103,0.3952,0.6847,2020,12,35,0.5929,0.18,3,4.667,-1,0
CZ-031,santa_luzmila,-11.942387,-77.03411,13686,0.2843,0.1672,0.7154,0.6028,0.4791,0.7217,0.3103,0.3952,0.6847,2021,1,36,0.4479,0.11,10,6.0,4,0
CZ-031,santa_luzmila,-11.942387,-77.03411,13686,0.2843,0.1672,0.7154,0.6028,0.4791,0.7217,0.3103,0.3952,0.6847,2021,2,37,0.5362,0.1905,4,5.667,-1,1
CZ-031,santa_luzmila,-11.942387,-77.03411,13686,0.2843,0.1672,0.7154,0.6028,0.4791,0.7217,0.3103,0.3952,0.6847,2021,3,38,0.404,0.22,6,6.667,3,0
CZ-031,santa_luzmila,-11.942387,-77.03411,13686,0.2843,0.1672,0.7154,0.6028,0.4791,0.7217,0.3103,0.3952,0.6847,2021,4,39,0.5626,0.1905,10,6.667,0,1
CZ-031,santa_luzmila,-11.942387,-77.03411,13686,0.2843,0.1672,0.7154,0.6028,0.4791,0.7217,0.3103,0.3952,0.6847,2021,5,40,0.5274,0.11,7,7.667,3,0
CZ-031,santa_luzmila,-11.942387,-77.03411,13686,0.2843,0.1672,0.7154,0.6028,0.4791,0.7217,0.3103,0.3952,0.6847,2021,6,41,0.5075,0.0,10,9.0,4,1
CZ-031,santa_luzmila,-11.942387,-77.03411,13686,0.2843,0.1672,0.7154,0.6028,0.4791,0.7217,0.3103,0.3952,0.6847,2021,7,42,0.5625,0.07,7,8.0,-3,0
CZ-031,santa_luzmila,-11.942387,-77.03411,13686,0.2843,0.1672,0.7154,0.6028,0.4791,0.7217,0.3103,0.3952,0.6847,2021,8,43,0.583,-0.1905,10,9.0,3,1
CZ-031,santa_luzmila,-11.942387,-77.03411,13686,0.2843,0.1672,0.7154,0.6028,0.4791,0.7217,0.3103,0.3952,0.6847,2021,9,44,0.5149,-0.22,4,7.0,-6,0
CZ-031,santa_luzmila,-11.942387,-77.03411,13686,0.2843,0.1672,0.7154,0.6028,0.4791,0.7217,0.3103,0.3952,0.6847,2021,10,45,0.5033,-0.1905,9,7.667,2,0
CZ-031,santa_luzmila,-11.942387,-77.03411,13686,0.2843,0.1672,0.7154,0.6028,0.4791,0.7217,0.3103,0.3952,0.6847,2021,11,46,0.52,-0.11,8,7.0,-2,0
CZ-031,santa_luzmila,-11.942387,-77.03411,13686,0.2843,0.1672,0.7154,0.6028,0.4791,0.7217,0.3103,0.3952,0.6847,2021,12,47,0.6187,0.18,7,8.0,3,1
CZ-031,santa_luzmila,-11.942387,-77.03411,13686,0.2843,0.1672,0.7154,0.6028,0.4791,0.7217,0.3103,0.3952,0.6847,2022,1,48,0.5472,0.11,2,5.667,-7,1
CZ-031,santa_luzmila,-11.942387,-77.03411,13686,0.2843,0.1672,0.7154,0.6028,0.4791,0.7217,0.3103,0.3952,0.6847,2022,2,49,0.3914,0.1905,12,7.0,4,0
CZ-031,santa_luzmila,-11.942387,-77.03411,13686,0.2843,0.1672,0.7154,0.6028,0.4791,0.7217,0.3103,0.3952,0.6847,2022,3,50,0.4836,0.22,9,7.667,2,0
CZ-031,santa_luzmila,-11.942387,-77.03411,13686,0.2843,0.1672,0.7154,0.6028,0.4791,0.7217,0.3103,0.3952,0.6847,2022,4,51,0.5336,0.1905,6,9.0,4,0
CZ-031,santa_luzmila,-11.942387,-77.03411,13686,0.2843,0.1672,0.7154,0.6028,0.4791,0.7217,0.3103,0.3952,0.6847,2022,5,52,0.3667,0.11,7,7.333,-5,0
CZ-031,santa_luzmila,-11.942387,-77.03411,13686,0.2843,0.1672,0.7154,0.6028,0.4791,0.7217,0.3103,0.3952,0.6847,2022,6,53,0.4803,0.0,3,5.333,-6,0
CZ-031,santa_luzmila,-11.942387,-77.03411,13686,0.2843,0.1672,0.7154,0.6028,0.4791,0.7217,0.3103,0.3952,0.6847,2022,7,54,0.656,0.07,2,4.0,-4,0
CZ-031,santa_luzmila,-11.942387,-77.03411,13686,0.2843,0.1672,0.7154,0.6028,0.4791,0.7217,0.3103,0.3952,0.6847,2022,8,55,0.5508,-0.1905,7,4.0,0,0
CZ-031,santa_luzmila,-11.942387,-77.03411,13686,0.2843,0.1672,0.7154,0.6028,0.4791,0.7217,0.3103,0.3952,0.6847,2022,9,56,0.4939,-0.22,8,5.667,5,0
CZ-031,santa_luzmila,-11.942387,-77.03411,13686,0.2843,0.1672,0.7154,0.6028,0.4791,0.7217,0.3103,0.3952,0.6847,2022,10,57,0.5476,-0.1905,5,6.667,3,1
CZ-031,santa_luzmila,-11.942387,-77.03411,13686,0.2843,0.1672,0.7154,0.6028,0.4791,0.7217,0.3103,0.3952,0.6847,2022,11,58,0.5161,-0.11,8,7.0,1,1
CZ-031,santa_luzmila,-11.942387,-77.03411,13686,0.2843,0.1672,0.7154,0.6028,0.4791,0.7217,0.3103,0.3952,0.6847,2022,12,59,0.5609,0.18,9,7.333,1,0
CZ-031,santa_luzmila,-11.942387,-77.03411,13686,0.2843,0.1672,0.7154,0.6028,0.4791,0.7217,0.3103,0.3952,0.6847,2023,1,60,0.4893,0.11,12,9.667,7,0
CZ-031,santa_luzmila,-11.942387,-77.03411,13686,0.2843,0.1672,0.7154,0.6028,0.4791,0.7217,0.3103,0.3952,0.6847,2023,2,61,0.4715,0.1905,6,9.0,-2,0
CZ-031,santa_luzmila,-11.942387,-77.03411,13686,0.2843,0.1672,0.7154,0.6028,0.4791,0.7217,0.3103,0.3952,0.6847,2023,3,62,0.3917,0.22,8,8.667,-1,1
CZ-031,santa_luzmila,-11.942387,-77.03411,13686,0.2843,0.1672,0.7154,0.6028,0.4791,0.7217,0.3103,0.3952,0.6847,2023,4,63,0.4528,0.1905,6,6.667,-6,0
CZ-031,santa_luzmila,-11.942387,-77.03411,13686,0.2843,0.1672,0.7154,0.6028,0.4791,0.7217,0.3103,0.3952,0.6847,2023,5,64,0.4621,0.11,9,7.667,3,0
CZ-031,santa_luzmila,-11.942387,-77.03411,13686,0.2843,0.1672,0.7154,0.6028,0.4791,0.7217,0.3103,0.3952,0.6847,2023,6,65,0.5236,0.0,8,7.667,0,1
CZ-031,santa_luzmila,-11.942387,-77.03411,13686,0.2843,0.1672,0.7154,0.6028,0.4791,0.7217,0.3103,0.3952,0.6847,2023,7,66,0.5888,0.07,3,6.667,-3,0
CZ-031,santa_luzmila,-11.942387,-77.03411,13686,0.2843,0.1672,0.7154,0.6028,0.4791,0.7217,0.3103,0.3952,0.6847,2023,8,67,0.5399,-0.1905,9,6.667,0,0
CZ-031,santa_luzmila,-11.942387,-77.03411,13686,0.2843,0.1672,0.7154,0.6028,0.4791,0.7217,0.3103,0.3952,0.6847,2023,9,68,0.3818,-0.22,5,5.667,-3,0
CZ-031,santa_luzmila,-11.942387,-77.03411,13686,0.2843,0.1672,0.7154,0.6028,0.4791,0.7217,0.3103,0.3952,0.6847,2023,10,69,0.4293,-0.1905,3,5.667,0,0
CZ-031,santa_luzmila,-11.942387,-77.03411,13686,0.2843,0.1672,0.7154,0.6028,0.4791,0.7217,0.3103,0.3952,0.6847,2023,11,70,0.5115,-0.11,4,4.0,-5,0
CZ-031,santa_luzmila,-11.942387,-77.03411,13686,0.2843,0.1672,0.7154,0.6028,0.4791,0.7217,0.3103,0.3952,0.6847,2023,12,71,0.6039,0.18,5,4.0,0,0
CZ-031,santa_luzmila,-11.942387,-77.03411,13686,0.2843,0.1672,0.7154,0.6028,0.4791,0.7217,0.3103,0.3952,0.6847,2024,1,72,0.5255,0.11,6,5.0,3,0
CZ-031,santa_luzmila,-11.942387,-77.03411,13686,0.2843,0.1672,0.7154,0.6028,0.4791,0.7217,0.3103,0.3952,0.6847,2024,2,73,0.562,0.1905,3,4.667,-1,1
CZ-031,santa_luzmila,-11.942387,-77.03411,13686,0.2843,0.1672,0.7154,0.6028,0.4791,0.7217,0.3103,0.3952,0.6847,2024,3,74,0.4854,0.22,6,5.0,1,0
CZ-031,santa_luzmila,-11.942387,-77.03411,13686,0.2843,0.1672,0.7154,0.6028,0.4791,0.7217,0.3103,0.3952,0.6847,2024,4,75,0.4882,0.1905,9,6.0,3,0
CZ-031,santa_luzmila,-11.942387,-77.03411,13686,0.2843,0.1672,0.7154,0.6028,0.4791,0.7217,0.3103,0.3952,0.6847,2024,5,76,0.5084,0.11,7,7.333,4,1
CZ-031,santa_luzmila,-11.942387,-77.03411,13686,0.2843,0.1672,0.7154,0.6028,0.4791,0.7217,0.3103,0.3952,0.6847,2024,6,77,0.6112,0.0,6,7.333,0,0
CZ-031,santa_luzmila,-11.942387,-77.03411,13686,0.2843,0.1672,0.7154,0.6028,0.4791,0.7217,0.3103,0.3952,0.6847,2024,7,78,0.5178,0.07,13,8.667,4,0
CZ-031,santa_luzmila,-11.942387,-77.03411,13686,0.2843,0.1672,0.7154,0.6028,0.4791,0.7217,0.3103,0.3952,0.6847,2024,8,79,0.4913,-0.1905,4,7.667,-3,0
CZ-031,santa_luzmila,-11.942387,-77.03411,13686,0.2843,0.1672,0.7154,0.6028,0.4791,0.7217,0.3103,0.3952,0.6847,2024,9,80,0.4528,-0.22,8,8.333,2,0
CZ-031,santa_luzmila,-11.942387,-77.03411,13686,0.2843,0.1672,0.7154,0.6028,0.4791,0.7217,0.3103,0.3952,0.6847,2024,10,81,0.4899,-0.1905,7,6.333,-6,1
CZ-031,santa_luzmila,-11.942387,-77.03411,13686,0.2843,0.1672,0.7154,0.6028,0.4791,0.7217,0.3103,0.3952,0.6847,2024,11,82,0.5467,-0.11,4,6.333,0,1
CZ-031,santa_luzmila,-11.942387,-77.03411,13686,0.2843,0.1672,0.7154,0.6028,0.4791,0.7217,0.3103,0.3952,0.6847,2024,12,83,0.6197,0.18,12,7.667,4,0
CZ-031,santa_luzmila,-11.942387,-77.03411,13686,0.2843,0.1672,0.7154,0.6028,0.4791,0.7217,0.3103,0.3952,0.6847,2025,1,84,0.5284,0.11,12,9.333,5,1
CZ-031,santa_luzmila,-11.942387,-77.03411,13686,0.2843,0.1672,0.7154,0.6028,0.4791,0.7217,0.3103,0.3952,0.6847,2025,2,85,0.4766,0.1905,7,10.333,3,1
CZ-031,santa_luzmila,-11.942387,-77.03411,13686,0.2843,0.1672,0.7154,0.6028,0.4791,0.7217,0.3103,0.3952,0.6847,2025,3,86,0.5004,0.22,10,9.667,-2,0
CZ-031,santa_luzmila,-11.942387,-77.03411,13686,0.2843,0.1672,0.7154,0.6028,0.4791,0.7217,0.3103,0.3952,0.6847,2025,4,87,0.4792,0.1905,9,8.667,-3,1
CZ-031,santa_luzmila,-11.942387,-77.03411,13686,0.2843,0.1672,0.7154,0.6028,0.4791,0.7217,0.3103,0.3952,0.6847,2025,5,88,0.5647,0.11,7,8.667,0,0
CZ-031,santa_luzmila,-11.942387,-77.03411,13686,0.2843,0.1672,0.7154,0.6028,0.4791,0.7217,0.3103,0.3952,0.6847,2025,6,89,0.4241,0.0,10,8.667,0,0
CZ-031,santa_luzmila,-11.942387,-77.03411,13686,0.2843,0.1672,0.7154,0.6028,0.4791,0.7217,0.3103,0.3952,0.6847,2025,7,90,0.4953,0.07,2,6.333,-7,0
CZ-031,santa_luzmila,-11.942387,-77.03411,13686,0.2843,0.1672,0.7154,0.6028,0.4791,0.7217,0.3103,0.3952,0.6847,2025,8,91,0.4577,-0.1905,6,6.0,-1,0
CZ-031,santa_luzmila,-11.942387,-77.03411,13686,0.2843,0.1672,0.7154,0.6028,0.4791,0.7217,0.3103,0.3952,0.6847,2025,9,92,0.4349,-0.22,8,5.333,-2,0
CZ-031,santa_luzmila,-11.942387,-77.03411,13686,0.2843,0.1672,0.7154,0.6028,0.4791,0.7217,0.3103,0.3952,0.6847,2025,10,93,0.4719,-0.1905,7,7.0,5,0
CZ-031,santa_luzmila,-11.942387,-77.03411,13686,0.2843,0.1672,0.7154,0.6028,0.4791,0.7217,0.3103,0.3952,0.6847,2025,11,94,0.5138,-0.11,4,6.333,-2,1
CZ-032,zonal_14,-11.917729,-77.031195,13803,0.5621,0.253,0.499,0.6521,0.2808,0.6155,0.1661,0.3337,0.8293,2018,5,4,0.4466,0.11,4,4.0,0,0
CZ-032,zonal_14,-11.917729,-77.031195,13803,0.5621,0.253,0.499,0.6521,0.2808,0.6155,0.1661,0.3337,0.8293,2018,6,5,0.4707,0.0,1,3.0,-3,0
CZ-032,zonal_14,-11.917729,-77.031195,13803,0.5621,0.253,0.499,0.6521,0.2808,0.6155,0.1661,0.3337,0.8293,2018,7,6,0.5672,0.07,3,2.667,-1,0
CZ-032,zonal_14,-11.917729,-77.031195,13803,0.5621,0.253,0.499,0.6521,0.2808,0.6155,0.1661,0.3337,0.8293,2018,8,7,0.454,-0.1905,7,3.667,3,0
CZ-032,zonal_14,-11.917729,-77.031195,13803,0.5621,0.253,0.499,0.6521,0.2808,0.6155,0.1661,0.3337,0.8293,2018,9,8,0.4221,-0.22,2,4.0,1,0
CZ-032,zonal_14,-11.917729,-77.031195,13803,0.5621,0.253,0.499,0.6521,0.2808,0.6155,0.1661,0.3337,0.8293,2018,10,9,0.4135,-0.1905,2,3.667,-1,0
CZ-032,zonal_14,-11.917729,-77.031195,13803,0.5621,0.253,0.499,0.6521,0.2808,0.6155,0.1661,0.3337,0.8293,2018,11,10,0.3652,-0.11,7,3.667,0,1
CZ-032,zonal_14,-11.917729,-77.031195,13803,0.5621,0.253,0.499,0.6521,0.2808,0.6155,0.1661,0.3337,0.8293,2018,12,11,0.6177,0.18,2,3.667,0,0
CZ-032,zonal_14,-11.917729,-77.031195,13803,0.5621,0.253,0.499,0.6521,0.2808,0.6155,0.1661,0.3337,0.8293,2019,1,12,0.4723,0.11,9,6.0,7,0
CZ-032,zonal_14,-11.917729,-77.031195,13803,0.5621,0.253,0.499,0.6521,0.2808,0.6155,0.1661,0.3337,0.8293,2019,2,13,0.4176,0.1905,2,4.333,-5,0
CZ-032,zonal_14,-11.917729,-77.031195,13803,0.5621,0.253,0.499,0.6521,0.2808,0.6155,0.1661,0.3337,0.8293,2019,3,14,0.4456,0.22,7,6.0,5,0
CZ-032,zonal_14,-11.917729,-77.031195,13803,0.5621,0.253,0.499,0.6521,0.2808,0.6155,0.1661,0.3337,0.8293,2019,4,15,0.4568,0.1905,3,4.0,-6,0
CZ-032,zonal_14,-11.917729,-77.031195,13803,0.5621,0.253,0.499,0.6521,0.2808,0.6155,0.1661,0.3337,0.8293,2019,5,16,0.4508,0.11,4,4.667,2,0
CZ-032,zonal_14,-11.917729,-77.031195,13803,0.5621,0.253,0.499,0.6521,0.2808,0.6155,0.1661,0.3337,0.8293,2019,6,17,0.4109,0.0,6,4.333,-1,0
CZ-032,zonal_14,-11.917729,-77.031195,13803,0.5621,0.253,0.499,0.6521,0.2808,0.6155,0.1661,0.3337,0.8293,2019,7,18,0.5333,0.07,3,4.333,0,0
CZ-032,zonal_14,-11.917729,-77.031195,13803,0.5621,0.253,0.499,0.6521,0.2808,0.6155,0.1661,0.3337,0.8293,2019,8,19,0.3224,-0.1905,8,5.667,4,0
CZ-032,zonal_14,-11.917729,-77.031195,13803,0.5621,0.253,0.499,0.6521,0.2808,0.6155,0.1661,0.3337,0.8293,2019,9,20,0.315,-0.22,3,4.667,-3,0
CZ-032,zonal_14,-11.917729,-77.031195,13803,0.5621,0.253,0.499,0.6521,0.2808,0.6155,0.1661,0.3337,0.8293,2019,10,21,0.449,-0.1905,5,5.333,2,0
CZ-032,zonal_14,-11.917729,-77.031195,13803,0.5621,0.253,0.499,0.6521,0.2808,0.6155,0.1661,0.3337,0.8293,2019,11,22,0.3671,-0.11,3,3.667,-5,0
CZ-032,zonal_14,-11.917729,-77.031195,13803,0.5621,0.253,0.499,0.6521,0.2808,0.6155,0.1661,0.3337,0.8293,2019,12,23,0.4493,0.18,3,3.667,0,0
CZ-032,zonal_14,-11.917729,-77.031195,13803,0.5621,0.253,0.499,0.6521,0.2808,0.6155,0.1661,0.3337,0.8293,2020,1,24,0.416,0.11,7,4.333,2,0
CZ-032,zonal_14,-11.917729,-77.031195,13803,0.5621,0.253,0.499,0.6521,0.2808,0.6155,0.1661,0.3337,0.8293,2020,2,25,0.3674,0.1905,8,6.0,5,0
CZ-032,zonal_14,-11.917729,-77.031195,13803,0.5621,0.253,0.499,0.6521,0.2808,0.6155,0.1661,0.3337,0.8293,2020,3,26,0.4989,0.22,4,6.333,1,0
CZ-032,zonal_14,-11.917729,-77.031195,13803,0.5621,0.253,0.499,0.6521,0.2808,0.6155,0.1661,0.3337,0.8293,2020,4,27,0.4218,0.1905,4,5.333,-3,0
CZ-032,zonal_14,-11.917729,-77.031195,13803,0.5621,0.253,0.499,0.6521,0.2808,0.6155,0.1661,0.3337,0.8293,2020,5,28,0.4811,0.11,6,4.667,-2,0
CZ-032,zonal_14,-11.917729,-77.031195,13803,0.5621,0.253,0.499,0.6521,0.2808,0.6155,0.1661,0.3337,0.8293,2020,6,29,0.4854,0.0,5,5.0,1,0
CZ-032,zonal_14,-11.917729,-77.031195,13803,0.5621,0.253,0.499,0.6521,0.2808,0.6155,0.1661,0.3337,0.8293,2020,7,30,0.4701,0.07,5,5.333,1,0
CZ-032,zonal_14,-11.917729,-77.031195,13803,0.5621,0.253,0.499,0.6521,0.2808,0.6155,0.1661,0.3337,0.8293,2020,8,31,0.4431,-0.1905,7,5.667,1,0
CZ-032,zonal_14,-11.917729,-77.031195,13803,0.5621,0.253,0.499,0.6521,0.2808,0.6155,0.1661,0.3337,0.8293,2020,9,32,0.4986,-0.22,5,5.667,0,0
CZ-032,zonal_14,-11.917729,-77.031195,13803,0.5621,0.253,0.499,0.6521,0.2808,0.6155,0.1661,0.3337,0.8293,2020,10,33,0.4707,-0.1905,4,5.333,-1,1
CZ-032,zonal_14,-11.917729,-77.031195,13803,0.5621,0.253,0.499,0.6521,0.2808,0.6155,0.1661,0.3337,0.8293,2020,11,34,0.4247,-0.11,3,4.0,-4,0
CZ-032,zonal_14,-11.917729,-77.031195,13803,0.5621,0.253,0.499,0.6521,0.2808,0.6155,0.1661,0.3337,0.8293,2020,12,35,0.6108,0.18,11,6.0,6,0
CZ-032,zonal_14,-11.917729,-77.031195,13803,0.5621,0.253,0.499,0.6521,0.2808,0.6155,0.1661,0.3337,0.8293,2021,1,36,0.4114,0.11,2,5.333,-2,0
CZ-032,zonal_14,-11.917729,-77.031195,13803,0.5621,0.253,0.499,0.6521,0.2808,0.6155,0.1661,0.3337,0.8293,2021,2,37,0.3903,0.1905,7,6.667,4,0
CZ-032,zonal_14,-11.917729,-77.031195,13803,0.5621,0.253,0.499,0.6521,0.2808,0.6155,0.1661,0.3337,0.8293,2021,3,38,0.5323,0.22,2,3.667,-9,0
CZ-032,zonal_14,-11.917729,-77.031195,13803,0.5621,0.253,0.499,0.6521,0.2808,0.6155,0.1661,0.3337,0.8293,2021,4,39,0.4332,0.1905,3,4.0,1,0
CZ-032,zonal_14,-11.917729,-77.031195,13803,0.5621,0.253,0.499,0.6521,0.2808,0.6155,0.1661,0.3337,0.8293,2021,5,40,0.4355,0.11,8,4.333,1,0
CZ-032,zonal_14,-11.917729,-77.031195,13803,0.5621,0.253,0.499,0.6521,0.2808,0.6155,0.1661,0.3337,0.8293,2021,6,41,0.4312,0.0,3,4.667,1,0
CZ-032,zonal_14,-11.917729,-77.031195,13803,0.5621,0.253,0.499,0.6521,0.2808,0.6155,0.1661,0.3337,0.8293,2021,7,42,0.5256,0.07,7,6.0,4,0
CZ-032,zonal_14,-11.917729,-77.031195,13803,0.5621,0.253,0.499,0.6521,0.2808,0.6155,0.1661,0.3337,0.8293,2021,8,43,0.4976,-0.1905,6,5.333,-2,0
CZ-032,zonal_14,-11.917729,-77.031195,13803,0.5621,0.253,0.499,0.6521,0.2808,0.6155,0.1661,0.3337,0.8293,2021,9,44,0.4531,-0.22,0,4.333,-3,0
CZ-032,zonal_14,-11.917729,-77.031195,13803,0.5621,0.253,0.499,0.6521,0.2808,0.6155,0.1661,0.3337,0.8293,2021,10,45,0.4024,-0.1905,7,4.333,0,0
CZ-032,zonal_14,-11.917729,-77.031195,13803,0.5621,0.253,0.499,0.6521,0.2808,0.6155,0.1661,0.3337,0.8293,2021,11,46,0.4638,-0.11,3,3.333,-3,0
CZ-032,zonal_14,-11.917729,-77.031195,13803,0.5621,0.253,0.499,0.6521,0.2808,0.6155,0.1661,0.3337,0.8293,2021,12,47,0.517,0.18,8,6.0,8,0
CZ-032,zonal_14,-11.917729,-77.031195,13803,0.5621,0.253,0.499,0.6521,0.2808,0.6155,0.1661,0.3337,0.8293,2022,1,48,0.4346,0.11,6,5.667,-1,0
CZ-032,zonal_14,-11.917729,-77.031195,13803,0.5621,0.253,0.499,0.6521,0.2808,0.6155,0.1661,0.3337,0.8293,2022,2,49,0.4285,0.1905,4,6.0,1,0
CZ-032,zonal_14,-11.917729,-77.031195,13803,0.5621,0.253,0.499,0.6521,0.2808,0.6155,0.1661,0.3337,0.8293,2022,3,50,0.422,0.22,4,4.667,-4,0
CZ-032,zonal_14,-11.917729,-77.031195,13803,0.5621,0.253,0.499,0.6521,0.2808,0.6155,0.1661,0.3337,0.8293,2022,4,51,0.5035,0.1905,7,5.0,1,0
CZ-032,zonal_14,-11.917729,-77.031195,13803,0.5621,0.253,0.499,0.6521,0.2808,0.6155,0.1661,0.3337,0.8293,2022,5,52,0.4584,0.11,6,5.667,2,0
CZ-032,zonal_14,-11.917729,-77.031195,13803,0.5621,0.253,0.499,0.6521,0.2808,0.6155,0.1661,0.3337,0.8293,2022,6,53,0.3806,0.0,4,5.667,0,0
CZ-032,zonal_14,-11.917729,-77.031195,13803,0.5621,0.253,0.499,0.6521,0.2808,0.6155,0.1661,0.3337,0.8293,2022,7,54,0.5508,0.07,5,5.0,-2,0
CZ-032,zonal_14,-11.917729,-77.031195,13803,0.5621,0.253,0.499,0.6521,0.2808,0.6155,0.1661,0.3337,0.8293,2022,8,55,0.4028,-0.1905,5,4.667,-1,0
CZ-032,zonal_14,-11.917729,-77.031195,13803,0.5621,0.253,0.499,0.6521,0.2808,0.6155,0.1661,0.3337,0.8293,2022,9,56,0.3885,-0.22,4,4.667,0,0
CZ-032,zonal_14,-11.917729,-77.031195,13803,0.5621,0.253,0.499,0.6521,0.2808,0.6155,0.1661,0.3337,0.8293,2022,10,57,0.4244,-0.1905,4,4.333,-1,0
CZ-032,zonal_14,-11.917729,-77.031195,13803,0.5621,0.253,0.499,0.6521,0.2808,0.6155,0.1661,0.3337,0.8293,2022,11,58,0.4259,-0.11,4,4.0,-1,0
CZ-032,zonal_14,-11.917729,-77.031195,13803,0.5621,0.253,0.499,0.6521,0.2808,0.6155,0.1661,0.3337,0.8293,2022,12,59,0.4826,0.18,3,3.667,-1,0
CZ-032,zonal_14,-11.917729,-77.031195,13803,0.5621,0.253,0.499,0.6521,0.2808,0.6155,0.1661,0.3337,0.8293,2023,1,60,0.4156,0.11,8,5.0,4,0
CZ-032,zonal_14,-11.917729,-77.031195,13803,0.5621,0.253,0.499,0.6521,0.2808,0.6155,0.1661,0.3337,0.8293,2023,2,61,0.5609,0.1905,4,5.0,0,0
CZ-032,zonal_14,-11.917729,-77.031195,13803,0.5621,0.253,0.499,0.6521,0.2808,0.6155,0.1661,0.3337,0.8293,2023,3,62,0.5201,0.22,4,5.333,1,0
CZ-032,zonal_14,-11.917729,-77.031195,13803,0.5621,0.253,0.499,0.6521,0.2808,0.6155,0.1661,0.3337,0.8293,2023,4,63,0.4329,0.1905,2,3.333,-6,0
CZ-032,zonal_14,-11.917729,-77.031195,13803,0.5621,0.253,0.499,0.6521,0.2808,0.6155,0.1661,0.3337,0.8293,2023,5,64,0.4588,0.11,1,2.333,-3,0
CZ-032,zonal_14,-11.917729,-77.031195,13803,0.5621,0.253,0.499,0.6521,0.2808,0.6155,0.1661,0.3337,0.8293,2023,6,65,0.4318,0.0,6,3.0,2,0
CZ-032,zonal_14,-11.917729,-77.031195,13803,0.5621,0.253,0.499,0.6521,0.2808,0.6155,0.1661,0.3337,0.8293,2023,7,66,0.4901,0.07,6,4.333,4,0
CZ-032,zonal_14,-11.917729,-77.031195,13803,0.5621,0.253,0.499,0.6521,0.2808,0.6155,0.1661,0.3337,0.8293,2023,8,67,0.3866,-0.1905,7,6.333,6,0
CZ-032,zonal_14,-11.917729,-77.031195,13803,0.5621,0.253,0.499,0.6521,0.2808,0.6155,0.1661,0.3337,0.8293,2023,9,68,0.4295,-0.22,5,6.0,-1,0
CZ-032,zonal_14,-11.917729,-77.031195,13803,0.5621,0.253,0.499,0.6521,0.2808,0.6155,0.1661,0.3337,0.8293,2023,10,69,0.3195,-0.1905,5,5.667,-1,0
CZ-032,zonal_14,-11.917729,-77.031195,13803,0.5621,0.253,0.499,0.6521,0.2808,0.6155,0.1661,0.3337,0.8293,2023,11,70,0.4236,-0.11,5,5.0,-2,0
CZ-032,zonal_14,-11.917729,-77.031195,13803,0.5621,0.253,0.499,0.6521,0.2808,0.6155,0.1661,0.3337,0.8293,2023,12,71,0.5858,0.18,5,5.0,0,0
CZ-032,zonal_14,-11.917729,-77.031195,13803,0.5621,0.253,0.499,0.6521,0.2808,0.6155,0.1661,0.3337,0.8293,2024,1,72,0.4857,0.11,8,6.0,3,0
CZ-032,zonal_14,-11.917729,-77.031195,13803,0.5621,0.253,0.499,0.6521,0.2808,0.6155,0.1661,0.3337,0.8293,2024,2,73,0.4339,0.1905,6,6.333,1,0
CZ-032,zonal_14,-11.917729,-77.031195,13803,0.5621,0.253,0.499,0.6521,0.2808,0.6155,0.1661,0.3337,0.8293,2024,3,74,0.4181,0.22,8,7.333,3,0
CZ-032,zonal_14,-11.917729,-77.031195,13803,0.5621,0.253,0.499,0.6521,0.2808,0.6155,0.1661,0.3337,0.8293,2024,4,75,0.4457,0.1905,4,6.0,-4,0
CZ-032,zonal_14,-11.917729,-77.031195,13803,0.5621,0.253,0.499,0.6521,0.2808,0.6155,0.1661,0.3337,0.8293,2024,5,76,0.3781,0.11,8,6.667,2,0
CZ-032,zonal_14,-11.917729,-77.031195,13803,0.5621,0.253,0.499,0.6521,0.2808,0.6155,0.1661,0.3337,0.8293,2024,6,77,0.4783,0.0,7,6.333,-1,1
CZ-032,zonal_14,-11.917729,-77.031195,13803,0.5621,0.253,0.499,0.6521,0.2808,0.6155,0.1661,0.3337,0.8293,2024,7,78,0.5126,0.07,4,6.333,0,0
CZ-032,zonal_14,-11.917729,-77.031195,13803,0.5621,0.253,0.499,0.6521,0.2808,0.6155,0.1661,0.3337,0.8293,2024,8,79,0.3926,-0.1905,10,7.0,2,1
CZ-032,zonal_14,-11.917729,-77.031195,13803,0.5621,0.253,0.499,0.6521,0.2808,0.6155,0.1661,0.3337,0.8293,2024,9,80,0.4396,-0.22,5,6.333,-2,0
CZ-032,zonal_14,-11.917729,-77.031195,13803,0.5621,0.253,0.499,0.6521,0.2808,0.6155,0.1661,0.3337,0.8293,2024,10,81,0.3972,-0.1905,10,8.333,6,0
CZ-032,zonal_14,-11.917729,-77.031195,13803,0.5621,0.253,0.499,0.6521,0.2808,0.6155,0.1661,0.3337,0.8293,2024,11,82,0.4284,-0.11,2,5.667,-8,0
CZ-032,zonal_14,-11.917729,-77.031195,13803,0.5621,0.253,0.499,0.6521,0.2808,0.6155,0.1661,0.3337,0.8293,2024,12,83,0.5228,0.18,6,6.0,1,0
CZ-032,zonal_14,-11.917729,-77.031195,13803,0.5621,0.253,0.499,0.6521,0.2808,0.6155,0.1661,0.3337,0.8293,2025,1,84,0.3941,0.11,6,4.667,-4,0
CZ-032,zonal_14,-11.917729,-77.031195,13803,0.5621,0.253,0.499,0.6521,0.2808,0.6155,0.1661,0.3337,0.8293,2025,2,85,0.4947,0.1905,5,5.667,3,1
CZ-032,zonal_14,-11.917729,-77.031195,13803,0.5621,0.253,0.499,0.6521,0.2808,0.6155,0.1661,0.3337,0.8293,2025,3,86,0.3799,0.22,8,6.333,2,0
CZ-032,zonal_14,-11.917729,-77.031195,13803,0.5621,0.253,0.499,0.6521,0.2808,0.6155,0.1661,0.3337,0.8293,2025,4,87,0.493,0.1905,12,8.333,6,0
CZ-032,zonal_14,-11.917729,-77.031195,13803,0.5621,0.253,0.499,0.6521,0.2808,0.6155,0.1661,0.3337,0.8293,2025,5,88,0.4586,0.11,8,9.333,3,1
CZ-032,zonal_14,-11.917729,-77.031195,13803,0.5621,0.253,0.499,0.6521,0.2808,0.6155,0.1661,0.3337,0.8293,2025,6,89,0.4434,0.0,6,8.667,-2,0
CZ-032,zonal_14,-11.917729,-77.031195,13803,0.5621,0.253,0.499,0.6521,0.2808,0.6155,0.1661,0.3337,0.8293,2025,7,90,0.4436,0.07,11,8.333,-1,0
CZ-032,zonal_14,-11.917729,-77.031195,13803,0.5621,0.253,0.499,0.6521,0.2808,0.6155,0.1661,0.3337,0.8293,2025,8,91,0.4883,-0.1905,7,8.0,-1,1
CZ-032,zonal_14,-11.917729,-77.031195,13803,0.5621,0.253,0.499,0.6521,0.2808,0.6155,0.1661,0.3337,0.8293,2025,9,92,0.5332,-0.22,4,7.333,-2,0
CZ-032,zonal_14,-11.917729,-77.031195,13803,0.5621,0.253,0.499,0.6521,0.2808,0.6155,0.1661,0.3337,0.8293,2025,10,93,0.4275,-0.1905,9,6.667,-2,0
CZ-032,zonal_14,-11.917729,-77.031195,13803,0.5621,0.253,0.499,0.6521,0.2808,0.6155,0.1661,0.3337,0.8293,2025,11,94,0.4568,-0.11,6,6.333,-1,0
CZ-033,la_libertad,-11.937864,-77.077458,21008,0.6794,0.3074,0.5328,0.406,0.3838,0.6651,0.0594,0.2648,1.1237,2018,5,4,0.461,0.11,2,3.667,0,0
CZ-033,la_libertad,-11.937864,-77.077458,21008,0.6794,0.3074,0.5328,0.406,0.3838,0.6651,0.0594,0.2648,1.1237,2018,6,5,0.4852,0.0,5,3.667,0,0
CZ-033,la_libertad,-11.937864,-77.077458,21008,0.6794,0.3074,0.5328,0.406,0.3838,0.6651,0.0594,0.2648,1.1237,2018,7,6,0.5123,0.07,2,3.0,-2,0
CZ-033,la_libertad,-11.937864,-77.077458,21008,0.6794,0.3074,0.5328,0.406,0.3838,0.6651,0.0594,0.2648,1.1237,2018,8,7,0.5031,-0.1905,5,4.0,3,0
CZ-033,la_libertad,-11.937864,-77.077458,21008,0.6794,0.3074,0.5328,0.406,0.3838,0.6651,0.0594,0.2648,1.1237,2018,9,8,0.4264,-0.22,1,2.667,-4,1
CZ-033,la_libertad,-11.937864,-77.077458,21008,0.6794,0.3074,0.5328,0.406,0.3838,0.6651,0.0594,0.2648,1.1237,2018,10,9,0.4291,-0.1905,3,3.0,1,0
CZ-033,la_libertad,-11.937864,-77.077458,21008,0.6794,0.3074,0.5328,0.406,0.3838,0.6651,0.0594,0.2648,1.1237,2018,11,10,0.467,-0.11,9,4.333,4,0
CZ-033,la_libertad,-11.937864,-77.077458,21008,0.6794,0.3074,0.5328,0.406,0.3838,0.6651,0.0594,0.2648,1.1237,2018,12,11,0.5533,0.18,3,5.0,2,0
CZ-033,la_libertad,-11.937864,-77.077458,21008,0.6794,0.3074,0.5328,0.406,0.3838,0.6651,0.0594,0.2648,1.1237,2019,1,12,0.456,0.11,4,5.333,1,0
CZ-033,la_libertad,-11.937864,-77.077458,21008,0.6794,0.3074,0.5328,0.406,0.3838,0.6651,0.0594,0.2648,1.1237,2019,2,13,0.4269,0.1905,1,2.667,-8,0
CZ-033,la_libertad,-11.937864,-77.077458,21008,0.6794,0.3074,0.5328,0.406,0.3838,0.6651,0.0594,0.2648,1.1237,2019,3,14,0.402,0.22,5,3.333,2,0
CZ-033,la_libertad,-11.937864,-77.077458,21008,0.6794,0.3074,0.5328,0.406,0.3838,0.6651,0.0594,0.2648,1.1237,2019,4,15,0.467,0.1905,4,3.333,0,0
CZ-033,la_libertad,-11.937864,-77.077458,21008,0.6794,0.3074,0.5328,0.406,0.3838,0.6651,0.0594,0.2648,1.1237,2019,5,16,0.3716,0.11,3,4.0,2,0
CZ-033,la_libertad,-11.937864,-77.077458,21008,0.6794,0.3074,0.5328,0.406,0.3838,0.6651,0.0594,0.2648,1.1237,2019,6,17,0.4443,0.0,3,3.333,-2,0
CZ-033,la_libertad,-11.937864,-77.077458,21008,0.6794,0.3074,0.5328,0.406,0.3838,0.6651,0.0594,0.2648,1.1237,2019,7,18,0.5896,0.07,0,2.0,-4,0
CZ-033,la_libertad,-11.937864,-77.077458,21008,0.6794,0.3074,0.5328,0.406,0.3838,0.6651,0.0594,0.2648,1.1237,2019,8,19,0.4543,-0.1905,3,2.0,0,0
CZ-033,la_libertad,-11.937864,-77.077458,21008,0.6794,0.3074,0.5328,0.406,0.3838,0.6651,0.0594,0.2648,1.1237,2019,9,20,0.4217,-0.22,1,1.333,-2,0
CZ-033,la_libertad,-11.937864,-77.077458,21008,0.6794,0.3074,0.5328,0.406,0.3838,0.6651,0.0594,0.2648,1.1237,2019,10,21,0.3987,-0.1905,5,3.0,5,0
CZ-033,la_libertad,-11.937864,-77.077458,21008,0.6794,0.3074,0.5328,0.406,0.3838,0.6651,0.0594,0.2648,1.1237,2019,11,22,0.3906,-0.11,3,3.0,0,0
CZ-033,la_libertad,-11.937864,-77.077458,21008,0.6794,0.3074,0.5328,0.406,0.3838,0.6651,0.0594,0.2648,1.1237,2019,12,23,0.4933,0.18,6,4.667,5,0
CZ-033,la_libertad,-11.937864,-77.077458,21008,0.6794,0.3074,0.5328,0.406,0.3838,0.6651,0.0594,0.2648,1.1237,2020,1,24,0.4658,0.11,6,5.0,1,0
CZ-033,la_libertad,-11.937864,-77.077458,21008,0.6794,0.3074,0.5328,0.406,0.3838,0.6651,0.0594,0.2648,1.1237,2020,2,25,0.4032,0.1905,4,5.333,1,1
CZ-033,la_libertad,-11.937864,-77.077458,21008,0.6794,0.3074,0.5328,0.406,0.3838,0.6651,0.0594,0.2648,1.1237,2020,3,26,0.4458,0.22,6,5.333,0,0
CZ-033,la_libertad,-11.937864,-77.077458,21008,0.6794,0.3074,0.5328,0.406,0.3838,0.6651,0.0594,0.2648,1.1237,2020,4,27,0.4469,0.1905,9,6.333,3,1
CZ-033,la_libertad,-11.937864,-77.077458,21008,0.6794,0.3074,0.5328,0.406,0.3838,0.6651,0.0594,0.2648,1.1237,2020,5,28,0.4742,0.11,8,7.667,4,0
CZ-033,la_libertad,-11.937864,-77.077458,21008,0.6794,0.3074,0.5328,0.406,0.3838,0.6651,0.0594,0.2648,1.1237,2020,6,29,0.3891,0.0,9,8.667,3,0
CZ-033,la_libertad,-11.937864,-77.077458,21008,0.6794,0.3074,0.5328,0.406,0.3838,0.6651,0.0594,0.2648,1.1237,2020,7,30,0.5143,0.07,3,6.667,-6,0
CZ-033,la_libertad,-11.937864,-77.077458,21008,0.6794,0.3074,0.5328,0.406,0.3838,0.6651,0.0594,0.2648,1.1237,2020,8,31,0.4243,-0.1905,7,6.333,-1,0
CZ-033,la_libertad,-11.937864,-77.077458,21008,0.6794,0.3074,0.5328,0.406,0.3838,0.6651,0.0594,0.2648,1.1237,2020,9,32,0.4241,-0.22,3,4.333,-6,0
CZ-033,la_libertad,-11.937864,-77.077458,21008,0.6794,0.3074,0.5328,0.406,0.3838,0.6651,0.0594,0.2648,1.1237,2020,10,33,0.461,-0.1905,3,4.333,0,0
CZ-033,la_libertad,-11.937864,-77.077458,21008,0.6794,0.3074,0.5328,0.406,0.3838,0.6651,0.0594,0.2648,1.1237,2020,11,34,0.4078,-0.11,2,2.667,-5,0
CZ-033,la_libertad,-11.937864,-77.077458,21008,0.6794,0.3074,0.5328,0.406,0.3838,0.6651,0.0594,0.2648,1.1237,2020,12,35,0.5067,0.18,1,2.0,-2,0
CZ-033,la_libertad,-11.937864,-77.077458,21008,0.6794,0.3074,0.5328,0.406,0.3838,0.6651,0.0594,0.2648,1.1237,2021,1,36,0.5041,0.11,6,3.0,3,0
CZ-033,la_libertad,-11.937864,-77.077458,21008,0.6794,0.3074,0.5328,0.406,0.3838,0.6651,0.0594,0.2648,1.1237,2021,2,37,0.5542,0.1905,3,3.333,1,0
CZ-033,la_libertad,-11.937864,-77.077458,21008,0.6794,0.3074,0.5328,0.406,0.3838,0.6651,0.0594,0.2648,1.1237,2021,3,38,0.5144,0.22,5,4.667,4,0
CZ-033,la_libertad,-11.937864,-77.077458,21008,0.6794,0.3074,0.5328,0.406,0.3838,0.6651,0.0594,0.2648,1.1237,2021,4,39,0.4487,0.1905,7,5.0,1,0
CZ-033,la_libertad,-11.937864,-77.077458,21008,0.6794,0.3074,0.5328,0.406,0.3838,0.6651,0.0594,0.2648,1.1237,2021,5,40,0.4427,0.11,6,6.0,3,0
CZ-033,la_libertad,-11.937864,-77.077458,21008,0.6794,0.3074,0.5328,0.406,0.3838,0.6651,0.0594,0.2648,1.1237,2021,6,41,0.4899,0.0,8,7.0,3,0
CZ-033,la_libertad,-11.937864,-77.077458,21008,0.6794,0.3074,0.5328,0.406,0.3838,0.6651,0.0594,0.2648,1.1237,2021,7,42,0.5563,0.07,3,5.667,-4,0
CZ-033,la_libertad,-11.937864,-77.077458,21008,0.6794,0.3074,0.5328,0.406,0.3838,0.6651,0.0594,0.2648,1.1237,2021,8,43,0.5383,-0.1905,5,5.333,-1,0
CZ-033,la_libertad,-11.937864,-77.077458,21008,0.6794,0.3074,0.5328,0.406,0.3838,0.6651,0.0594,0.2648,1.1237,2021,9,44,0.5415,-0.22,6,4.667,-2,0
CZ-033,la_libertad,-11.937864,-77.077458,21008,0.6794,0.3074,0.5328,0.406,0.3838,0.6651,0.0594,0.2648,1.1237,2021,10,45,0.4488,-0.1905,7,6.0,4,0
CZ-033,la_libertad,-11.937864,-77.077458,21008,0.6794,0.3074,0.5328,0.406,0.3838,0.6651,0.0594,0.2648,1.1237,2021,11,46,0.5825,-0.11,5,6.0,0,0
CZ-033,la_libertad,-11.937864,-77.077458,21008,0.6794,0.3074,0.5328,0.406,0.3838,0.6651,0.0594,0.2648,1.1237,2021,12,47,0.5734,0.18,2,4.667,-4,1
CZ-033,la_libertad,-11.937864,-77.077458,21008,0.6794,0.3074,0.5328,0.406,0.3838,0.6651,0.0594,0.2648,1.1237,2022,1,48,0.4251,0.11,7,4.667,0,0
CZ-033,la_libertad,-11.937864,-77.077458,21008,0.6794,0.3074,0.5328,0.406,0.3838,0.6651,0.0594,0.2648,1.1237,2022,2,49,0.4386,0.1905,9,6.0,4,0
CZ-033,la_libertad,-11.937864,-77.077458,21008,0.6794,0.3074,0.5328,0.406,0.3838,0.6651,0.0594,0.2648,1.1237,2022,3,50,0.3766,0.22,6,7.333,4,0
CZ-033,la_libertad,-11.937864,-77.077458,21008,0.6794,0.3074,0.5328,0.406,0.3838,0.6651,0.0594,0.2648,1.1237,2022,4,51,0.398,0.1905,4,6.333,-3,1
CZ-033,la_libertad,-11.937864,-77.077458,21008,0.6794,0.3074,0.5328,0.406,0.3838,0.6651,0.0594,0.2648,1.1237,2022,5,52,0.4845,0.11,7,5.667,-2,0
CZ-033,la_libertad,-11.937864,-77.077458,21008,0.6794,0.3074,0.5328,0.406,0.3838,0.6651,0.0594,0.2648,1.1237,2022,6,53,0.5128,0.0,9,6.667,3,0
CZ-033,la_libertad,-11.937864,-77.077458,21008,0.6794,0.3074,0.5328,0.406,0.3838,0.6651,0.0594,0.2648,1.1237,2022,7,54,0.5959,0.07,2,6.0,-2,0
CZ-033,la_libertad,-11.937864,-77.077458,21008,0.6794,0.3074,0.5328,0.406,0.3838,0.6651,0.0594,0.2648,1.1237,2022,8,55,0.3928,-0.1905,8,6.333,1,0
CZ-033,la_libertad,-11.937864,-77.077458,21008,0.6794,0.3074,0.5328,0.406,0.3838,0.6651,0.0594,0.2648,1.1237,2022,9,56,0.497,-0.22,4,4.667,-5,0
CZ-033,la_libertad,-11.937864,-77.077458,21008,0.6794,0.3074,0.5328,0.406,0.3838,0.6651,0.0594,0.2648,1.1237,2022,10,57,0.4128,-0.1905,7,6.333,5,0
CZ-033,la_libertad,-11.937864,-77.077458,21008,0.6794,0.3074,0.5328,0.406,0.3838,0.6651,0.0594,0.2648,1.1237,2022,11,58,0.4741,-0.11,4,5.0,-4,0
CZ-033,la_libertad,-11.937864,-77.077458,21008,0.6794,0.3074,0.5328,0.406,0.3838,0.6651,0.0594,0.2648,1.1237,2022,12,59,0.4632,0.18,2,4.333,-2,0
CZ-033,la_libertad,-11.937864,-77.077458,21008,0.6794,0.3074,0.5328,0.406,0.3838,0.6651,0.0594,0.2648,1.1237,2023,1,60,0.5176,0.11,6,4.0,-1,0
CZ-033,la_libertad,-11.937864,-77.077458,21008,0.6794,0.3074,0.5328,0.406,0.3838,0.6651,0.0594,0.2648,1.1237,2023,2,61,0.4622,0.1905,5,4.333,1,0
CZ-033,la_libertad,-11.937864,-77.077458,21008,0.6794,0.3074,0.5328,0.406,0.3838,0.6651,0.0594,0.2648,1.1237,2023,3,62,0.3988,0.22,7,6.0,5,0
CZ-033,la_libertad,-11.937864,-77.077458,21008,0.6794,0.3074,0.5328,0.406,0.3838,0.6651,0.0594,0.2648,1.1237,2023,4,63,0.449,0.1905,5,5.667,-1,0
CZ-033,la_libertad,-11.937864,-77.077458,21008,0.6794,0.3074,0.5328,0.406,0.3838,0.6651,0.0594,0.2648,1.1237,2023,5,64,0.4296,0.11,5,5.667,0,0
CZ-033,la_libertad,-11.937864,-77.077458,21008,0.6794,0.3074,0.5328,0.406,0.3838,0.6651,0.0594,0.2648,1.1237,2023,6,65,0.4423,0.0,8,6.0,1,0
CZ-033,la_libertad,-11.937864,-77.077458,21008,0.6794,0.3074,0.5328,0.406,0.3838,0.6651,0.0594,0.2648,1.1237,2023,7,66,0.5157,0.07,5,6.0,0,0
CZ-033,la_libertad,-11.937864,-77.077458,21008,0.6794,0.3074,0.5328,0.406,0.3838,0.6651,0.0594,0.2648,1.1237,2023,8,67,0.3993,-0.1905,3,5.333,-2,0
CZ-033,la_libertad,-11.937864,-77.077458,21008,0.6794,0.3074,0.5328,0.406,0.3838,0.6651,0.0594,0.2648,1.1237,2023,9,68,0.5159,-0.22,2,3.333,-6,1
CZ-033,la_libertad,-11.937864,-77.077458,21008,0.6794,0.3074,0.5328,0.406,0.3838,0.6651,0.0594,0.2648,1.1237,2023,10,69,0.448,-0.1905,3,2.667,-2,0
CZ-033,la_libertad,-11.937864,-77.077458,21008,0.6794,0.3074,0.5328,0.406,0.3838,0.6651,0.0594,0.2648,1.1237,2023,11,70,0.5223,-0.11,9,4.667,6,0
CZ-033,la_libertad,-11.937864,-77.077458,21008,0.6794,0.3074,0.5328,0.406,0.3838,0.6651,0.0594,0.2648,1.1237,2023,12,71,0.4546,0.18,7,6.333,5,0
CZ-033,la_libertad,-11.937864,-77.077458,21008,0.6794,0.3074,0.5328,0.406,0.3838,0.6651,0.0594,0.2648,1.1237,2024,1,72,0.3944,0.11,3,6.333,0,0
CZ-033,la_libertad,-11.937864,-77.077458,21008,0.6794,0.3074,0.5328,0.406,0.3838,0.6651,0.0594,0.2648,1.1237,2024,2,73,0.4561,0.1905,5,5.0,-4,0
CZ-033,la_libertad,-11.937864,-77.077458,21008,0.6794,0.3074,0.5328,0.406,0.3838,0.6651,0.0594,0.2648,1.1237,2024,3,74,0.4161,0.22,4,4.0,-3,1
CZ-033,la_libertad,-11.937864,-77.077458,21008,0.6794,0.3074,0.5328,0.406,0.3838,0.6651,0.0594,0.2648,1.1237,2024,4,75,0.4712,0.1905,4,4.333,1,0
CZ-033,la_libertad,-11.937864,-77.077458,21008,0.6794,0.3074,0.5328,0.406,0.3838,0.6651,0.0594,0.2648,1.1237,2024,5,76,0.4306,0.11,11,6.333,6,0
CZ-033,la_libertad,-11.937864,-77.077458,21008,0.6794,0.3074,0.5328,0.406,0.3838,0.6651,0.0594,0.2648,1.1237,2024,6,77,0.4719,0.0,4,6.333,0,0
CZ-033,la_libertad,-11.937864,-77.077458,21008,0.6794,0.3074,0.5328,0.406,0.3838,0.6651,0.0594,0.2648,1.1237,2024,7,78,0.4889,0.07,4,6.333,0,0
CZ-033,la_libertad,-11.937864,-77.077458,21008,0.6794,0.3074,0.5328,0.406,0.3838,0.6651,0.0594,0.2648,1.1237,2024,8,79,0.3909,-0.1905,6,4.667,-5,0
CZ-033,la_libertad,-11.937864,-77.077458,21008,0.6794,0.3074,0.5328,0.406,0.3838,0.6651,0.0594,0.2648,1.1237,2024,9,80,0.3754,-0.22,4,4.667,0,0
CZ-033,la_libertad,-11.937864,-77.077458,21008,0.6794,0.3074,0.5328,0.406,0.3838,0.6651,0.0594,0.2648,1.1237,2024,10,81,0.4766,-0.1905,3,4.333,-1,0
CZ-033,la_libertad,-11.937864,-77.077458,21008,0.6794,0.3074,0.5328,0.406,0.3838,0.6651,0.0594,0.2648,1.1237,2024,11,82,0.4766,-0.11,4,3.667,-2,1
CZ-033,la_libertad,-11.937864,-77.077458,21008,0.6794,0.3074,0.5328,0.406,0.3838,0.6651,0.0594,0.2648,1.1237,2024,12,83,0.5122,0.18,4,3.667,0,0
CZ-033,la_libertad,-11.937864,-77.077458,21008,0.6794,0.3074,0.5328,0.406,0.3838,0.6651,0.0594,0.2648,1.1237,2025,1,84,0.4147,0.11,11,6.333,8,1
CZ-033,la_libertad,-11.937864,-77.077458,21008,0.6794,0.3074,0.5328,0.406,0.3838,0.6651,0.0594,0.2648,1.1237,2025,2,85,0.4564,0.1905,4,6.333,0,0
CZ-033,la_libertad,-11.937864,-77.077458,21008,0.6794,0.3074,0.5328,0.406,0.3838,0.6651,0.0594,0.2648,1.1237,2025,3,86,0.3695,0.22,9,8.0,5,0
CZ-033,la_libertad,-11.937864,-77.077458,21008,0.6794,0.3074,0.5328,0.406,0.3838,0.6651,0.0594,0.2648,1.1237,2025,4,87,0.4734,0.1905,5,6.0,-6,1
CZ-033,la_libertad,-11.937864,-77.077458,21008,0.6794,0.3074,0.5328,0.406,0.3838,0.6651,0.0594,0.2648,1.1237,2025,5,88,0.4435,0.11,5,6.333,1,0
CZ-033,la_libertad,-11.937864,-77.077458,21008,0.6794,0.3074,0.5328,0.406,0.3838,0.6651,0.0594,0.2648,1.1237,2025,6,89,0.448,0.0,10,6.667,1,1
CZ-033,la_libertad,-11.937864,-77.077458,21008,0.6794,0.3074,0.5328,0.406,0.3838,0.6651,0.0594,0.2648,1.1237,2025,7,90,0.5529,0.07,4,6.333,-1,0
CZ-033,la_libertad,-11.937864,-77.077458,21008,0.6794,0.3074,0.5328,0.406,0.3838,0.6651,0.0594,0.2648,1.1237,2025,8,91,0.4548,-0.1905,12,8.667,7,1
CZ-033,la_libertad,-11.937864,-77.077458,21008,0.6794,0.3074,0.5328,0.406,0.3838,0.6651,0.0594,0.2648,1.1237,2025,9,92,0.4445,-0.22,1,5.667,-9,0
CZ-033,la_libertad,-11.937864,-77.077458,21008,0.6794,0.3074,0.5328,0.406,0.3838,0.6651,0.0594,0.2648,1.1237,2025,10,93,0.5252,-0.1905,9,7.333,5,0
CZ-033,la_libertad,-11.937864,-77.077458,21008,0.6794,0.3074,0.5328,0.406,0.3838,0.6651,0.0594,0.2648,1.1237,2025,11,94,0.4127,-0.11,6,5.333,-6,0
CZ-034,la_libertad,-11.958426,-77.020879,18938,0.6741,0.2807,0.6064,0.5843,0.528,0.6849,0.2481,0.322,0.9127,2018,5,4,0.4448,0.11,6,4.0,0,1
CZ-034,la_libertad,-11.958426,-77.020879,18938,0.6741,0.2807,0.6064,0.5843,0.528,0.6849,0.2481,0.322,0.9127,2018,6,5,0.4619,0.0,10,6.0,6,0
CZ-034,la_libertad,-11.958426,-77.020879,18938,0.6741,0.2807,0.6064,0.5843,0.528,0.6849,0.2481,0.322,0.9127,2018,7,6,0.5433,0.07,10,8.667,8,0
CZ-034,la_libertad,-11.958426,-77.020879,18938,0.6741,0.2807,0.6064,0.5843,0.528,0.6849,0.2481,0.322,0.9127,2018,8,7,0.4488,-0.1905,6,8.667,0,0
CZ-034,la_libertad,-11.958426,-77.020879,18938,0.6741,0.2807,0.6064,0.5843,0.528,0.6849,0.2481,0.322,0.9127,2018,9,8,0.5413,-0.22,1,5.667,-9,0
CZ-034,la_libertad,-11.958426,-77.020879,18938,0.6741,0.2807,0.6064,0.5843,0.528,0.6849,0.2481,0.322,0.9127,2018,10,9,0.4698,-0.1905,5,4.0,-5,0
CZ-034,la_libertad,-11.958426,-77.020879,18938,0.6741,0.2807,0.6064,0.5843,0.528,0.6849,0.2481,0.322,0.9127,2018,11,10,0.5532,-0.11,4,3.333,-2,0
CZ-034,la_libertad,-11.958426,-77.020879,18938,0.6741,0.2807,0.6064,0.5843,0.528,0.6849,0.2481,0.322,0.9127,2018,12,11,0.6235,0.18,4,4.333,3,1
CZ-034,la_libertad,-11.958426,-77.020879,18938,0.6741,0.2807,0.6064,0.5843,0.528,0.6849,0.2481,0.322,0.9127,2019,1,12,0.4461,0.11,3,3.667,-2,1
CZ-034,la_libertad,-11.958426,-77.020879,18938,0.6741,0.2807,0.6064,0.5843,0.528,0.6849,0.2481,0.322,0.9127,2019,2,13,0.484,0.1905,10,5.667,6,0
CZ-034,la_libertad,-11.958426,-77.020879,18938,0.6741,0.2807,0.6064,0.5843,0.528,0.6849,0.2481,0.322,0.9127,2019,3,14,0.4898,0.22,9,7.333,5,1
CZ-034,la_libertad,-11.958426,-77.020879,18938,0.6741,0.2807,0.6064,0.5843,0.528,0.6849,0.2481,0.322,0.9127,2019,4,15,0.4357,0.1905,5,8.0,2,1
CZ-034,la_libertad,-11.958426,-77.020879,18938,0.6741,0.2807,0.6064,0.5843,0.528,0.6849,0.2481,0.322,0.9127,2019,5,16,0.4564,0.11,10,8.0,0,0
CZ-034,la_libertad,-11.958426,-77.020879,18938,0.6741,0.2807,0.6064,0.5843,0.528,0.6849,0.2481,0.322,0.9127,2019,6,17,0.4419,0.0,9,8.0,0,1
CZ-034,la_libertad,-11.958426,-77.020879,18938,0.6741,0.2807,0.6064,0.5843,0.528,0.6849,0.2481,0.322,0.9127,2019,7,18,0.5807,0.07,8,9.0,3,0
CZ-034,la_libertad,-11.958426,-77.020879,18938,0.6741,0.2807,0.6064,0.5843,0.528,0.6849,0.2481,0.322,0.9127,2019,8,19,0.5841,-0.1905,9,8.667,-1,0
CZ-034,la_libertad,-11.958426,-77.020879,18938,0.6741,0.2807,0.6064,0.5843,0.528,0.6849,0.2481,0.322,0.9127,2019,9,20,0.4139,-0.22,2,6.333,-7,0
CZ-034,la_libertad,-11.958426,-77.020879,18938,0.6741,0.2807,0.6064,0.5843,0.528,0.6849,0.2481,0.322,0.9127,2019,10,21,0.4008,-0.1905,7,6.0,-1,0
CZ-034,la_libertad,-11.958426,-77.020879,18938,0.6741,0.2807,0.6064,0.5843,0.528,0.6849,0.2481,0.322,0.9127,2019,11,22,0.4861,-0.11,7,5.333,-2,1
CZ-034,la_libertad,-11.958426,-77.020879,18938,0.6741,0.2807,0.6064,0.5843,0.528,0.6849,0.2481,0.322,0.9127,2019,12,23,0.5289,0.18,8,7.333,6,0
CZ-034,la_libertad,-11.958426,-77.020879,18938,0.6741,0.2807,0.6064,0.5843,0.528,0.6849,0.2481,0.322,0.9127,2020,1,24,0.4837,0.11,9,8.0,2,0
CZ-034,la_libertad,-11.958426,-77.020879,18938,0.6741,0.2807,0.6064,0.5843,0.528,0.6849,0.2481,0.322,0.9127,2020,2,25,0.4579,0.1905,4,7.0,-3,0
CZ-034,la_libertad,-11.958426,-77.020879,18938,0.6741,0.2807,0.6064,0.5843,0.528,0.6849,0.2481,0.322,0.9127,2020,3,26,0.5144,0.22,5,6.0,-3,0
CZ-034,la_libertad,-11.958426,-77.020879,18938,0.6741,0.2807,0.6064,0.5843,0.528,0.6849,0.2481,0.322,0.9127,2020,4,27,0.5014,0.1905,8,5.667,-1,0
CZ-034,la_libertad,-11.958426,-77.020879,18938,0.6741,0.2807,0.6064,0.5843,0.528,0.6849,0.2481,0.322,0.9127,2020,5,28,0.4989,0.11,3,5.333,-1,0
CZ-034,la_libertad,-11.958426,-77.020879,18938,0.6741,0.2807,0.6064,0.5843,0.528,0.6849,0.2481,0.322,0.9127,2020,6,29,0.5144,0.0,5,5.333,0,0
CZ-034,la_libertad,-11.958426,-77.020879,18938,0.6741,0.2807,0.6064,0.5843,0.528,0.6849,0.2481,0.322,0.9127,2020,7,30,0.6003,0.07,7,5.0,-1,0
CZ-034,la_libertad,-11.958426,-77.020879,18938,0.6741,0.2807,0.6064,0.5843,0.528,0.6849,0.2481,0.322,0.9127,2020,8,31,0.4168,-0.1905,7,6.333,4,0
CZ-034,la_libertad,-11.958426,-77.020879,18938,0.6741,0.2807,0.6064,0.5843,0.528,0.6849,0.2481,0.322,0.9127,2020,9,32,0.4854,-0.22,5,6.333,0,0
CZ-034,la_libertad,-11.958426,-77.020879,18938,0.6741,0.2807,0.6064,0.5843,0.528,0.6849,0.2481,0.322,0.9127,2020,10,33,0.5128,-0.1905,3,5.0,-4,0
CZ-034,la_libertad,-11.958426,-77.020879,18938,0.6741,0.2807,0.6064,0.5843,0.528,0.6849,0.2481,0.322,0.9127,2020,11,34,0.471,-0.11,4,4.0,-3,0
CZ-034,la_libertad,-11.958426,-77.020879,18938,0.6741,0.2807,0.6064,0.5843,0.528,0.6849,0.2481,0.322,0.9127,2020,12,35,0.5945,0.18,6,4.333,1,0
CZ-034,la_libertad,-11.958426,-77.020879,18938,0.6741,0.2807,0.6064,0.5843,0.528,0.6849,0.2481,0.322,0.9127,2021,1,36,0.4199,0.11,3,4.333,0,1
CZ-034,la_libertad,-11.958426,-77.020879,18938,0.6741,0.2807,0.6064,0.5843,0.528,0.6849,0.2481,0.322,0.9127,2021,2,37,0.4777,0.1905,6,5.0,2,1
CZ-034,la_libertad,-11.958426,-77.020879,18938,0.6741,0.2807,0.6064,0.5843,0.528,0.6849,0.2481,0.322,0.9127,2021,3,38,0.4994,0.22,12,7.0,6,1
CZ-034,la_libertad,-11.958426,-77.020879,18938,0.6741,0.2807,0.6064,0.5843,0.528,0.6849,0.2481,0.322,0.9127,2021,4,39,0.5125,0.1905,11,9.667,8,1
CZ-034,la_libertad,-11.958426,-77.020879,18938,0.6741,0.2807,0.6064,0.5843,0.528,0.6849,0.2481,0.322,0.9127,2021,5,40,0.5011,0.11,10,11.0,4,0
CZ-034,la_libertad,-11.958426,-77.020879,18938,0.6741,0.2807,0.6064,0.5843,0.528,0.6849,0.2481,0.322,0.9127,2021,6,41,0.5084,0.0,13,11.333,1,1
CZ-034,la_libertad,-11.958426,-77.020879,18938,0.6741,0.2807,0.6064,0.5843,0.528,0.6849,0.2481,0.322,0.9127,2021,7,42,0.459,0.07,7,10.0,-4,0
CZ-034,la_libertad,-11.958426,-77.020879,18938,0.6741,0.2807,0.6064,0.5843,0.528,0.6849,0.2481,0.322,0.9127,2021,8,43,0.4973,-0.1905,14,11.333,4,0
CZ-034,la_libertad,-11.958426,-77.020879,18938,0.6741,0.2807,0.6064,0.5843,0.528,0.6849,0.2481,0.322,0.9127,2021,9,44,0.5347,-0.22,4,8.333,-9,0
CZ-034,la_libertad,-11.958426,-77.020879,18938,0.6741,0.2807,0.6064,0.5843,0.528,0.6849,0.2481,0.322,0.9127,2021,10,45,0.5898,-0.1905,3,7.0,-4,1
CZ-034,la_libertad,-11.958426,-77.020879,18938,0.6741,0.2807,0.6064,0.5843,0.528,0.6849,0.2481,0.322,0.9127,2021,11,46,0.374,-0.11,8,5.0,-6,1
CZ-034,la_libertad,-11.958426,-77.020879,18938,0.6741,0.2807,0.6064,0.5843,0.528,0.6849,0.2481,0.322,0.9127,2021,12,47,0.4778,0.18,11,7.333,7,1
CZ-034,la_libertad,-11.958426,-77.020879,18938,0.6741,0.2807,0.6064,0.5843,0.528,0.6849,0.2481,0.322,0.9127,2022,1,48,0.4389,0.11,10,9.667,7,0
CZ-034,la_libertad,-11.958426,-77.020879,18938,0.6741,0.2807,0.6064,0.5843,0.528,0.6849,0.2481,0.322,0.9127,2022,2,49,0.4554,0.1905,12,11.0,4,1
CZ-034,la_libertad,-11.958426,-77.020879,18938,0.6741,0.2807,0.6064,0.5843,0.528,0.6849,0.2481,0.322,0.9127,2022,3,50,0.4481,0.22,7,9.667,-4,1
CZ-034,la_libertad,-11.958426,-77.020879,18938,0.6741,0.2807,0.6064,0.5843,0.528,0.6849,0.2481,0.322,0.9127,2022,4,51,0.3989,0.1905,12,10.333,2,1
CZ-034,la_libertad,-11.958426,-77.020879,18938,0.6741,0.2807,0.6064,0.5843,0.528,0.6849,0.2481,0.322,0.9127,2022,5,52,0.4908,0.11,11,10.0,-1,0
CZ-034,la_libertad,-11.958426,-77.020879,18938,0.6741,0.2807,0.6064,0.5843,0.528,0.6849,0.2481,0.322,0.9127,2022,6,53,0.5105,0.0,10,11.0,3,0
CZ-034,la_libertad,-11.958426,-77.020879,18938,0.6741,0.2807,0.6064,0.5843,0.528,0.6849,0.2481,0.322,0.9127,2022,7,54,0.5122,0.07,7,9.333,-5,0
CZ-034,la_libertad,-11.958426,-77.020879,18938,0.6741,0.2807,0.6064,0.5843,0.528,0.6849,0.2481,0.322,0.9127,2022,8,55,0.4931,-0.1905,8,8.333,-3,0
CZ-034,la_libertad,-11.958426,-77.020879,18938,0.6741,0.2807,0.6064,0.5843,0.528,0.6849,0.2481,0.322,0.9127,2022,9,56,0.46,-0.22,4,6.333,-6,0
CZ-034,la_libertad,-11.958426,-77.020879,18938,0.6741,0.2807,0.6064,0.5843,0.528,0.6849,0.2481,0.322,0.9127,2022,10,57,0.4495,-0.1905,6,6.0,-1,1
CZ-034,la_libertad,-11.958426,-77.020879,18938,0.6741,0.2807,0.6064,0.5843,0.528,0.6849,0.2481,0.322,0.9127,2022,11,58,0.4603,-0.11,6,5.333,-2,1
CZ-034,la_libertad,-11.958426,-77.020879,18938,0.6741,0.2807,0.6064,0.5843,0.528,0.6849,0.2481,0.322,0.9127,2022,12,59,0.5212,0.18,11,7.667,7,0
CZ-034,la_libertad,-11.958426,-77.020879,18938,0.6741,0.2807,0.6064,0.5843,0.528,0.6849,0.2481,0.322,0.9127,2023,1,60,0.4473,0.11,9,8.667,3,0
CZ-034,la_libertad,-11.958426,-77.020879,18938,0.6741,0.2807,0.6064,0.5843,0.528,0.6849,0.2481,0.322,0.9127,2023,2,61,0.4158,0.1905,5,8.333,-1,1
CZ-034,la_libertad,-11.958426,-77.020879,18938,0.6741,0.2807,0.6064,0.5843,0.528,0.6849,0.2481,0.322,0.9127,2023,3,62,0.5258,0.22,7,7.0,-4,0
CZ-034,la_libertad,-11.958426,-77.020879,18938,0.6741,0.2807,0.6064,0.5843,0.528,0.6849,0.2481,0.322,0.9127,2023,4,63,0.5149,0.1905,14,8.667,5,0
CZ-034,la_libertad,-11.958426,-77.020879,18938,0.6741,0.2807,0.6064,0.5843,0.528,0.6849,0.2481,0.322,0.9127,2023,5,64,0.5032,0.11,7,9.333,2,1
CZ-034,la_libertad,-11.958426,-77.020879,18938,0.6741,0.2807,0.6064,0.5843,0.528,0.6849,0.2481,0.322,0.9127,2023,6,65,0.4387,0.0,6,9.0,-1,1
CZ-034,la_libertad,-11.958426,-77.020879,18938,0.6741,0.2807,0.6064,0.5843,0.528,0.6849,0.2481,0.322,0.9127,2023,7,66,0.5101,0.07,12,8.333,-2,0
CZ-034,la_libertad,-11.958426,-77.020879,18938,0.6741,0.2807,0.6064,0.5843,0.528,0.6849,0.2481,0.322,0.9127,2023,8,67,0.5249,-0.1905,10,9.333,3,0
CZ-034,la_libertad,-11.958426,-77.020879,18938,0.6741,0.2807,0.6064,0.5843,0.528,0.6849,0.2481,0.322,0.9127,2023,9,68,0.5673,-0.22,8,10.0,2,0
CZ-034,la_libertad,-11.958426,-77.020879,18938,0.6741,0.2807,0.6064,0.5843,0.528,0.6849,0.2481,0.322,0.9127,2023,10,69,0.571,-0.1905,8,8.667,-4,0
CZ-034,la_libertad,-11.958426,-77.020879,18938,0.6741,0.2807,0.6064,0.5843,0.528,0.6849,0.2481,0.322,0.9127,2023,11,70,0.5238,-0.11,6,7.333,-4,1
CZ-034,la_libertad,-11.958426,-77.020879,18938,0.6741,0.2807,0.6064,0.5843,0.528,0.6849,0.2481,0.322,0.9127,2023,12,71,0.5887,0.18,7,7.0,-1,1
CZ-034,la_libertad,-11.958426,-77.020879,18938,0.6741,0.2807,0.6064,0.5843,0.528,0.6849,0.2481,0.322,0.9127,2024,1,72,0.4004,0.11,12,8.333,4,1
CZ-034,la_libertad,-11.958426,-77.020879,18938,0.6741,0.2807,0.6064,0.5843,0.528,0.6849,0.2481,0.322,0.9127,2024,2,73,0.4329,0.1905,9,9.333,3,1
CZ-034,la_libertad,-11.958426,-77.020879,18938,0.6741,0.2807,0.6064,0.5843,0.528,0.6849,0.2481,0.322,0.9127,2024,3,74,0.4717,0.22,11,10.667,4,1
CZ-034,la_libertad,-11.958426,-77.020879,18938,0.6741,0.2807,0.6064,0.5843,0.528,0.6849,0.2481,0.322,0.9127,2024,4,75,0.4143,0.1905,13,11.0,1,1
CZ-034,la_libertad,-11.958426,-77.020879,18938,0.6741,0.2807,0.6064,0.5843,0.528,0.6849,0.2481,0.322,0.9127,2024,5,76,0.4242,0.11,10,11.333,1,0
CZ-034,la_libertad,-11.958426,-77.020879,18938,0.6741,0.2807,0.6064,0.5843,0.528,0.6849,0.2481,0.322,0.9127,2024,6,77,0.4034,0.0,10,11.0,-1,1
CZ-034,la_libertad,-11.958426,-77.020879,18938,0.6741,0.2807,0.6064,0.5843,0.528,0.6849,0.2481,0.322,0.9127,2024,7,78,0.4943,0.07,8,9.333,-5,1
CZ-034,la_libertad,-11.958426,-77.020879,18938,0.6741,0.2807,0.6064,0.5843,0.528,0.6849,0.2481,0.322,0.9127,2024,8,79,0.4979,-0.1905,11,9.667,1,1
CZ-034,la_libertad,-11.958426,-77.020879,18938,0.6741,0.2807,0.6064,0.5843,0.528,0.6849,0.2481,0.322,0.9127,2024,9,80,0.4786,-0.22,10,9.667,0,1
CZ-034,la_libertad,-11.958426,-77.020879,18938,0.6741,0.2807,0.6064,0.5843,0.528,0.6849,0.2481,0.322,0.9127,2024,10,81,0.5225,-0.1905,12,11.0,4,0
CZ-034,la_libertad,-11.958426,-77.020879,18938,0.6741,0.2807,0.6064,0.5843,0.528,0.6849,0.2481,0.322,0.9127,2024,11,82,0.4503,-0.11,10,10.667,-1,1
CZ-034,la_libertad,-11.958426,-77.020879,18938,0.6741,0.2807,0.6064,0.5843,0.528,0.6849,0.2481,0.322,0.9127,2024,12,83,0.564,0.18,7,9.667,-3,1
CZ-034,la_libertad,-11.958426,-77.020879,18938,0.6741,0.2807,0.6064,0.5843,0.528,0.6849,0.2481,0.322,0.9127,2025,1,84,0.4991,0.11,13,10.0,1,1
CZ-034,la_libertad,-11.958426,-77.020879,18938,0.6741,0.2807,0.6064,0.5843,0.528,0.6849,0.2481,0.322,0.9127,2025,2,85,0.5526,0.1905,13,11.0,3,1
CZ-034,la_libertad,-11.958426,-77.020879,18938,0.6741,0.2807,0.6064,0.5843,0.528,0.6849,0.2481,0.322,0.9127,2025,3,86,0.4784,0.22,10,12.0,3,1
CZ-034,la_libertad,-11.958426,-77.020879,18938,0.6741,0.2807,0.6064,0.5843,0.528,0.6849,0.2481,0.322,0.9127,2025,4,87,0.4236,0.1905,17,13.333,4,1
CZ-034,la_libertad,-11.958426,-77.020879,18938,0.6741,0.2807,0.6064,0.5843,0.528,0.6849,0.2481,0.322,0.9127,2025,5,88,0.4353,0.11,12,13.0,-1,1
CZ-034,la_libertad,-11.958426,-77.020879,18938,0.6741,0.2807,0.6064,0.5843,0.528,0.6849,0.2481,0.322,0.9127,2025,6,89,0.4108,0.0,14,14.333,4,1
CZ-034,la_libertad,-11.958426,-77.020879,18938,0.6741,0.2807,0.6064,0.5843,0.528,0.6849,0.2481,0.322,0.9127,2025,7,90,0.6426,0.07,9,11.667,-8,1
CZ-034,la_libertad,-11.958426,-77.020879,18938,0.6741,0.2807,0.6064,0.5843,0.528,0.6849,0.2481,0.322,0.9127,2025,8,91,0.4884,-0.1905,17,13.333,5,1
CZ-034,la_libertad,-11.958426,-77.020879,18938,0.6741,0.2807,0.6064,0.5843,0.528,0.6849,0.2481,0.322,0.9127,2025,9,92,0.4607,-0.22,9,11.667,-5,0
CZ-034,la_libertad,-11.958426,-77.020879,18938,0.6741,0.2807,0.6064,0.5843,0.528,0.6849,0.2481,0.322,0.9127,2025,10,93,0.4792,-0.1905,12,12.667,3,0
CZ-034,la_libertad,-11.958426,-77.020879,18938,0.6741,0.2807,0.6064,0.5843,0.528,0.6849,0.2481,0.322,0.9127,2025,11,94,0.4169,-0.11,5,8.667,-12,1
CZ-035,retablo,-11.95615,-77.068885,15726,0.3932,0.2479,0.7252,0.9606,0.5447,0.7664,0.2895,0.3883,0.3023,2018,5,4,0.5472,0.11,5,4.0,-1,1
CZ-035,retablo,-11.95615,-77.068885,15726,0.3932,0.2479,0.7252,0.9606,0.5447,0.7664,0.2895,0.3883,0.3023,2018,6,5,0.5622,0.0,9,6.0,6,0
CZ-035,retablo,-11.95615,-77.068885,15726,0.3932,0.2479,0.7252,0.9606,0.5447,0.7664,0.2895,0.3883,0.3023,2018,7,6,0.5233,0.07,9,7.667,5,0
CZ-035,retablo,-11.95615,-77.068885,15726,0.3932,0.2479,0.7252,0.9606,0.5447,0.7664,0.2895,0.3883,0.3023,2018,8,7,0.5061,-0.1905,6,8.0,1,0
CZ-035,retablo,-11.95615,-77.068885,15726,0.3932,0.2479,0.7252,0.9606,0.5447,0.7664,0.2895,0.3883,0.3023,2018,9,8,0.5077,-0.22,3,6.0,-6,1
CZ-035,retablo,-11.95615,-77.068885,15726,0.3932,0.2479,0.7252,0.9606,0.5447,0.7664,0.2895,0.3883,0.3023,2018,10,9,0.442,-0.1905,4,4.333,-5,0
CZ-035,retablo,-11.95615,-77.068885,15726,0.3932,0.2479,0.7252,0.9606,0.5447,0.7664,0.2895,0.3883,0.3023,2018,11,10,0.5019,-0.11,12,6.333,6,0
CZ-035,retablo,-11.95615,-77.068885,15726,0.3932,0.2479,0.7252,0.9606,0.5447,0.7664,0.2895,0.3883,0.3023,2018,12,11,0.496,0.18,2,6.0,-1,1
CZ-035,retablo,-11.95615,-77.068885,15726,0.3932,0.2479,0.7252,0.9606,0.5447,0.7664,0.2895,0.3883,0.3023,2019,1,12,0.507,0.11,7,7.0,3,0
CZ-035,retablo,-11.95615,-77.068885,15726,0.3932,0.2479,0.7252,0.9606,0.5447,0.7664,0.2895,0.3883,0.3023,2019,2,13,0.5726,0.1905,10,6.333,-2,1
CZ-035,retablo,-11.95615,-77.068885,15726,0.3932,0.2479,0.7252,0.9606,0.5447,0.7664,0.2895,0.3883,0.3023,2019,3,14,0.5304,0.22,7,8.0,5,1
CZ-035,retablo,-11.95615,-77.068885,15726,0.3932,0.2479,0.7252,0.9606,0.5447,0.7664,0.2895,0.3883,0.3023,2019,4,15,0.4807,0.1905,10,9.0,3,1
CZ-035,retablo,-11.95615,-77.068885,15726,0.3932,0.2479,0.7252,0.9606,0.5447,0.7664,0.2895,0.3883,0.3023,2019,5,16,0.5301,0.11,13,10.0,3,0
CZ-035,retablo,-11.95615,-77.068885,15726,0.3932,0.2479,0.7252,0.9606,0.5447,0.7664,0.2895,0.3883,0.3023,2019,6,17,0.494,0.0,13,12.0,6,0
CZ-035,retablo,-11.95615,-77.068885,15726,0.3932,0.2479,0.7252,0.9606,0.5447,0.7664,0.2895,0.3883,0.3023,2019,7,18,0.5953,0.07,7,11.0,-3,0
CZ-035,retablo,-11.95615,-77.068885,15726,0.3932,0.2479,0.7252,0.9606,0.5447,0.7664,0.2895,0.3883,0.3023,2019,8,19,0.4468,-0.1905,5,8.333,-8,0
CZ-035,retablo,-11.95615,-77.068885,15726,0.3932,0.2479,0.7252,0.9606,0.5447,0.7664,0.2895,0.3883,0.3023,2019,9,20,0.4514,-0.22,4,5.333,-9,0
CZ-035,retablo,-11.95615,-77.068885,15726,0.3932,0.2479,0.7252,0.9606,0.5447,0.7664,0.2895,0.3883,0.3023,2019,10,21,0.5425,-0.1905,6,5.0,-1,0
CZ-035,retablo,-11.95615,-77.068885,15726,0.3932,0.2479,0.7252,0.9606,0.5447,0.7664,0.2895,0.3883,0.3023,2019,11,22,0.4718,-0.11,4,4.667,-1,0
CZ-035,retablo,-11.95615,-77.068885,15726,0.3932,0.2479,0.7252,0.9606,0.5447,0.7664,0.2895,0.3883,0.3023,2019,12,23,0.5374,0.18,4,4.667,0,1
CZ-035,retablo,-11.95615,-77.068885,15726,0.3932,0.2479,0.7252,0.9606,0.5447,0.7664,0.2895,0.3883,0.3023,2020,1,24,0.4887,0.11,8,5.333,2,0
CZ-035,retablo,-11.95615,-77.068885,15726,0.3932,0.2479,0.7252,0.9606,0.5447,0.7664,0.2895,0.3883,0.3023,2020,2,25,0.5191,0.1905,10,7.333,6,0
CZ-035,retablo,-11.95615,-77.068885,15726,0.3932,0.2479,0.7252,0.9606,0.5447,0.7664,0.2895,0.3883,0.3023,2020,3,26,0.5175,0.22,6,8.0,2,0
CZ-035,retablo,-11.95615,-77.068885,15726,0.3932,0.2479,0.7252,0.9606,0.5447,0.7664,0.2895,0.3883,0.3023,2020,4,27,0.4051,0.1905,6,7.333,-2,0
CZ-035,retablo,-11.95615,-77.068885,15726,0.3932,0.2479,0.7252,0.9606,0.5447,0.7664,0.2895,0.3883,0.3023,2020,5,28,0.4966,0.11,7,6.333,-3,0
CZ-035,retablo,-11.95615,-77.068885,15726,0.3932,0.2479,0.7252,0.9606,0.5447,0.7664,0.2895,0.3883,0.3023,2020,6,29,0.526,0.0,8,7.0,2,1
CZ-035,retablo,-11.95615,-77.068885,15726,0.3932,0.2479,0.7252,0.9606,0.5447,0.7664,0.2895,0.3883,0.3023,2020,7,30,0.6393,0.07,8,7.667,2,0
CZ-035,retablo,-11.95615,-77.068885,15726,0.3932,0.2479,0.7252,0.9606,0.5447,0.7664,0.2895,0.3883,0.3023,2020,8,31,0.5246,-0.1905,12,9.333,5,0
CZ-035,retablo,-11.95615,-77.068885,15726,0.3932,0.2479,0.7252,0.9606,0.5447,0.7664,0.2895,0.3883,0.3023,2020,9,32,0.4652,-0.22,5,8.333,-3,0
CZ-035,retablo,-11.95615,-77.068885,15726,0.3932,0.2479,0.7252,0.9606,0.5447,0.7664,0.2895,0.3883,0.3023,2020,10,33,0.5026,-0.1905,7,8.0,-1,0
CZ-035,retablo,-11.95615,-77.068885,15726,0.3932,0.2479,0.7252,0.9606,0.5447,0.7664,0.2895,0.3883,0.3023,2020,11,34,0.5454,-0.11,6,6.0,-6,0
CZ-035,retablo,-11.95615,-77.068885,15726,0.3932,0.2479,0.7252,0.9606,0.5447,0.7664,0.2895,0.3883,0.3023,2020,12,35,0.5838,0.18,8,7.0,3,0
CZ-035,retablo,-11.95615,-77.068885,15726,0.3932,0.2479,0.7252,0.9606,0.5447,0.7664,0.2895,0.3883,0.3023,2021,1,36,0.5451,0.11,8,7.333,1,1
CZ-035,retablo,-11.95615,-77.068885,15726,0.3932,0.2479,0.7252,0.9606,0.5447,0.7664,0.2895,0.3883,0.3023,2021,2,37,0.4633,0.1905,5,7.0,-1,1
CZ-035,retablo,-11.95615,-77.068885,15726,0.3932,0.2479,0.7252,0.9606,0.5447,0.7664,0.2895,0.3883,0.3023,2021,3,38,0.4964,0.22,12,8.333,4,0
CZ-035,retablo,-11.95615,-77.068885,15726,0.3932,0.2479,0.7252,0.9606,0.5447,0.7664,0.2895,0.3883,0.3023,2021,4,39,0.4757,0.1905,9,8.667,1,0
CZ-035,retablo,-11.95615,-77.068885,15726,0.3932,0.2479,0.7252,0.9606,0.5447,0.7664,0.2895,0.3883,0.3023,2021,5,40,0.4556,0.11,5,8.667,0,0
CZ-035,retablo,-11.95615,-77.068885,15726,0.3932,0.2479,0.7252,0.9606,0.5447,0.7664,0.2895,0.3883,0.3023,2021,6,41,0.3953,0.0,6,6.667,-6,0
CZ-035,retablo,-11.95615,-77.068885,15726,0.3932,0.2479,0.7252,0.9606,0.5447,0.7664,0.2895,0.3883,0.3023,2021,7,42,0.5521,0.07,6,5.667,-3,0
CZ-035,retablo,-11.95615,-77.068885,15726,0.3932,0.2479,0.7252,0.9606,0.5447,0.7664,0.2895,0.3883,0.3023,2021,8,43,0.4924,-0.1905,5,5.667,0,0
CZ-035,retablo,-11.95615,-77.068885,15726,0.3932,0.2479,0.7252,0.9606,0.5447,0.7664,0.2895,0.3883,0.3023,2021,9,44,0.4705,-0.22,5,5.333,-1,0
CZ-035,retablo,-11.95615,-77.068885,15726,0.3932,0.2479,0.7252,0.9606,0.5447,0.7664,0.2895,0.3883,0.3023,2021,10,45,0.4419,-0.1905,6,5.333,0,1
CZ-035,retablo,-11.95615,-77.068885,15726,0.3932,0.2479,0.7252,0.9606,0.5447,0.7664,0.2895,0.3883,0.3023,2021,11,46,0.491,-0.11,6,5.667,1,0
CZ-035,retablo,-11.95615,-77.068885,15726,0.3932,0.2479,0.7252,0.9606,0.5447,0.7664,0.2895,0.3883,0.3023,2021,12,47,0.5608,0.18,9,7.0,4,0
CZ-035,retablo,-11.95615,-77.068885,15726,0.3932,0.2479,0.7252,0.9606,0.5447,0.7664,0.2895,0.3883,0.3023,2022,1,48,0.4921,0.11,6,7.0,0,1
CZ-035,retablo,-11.95615,-77.068885,15726,0.3932,0.2479,0.7252,0.9606,0.5447,0.7664,0.2895,0.3883,0.3023,2022,2,49,0.5874,0.1905,6,7.0,0,0
CZ-035,retablo,-11.95615,-77.068885,15726,0.3932,0.2479,0.7252,0.9606,0.5447,0.7664,0.2895,0.3883,0.3023,2022,3,50,0.4663,0.22,10,7.333,1,1
CZ-035,retablo,-11.95615,-77.068885,15726,0.3932,0.2479,0.7252,0.9606,0.5447,0.7664,0.2895,0.3883,0.3023,2022,4,51,0.5453,0.1905,7,7.667,1,1
CZ-035,retablo,-11.95615,-77.068885,15726,0.3932,0.2479,0.7252,0.9606,0.5447,0.7664,0.2895,0.3883,0.3023,2022,5,52,0.552,0.11,11,9.333,5,0
CZ-035,retablo,-11.95615,-77.068885,15726,0.3932,0.2479,0.7252,0.9606,0.5447,0.7664,0.2895,0.3883,0.3023,2022,6,53,0.5392,0.0,10,9.333,0,1
CZ-035,retablo,-11.95615,-77.068885,15726,0.3932,0.2479,0.7252,0.9606,0.5447,0.7664,0.2895,0.3883,0.3023,2022,7,54,0.5316,0.07,7,9.333,0,0
CZ-035,retablo,-11.95615,-77.068885,15726,0.3932,0.2479,0.7252,0.9606,0.5447,0.7664,0.2895,0.3883,0.3023,2022,8,55,0.4684,-0.1905,13,10.0,2,0
CZ-035,retablo,-11.95615,-77.068885,15726,0.3932,0.2479,0.7252,0.9606,0.5447,0.7664,0.2895,0.3883,0.3023,2022,9,56,0.573,-0.22,3,7.667,-7,0
CZ-035,retablo,-11.95615,-77.068885,15726,0.3932,0.2479,0.7252,0.9606,0.5447,0.7664,0.2895,0.3883,0.3023,2022,10,57,0.4155,-0.1905,8,8.0,1,0
CZ-035,retablo,-11.95615,-77.068885,15726,0.3932,0.2479,0.7252,0.9606,0.5447,0.7664,0.2895,0.3883,0.3023,2022,11,58,0.4841,-0.11,5,5.333,-8,0
CZ-035,retablo,-11.95615,-77.068885,15726,0.3932,0.2479,0.7252,0.9606,0.5447,0.7664,0.2895,0.3883,0.3023,2022,12,59,0.5677,0.18,6,6.333,3,0
CZ-035,retablo,-11.95615,-77.068885,15726,0.3932,0.2479,0.7252,0.9606,0.5447,0.7664,0.2895,0.3883,0.3023,2023,1,60,0.5386,0.11,5,5.333,-3,1
CZ-035,retablo,-11.95615,-77.068885,15726,0.3932,0.2479,0.7252,0.9606,0.5447,0.7664,0.2895,0.3883,0.3023,2023,2,61,0.6083,0.1905,3,4.667,-2,1
CZ-035,retablo,-11.95615,-77.068885,15726,0.3932,0.2479,0.7252,0.9606,0.5447,0.7664,0.2895,0.3883,0.3023,2023,3,62,0.5712,0.22,13,7.0,7,1
CZ-035,retablo,-11.95615,-77.068885,15726,0.3932,0.2479,0.7252,0.9606,0.5447,0.7664,0.2895,0.3883,0.3023,2023,4,63,0.5471,0.1905,16,10.667,11,0
CZ-035,retablo,-11.95615,-77.068885,15726,0.3932,0.2479,0.7252,0.9606,0.5447,0.7664,0.2895,0.3883,0.3023,2023,5,64,0.5662,0.11,13,14.0,10,1
CZ-035,retablo,-11.95615,-77.068885,15726,0.3932,0.2479,0.7252,0.9606,0.5447,0.7664,0.2895,0.3883,0.3023,2023,6,65,0.4439,0.0,5,11.333,-8,0
CZ-035,retablo,-11.95615,-77.068885,15726,0.3932,0.2479,0.7252,0.9606,0.5447,0.7664,0.2895,0.3883,0.3023,2023,7,66,0.594,0.07,9,9.0,-7,1
CZ-035,retablo,-11.95615,-77.068885,15726,0.3932,0.2479,0.7252,0.9606,0.5447,0.7664,0.2895,0.3883,0.3023,2023,8,67,0.5142,-0.1905,8,7.333,-5,1
CZ-035,retablo,-11.95615,-77.068885,15726,0.3932,0.2479,0.7252,0.9606,0.5447,0.7664,0.2895,0.3883,0.3023,2023,9,68,0.4937,-0.22,9,8.667,4,0
CZ-035,retablo,-11.95615,-77.068885,15726,0.3932,0.2479,0.7252,0.9606,0.5447,0.7664,0.2895,0.3883,0.3023,2023,10,69,0.4301,-0.1905,10,9.0,1,1
CZ-035,retablo,-11.95615,-77.068885,15726,0.3932,0.2479,0.7252,0.9606,0.5447,0.7664,0.2895,0.3883,0.3023,2023,11,70,0.5001,-0.11,3,7.333,-5,1
CZ-035,retablo,-11.95615,-77.068885,15726,0.3932,0.2479,0.7252,0.9606,0.5447,0.7664,0.2895,0.3883,0.3023,2023,12,71,0.5289,0.18,10,7.667,1,0
CZ-035,retablo,-11.95615,-77.068885,15726,0.3932,0.2479,0.7252,0.9606,0.5447,0.7664,0.2895,0.3883,0.3023,2024,1,72,0.5953,0.11,12,8.333,2,1
CZ-035,retablo,-11.95615,-77.068885,15726,0.3932,0.2479,0.7252,0.9606,0.5447,0.7664,0.2895,0.3883,0.3023,2024,2,73,0.4938,0.1905,7,9.667,4,1
CZ-035,retablo,-11.95615,-77.068885,15726,0.3932,0.2479,0.7252,0.9606,0.5447,0.7664,0.2895,0.3883,0.3023,2024,3,74,0.4373,0.22,13,10.667,3,1
CZ-035,retablo,-11.95615,-77.068885,15726,0.3932,0.2479,0.7252,0.9606,0.5447,0.7664,0.2895,0.3883,0.3023,2024,4,75,0.5568,0.1905,11,10.333,-1,1
CZ-035,retablo,-11.95615,-77.068885,15726,0.3932,0.2479,0.7252,0.9606,0.5447,0.7664,0.2895,0.3883,0.3023,2024,5,76,0.6399,0.11,13,12.333,6,0
CZ-035,retablo,-11.95615,-77.068885,15726,0.3932,0.2479,0.7252,0.9606,0.5447,0.7664,0.2895,0.3883,0.3023,2024,6,77,0.5043,0.0,14,12.667,1,0
CZ-035,retablo,-11.95615,-77.068885,15726,0.3932,0.2479,0.7252,0.9606,0.5447,0.7664,0.2895,0.3883,0.3023,2024,7,78,0.576,0.07,8,11.667,-3,0
CZ-035,retablo,-11.95615,-77.068885,15726,0.3932,0.2479,0.7252,0.9606,0.5447,0.7664,0.2895,0.3883,0.3023,2024,8,79,0.4843,-0.1905,6,9.333,-7,0
CZ-035,retablo,-11.95615,-77.068885,15726,0.3932,0.2479,0.7252,0.9606,0.5447,0.7664,0.2895,0.3883,0.3023,2024,9,80,0.4069,-0.22,7,7.0,-7,0
CZ-035,retablo,-11.95615,-77.068885,15726,0.3932,0.2479,0.7252,0.9606,0.5447,0.7664,0.2895,0.3883,0.3023,2024,10,81,0.4257,-0.1905,2,5.0,-6,0
CZ-035,retablo,-11.95615,-77.068885,15726,0.3932,0.2479,0.7252,0.9606,0.5447,0.7664,0.2895,0.3883,0.3023,2024,11,82,0.5062,-0.11,6,5.0,0,1
CZ-035,retablo,-11.95615,-77.068885,15726,0.3932,0.2479,0.7252,0.9606,0.5447,0.7664,0.2895,0.3883,0.3023,2024,12,83,0.5637,0.18,8,5.333,1,0
CZ-035,retablo,-11.95615,-77.068885,15726,0.3932,0.2479,0.7252,0.9606,0.5447,0.7664,0.2895,0.3883,0.3023,2025,1,84,0.4293,0.11,10,8.0,8,1
CZ-035,retablo,-11.95615,-77.068885,15726,0.3932,0.2479,0.7252,0.9606,0.5447,0.7664,0.2895,0.3883,0.3023,2025,2,85,0.4892,0.1905,6,8.0,0,1
CZ-035,retablo,-11.95615,-77.068885,15726,0.3932,0.2479,0.7252,0.9606,0.5447,0.7664,0.2895,0.3883,0.3023,2025,3,86,0.5452,0.22,10,8.667,2,0
CZ-035,retablo,-11.95615,-77.068885,15726,0.3932,0.2479,0.7252,0.9606,0.5447,0.7664,0.2895,0.3883,0.3023,2025,4,87,0.5072,0.1905,15,10.333,5,0
CZ-035,retablo,-11.95615,-77.068885,15726,0.3932,0.2479,0.7252,0.9606,0.5447,0.7664,0.2895,0.3883,0.3023,2025,5,88,0.5039,0.11,8,11.0,2,1
CZ-035,retablo,-11.95615,-77.068885,15726,0.3932,0.2479,0.7252,0.9606,0.5447,0.7664,0.2895,0.3883,0.3023,2025,6,89,0.4905,0.0,8,10.333,-2,1
CZ-035,retablo,-11.95615,-77.068885,15726,0.3932,0.2479,0.7252,0.9606,0.5447,0.7664,0.2895,0.3883,0.3023,2025,7,90,0.5,0.07,12,9.333,-3,0
CZ-035,retablo,-11.95615,-77.068885,15726,0.3932,0.2479,0.7252,0.9606,0.5447,0.7664,0.2895,0.3883,0.3023,2025,8,91,0.5026,-0.1905,13,11.0,5,1
CZ-035,retablo,-11.95615,-77.068885,15726,0.3932,0.2479,0.7252,0.9606,0.5447,0.7664,0.2895,0.3883,0.3023,2025,9,92,0.5234,-0.22,7,10.667,-1,1
CZ-035,retablo,-11.95615,-77.068885,15726,0.3932,0.2479,0.7252,0.9606,0.5447,0.7664,0.2895,0.3883,0.3023,2025,10,93,0.5433,-0.1905,10,10.0,-2,0
CZ-035,retablo,-11.95615,-77.068885,15726,0.3932,0.2479,0.7252,0.9606,0.5447,0.7664,0.2895,0.3883,0.3023,2025,11,94,0.4801,-0.11,15,10.667,2,0
CZ-036,collique,-11.892858,-77.082381,18017,0.7272,0.3236,0.4208,0.5082,0.3851,0.4688,0.1149,0.3053,0.6635,2018,5,4,0.4125,0.11,6,4.667,2,0
CZ-036,collique,-11.892858,-77.082381,18017,0.7272,0.3236,0.4208,0.5082,0.3851,0.4688,0.1149,0.3053,0.6635,2018,6,5,0.4256,0.0,6,5.0,1,0
CZ-036,collique,-11.892858,-77.082381,18017,0.7272,0.3236,0.4208,0.5082,0.3851,0.4688,0.1149,0.3053,0.6635,2018,7,6,0.5052,0.07,5,5.667,2,0
CZ-036,collique,-11.892858,-77.082381,18017,0.7272,0.3236,0.4208,0.5082,0.3851,0.4688,0.1149,0.3053,0.6635,2018,8,7,0.4115,-0.1905,7,6.0,1,0
CZ-036,collique,-11.892858,-77.082381,18017,0.7272,0.3236,0.4208,0.5082,0.3851,0.4688,0.1149,0.3053,0.6635,2018,9,8,0.4472,-0.22,3,5.0,-3,0
CZ-036,collique,-11.892858,-77.082381,18017,0.7272,0.3236,0.4208,0.5082,0.3851,0.4688,0.1149,0.3053,0.6635,2018,10,9,0.5096,-0.1905,5,5.0,0,0
CZ-036,collique,-11.892858,-77.082381,18017,0.7272,0.3236,0.4208,0.5082,0.3851,0.4688,0.1149,0.3053,0.6635,2018,11,10,0.3728,-0.11,3,3.667,-4,1
CZ-036,collique,-11.892858,-77.082381,18017,0.7272,0.3236,0.4208,0.5082,0.3851,0.4688,0.1149,0.3053,0.6635,2018,12,11,0.4699,0.18,4,4.0,1,0
CZ-036,collique,-11.892858,-77.082381,18017,0.7272,0.3236,0.4208,0.5082,0.3851,0.4688,0.1149,0.3053,0.6635,2019,1,12,0.447,0.11,9,5.333,4,0
CZ-036,collique,-11.892858,-77.082381,18017,0.7272,0.3236,0.4208,0.5082,0.3851,0.4688,0.1149,0.3053,0.6635,2019,2,13,0.4283,0.1905,6,6.333,3,1
CZ-036,collique,-11.892858,-77.082381,18017,0.7272,0.3236,0.4208,0.5082,0.3851,0.4688,0.1149,0.3053,0.6635,2019,3,14,0.4547,0.22,3,6.0,-1,1
CZ-036,collique,-11.892858,-77.082381,18017,0.7272,0.3236,0.4208,0.5082,0.3851,0.4688,0.1149,0.3053,0.6635,2019,4,15,0.5385,0.1905,11,6.667,2,0
CZ-036,collique,-11.892858,-77.082381,18017,0.7272,0.3236,0.4208,0.5082,0.3851,0.4688,0.1149,0.3053,0.6635,2019,5,16,0.4364,0.11,9,7.667,3,0
CZ-036,collique,-11.892858,-77.082381,18017,0.7272,0.3236,0.4208,0.5082,0.3851,0.4688,0.1149,0.3053,0.6635,2019,6,17,0.4276,0.0,6,8.667,3,0
CZ-036,collique,-11.892858,-77.082381,18017,0.7272,0.3236,0.4208,0.5082,0.3851,0.4688,0.1149,0.3053,0.6635,2019,7,18,0.5718,0.07,2,5.667,-9,0
CZ-036,collique,-11.892858,-77.082381,18017,0.7272,0.3236,0.4208,0.5082,0.3851,0.4688,0.1149,0.3053,0.6635,2019,8,19,0.4339,-0.1905,5,4.333,-4,0
CZ-036,collique,-11.892858,-77.082381,18017,0.7272,0.3236,0.4208,0.5082,0.3851,0.4688,0.1149,0.3053,0.6635,2019,9,20,0.4261,-0.22,7,4.667,1,0
CZ-036,collique,-11.892858,-77.082381,18017,0.7272,0.3236,0.4208,0.5082,0.3851,0.4688,0.1149,0.3053,0.6635,2019,10,21,0.4335,-0.1905,2,4.667,0,0
CZ-036,collique,-11.892858,-77.082381,18017,0.7272,0.3236,0.4208,0.5082,0.3851,0.4688,0.1149,0.3053,0.6635,2019,11,22,0.5258,-0.11,4,4.333,-1,0
CZ-036,collique,-11.892858,-77.082381,18017,0.7272,0.3236,0.4208,0.5082,0.3851,0.4688,0.1149,0.3053,0.6635,2019,12,23,0.4423,0.18,6,4.0,-1,0
CZ-036,collique,-11.892858,-77.082381,18017,0.7272,0.3236,0.4208,0.5082,0.3851,0.4688,0.1149,0.3053,0.6635,2020,1,24,0.4436,0.11,8,6.0,6,0
CZ-036,collique,-11.892858,-77.082381,18017,0.7272,0.3236,0.4208,0.5082,0.3851,0.4688,0.1149,0.3053,0.6635,2020,2,25,0.45,0.1905,3,5.667,-1,0
CZ-036,collique,-11.892858,-77.082381,18017,0.7272,0.3236,0.4208,0.5082,0.3851,0.4688,0.1149,0.3053,0.6635,2020,3,26,0.5172,0.22,6,5.667,0,0
CZ-036,collique,-11.892858,-77.082381,18017,0.7272,0.3236,0.4208,0.5082,0.3851,0.4688,0.1149,0.3053,0.6635,2020,4,27,0.38,0.1905,6,5.0,-2,0
CZ-036,collique,-11.892858,-77.082381,18017,0.7272,0.3236,0.4208,0.5082,0.3851,0.4688,0.1149,0.3053,0.6635,2020,5,28,0.5158,0.11,8,6.667,5,0
CZ-036,collique,-11.892858,-77.082381,18017,0.7272,0.3236,0.4208,0.5082,0.3851,0.4688,0.1149,0.3053,0.6635,2020,6,29,0.4754,0.0,5,6.333,-1,1
CZ-036,collique,-11.892858,-77.082381,18017,0.7272,0.3236,0.4208,0.5082,0.3851,0.4688,0.1149,0.3053,0.6635,2020,7,30,0.4691,0.07,2,5.0,-4,0
CZ-036,collique,-11.892858,-77.082381,18017,0.7272,0.3236,0.4208,0.5082,0.3851,0.4688,0.1149,0.3053,0.6635,2020,8,31,0.4505,-0.1905,9,5.333,1,1
CZ-036,collique,-11.892858,-77.082381,18017,0.7272,0.3236,0.4208,0.5082,0.3851,0.4688,0.1149,0.3053,0.6635,2020,9,32,0.363,-0.22,6,5.667,1,0
CZ-036,collique,-11.892858,-77.082381,18017,0.7272,0.3236,0.4208,0.5082,0.3851,0.4688,0.1149,0.3053,0.6635,2020,10,33,0.4467,-0.1905,12,9.0,10,0
CZ-036,collique,-11.892858,-77.082381,18017,0.7272,0.3236,0.4208,0.5082,0.3851,0.4688,0.1149,0.3053,0.6635,2020,11,34,0.4147,-0.11,6,8.0,-3,0
CZ-036,collique,-11.892858,-77.082381,18017,0.7272,0.3236,0.4208,0.5082,0.3851,0.4688,0.1149,0.3053,0.6635,2020,12,35,0.4783,0.18,3,7.0,-3,0
CZ-036,collique,-11.892858,-77.082381,18017,0.7272,0.3236,0.4208,0.5082,0.3851,0.4688,0.1149,0.3053,0.6635,2021,1,36,0.334,0.11,7,5.333,-5,0
CZ-036,collique,-11.892858,-77.082381,18017,0.7272,0.3236,0.4208,0.5082,0.3851,0.4688,0.1149,0.3053,0.6635,2021,2,37,0.2766,0.1905,2,4.0,-4,0
CZ-036,collique,-11.892858,-77.082381,18017,0.7272,0.3236,0.4208,0.5082,0.3851,0.4688,0.1149,0.3053,0.6635,2021,3,38,0.3856,0.22,6,5.0,3,0
CZ-036,collique,-11.892858,-77.082381,18017,0.7272,0.3236,0.4208,0.5082,0.3851,0.4688,0.1149,0.3053,0.6635,2021,4,39,0.4545,0.1905,2,3.333,-5,1
CZ-036,collique,-11.892858,-77.082381,18017,0.7272,0.3236,0.4208,0.5082,0.3851,0.4688,0.1149,0.3053,0.6635,2021,5,40,0.4364,0.11,8,5.333,6,0
CZ-036,collique,-11.892858,-77.082381,18017,0.7272,0.3236,0.4208,0.5082,0.3851,0.4688,0.1149,0.3053,0.6635,2021,6,41,0.4644,0.0,9,6.333,3,0
CZ-036,collique,-11.892858,-77.082381,18017,0.7272,0.3236,0.4208,0.5082,0.3851,0.4688,0.1149,0.3053,0.6635,2021,7,42,0.5093,0.07,4,7.0,2,0
CZ-036,collique,-11.892858,-77.082381,18017,0.7272,0.3236,0.4208,0.5082,0.3851,0.4688,0.1149,0.3053,0.6635,2021,8,43,0.3647,-0.1905,1,4.667,-7,0
CZ-036,collique,-11.892858,-77.082381,18017,0.7272,0.3236,0.4208,0.5082,0.3851,0.4688,0.1149,0.3053,0.6635,2021,9,44,0.475,-0.22,2,2.333,-7,0
CZ-036,collique,-11.892858,-77.082381,18017,0.7272,0.3236,0.4208,0.5082,0.3851,0.4688,0.1149,0.3053,0.6635,2021,10,45,0.4423,-0.1905,4,2.333,0,0
CZ-036,collique,-11.892858,-77.082381,18017,0.7272,0.3236,0.4208,0.5082,0.3851,0.4688,0.1149,0.3053,0.6635,2021,11,46,0.4925,-0.11,8,4.667,7,0
CZ-036,collique,-11.892858,-77.082381,18017,0.7272,0.3236,0.4208,0.5082,0.3851,0.4688,0.1149,0.3053,0.6635,2021,12,47,0.5324,0.18,8,6.667,6,0
CZ-036,collique,-11.892858,-77.082381,18017,0.7272,0.3236,0.4208,0.5082,0.3851,0.4688,0.1149,0.3053,0.6635,2022,1,48,0.3771,0.11,8,8.0,4,1
CZ-036,collique,-11.892858,-77.082381,18017,0.7272,0.3236,0.4208,0.5082,0.3851,0.4688,0.1149,0.3053,0.6635,2022,2,49,0.3924,0.1905,5,7.0,-3,0
CZ-036,collique,-11.892858,-77.082381,18017,0.7272,0.3236,0.4208,0.5082,0.3851,0.4688,0.1149,0.3053,0.6635,2022,3,50,0.4698,0.22,9,7.333,1,0
CZ-036,collique,-11.892858,-77.082381,18017,0.7272,0.3236,0.4208,0.5082,0.3851,0.4688,0.1149,0.3053,0.6635,2022,4,51,0.4896,0.1905,6,6.667,-2,0
CZ-036,collique,-11.892858,-77.082381,18017,0.7272,0.3236,0.4208,0.5082,0.3851,0.4688,0.1149,0.3053,0.6635,2022,5,52,0.42,0.11,7,7.333,2,0
CZ-036,collique,-11.892858,-77.082381,18017,0.7272,0.3236,0.4208,0.5082,0.3851,0.4688,0.1149,0.3053,0.6635,2022,6,53,0.3894,0.0,5,6.0,-4,1
CZ-036,collique,-11.892858,-77.082381,18017,0.7272,0.3236,0.4208,0.5082,0.3851,0.4688,0.1149,0.3053,0.6635,2022,7,54,0.552,0.07,4,5.333,-2,0
CZ-036,collique,-11.892858,-77.082381,18017,0.7272,0.3236,0.4208,0.5082,0.3851,0.4688,0.1149,0.3053,0.6635,2022,8,55,0.3658,-0.1905,9,6.0,2,0
CZ-036,collique,-11.892858,-77.082381,18017,0.7272,0.3236,0.4208,0.5082,0.3851,0.4688,0.1149,0.3053,0.6635,2022,9,56,0.4201,-0.22,1,4.667,-4,0
CZ-036,collique,-11.892858,-77.082381,18017,0.7272,0.3236,0.4208,0.5082,0.3851,0.4688,0.1149,0.3053,0.6635,2022,10,57,0.3645,-0.1905,6,5.333,2,1
CZ-036,collique,-11.892858,-77.082381,18017,0.7272,0.3236,0.4208,0.5082,0.3851,0.4688,0.1149,0.3053,0.6635,2022,11,58,0.4449,-0.11,8,5.0,-1,0
CZ-036,collique,-11.892858,-77.082381,18017,0.7272,0.3236,0.4208,0.5082,0.3851,0.4688,0.1149,0.3053,0.6635,2022,12,59,0.5412,0.18,14,9.333,13,0
CZ-036,collique,-11.892858,-77.082381,18017,0.7272,0.3236,0.4208,0.5082,0.3851,0.4688,0.1149,0.3053,0.6635,2023,1,60,0.3638,0.11,6,9.333,0,1
CZ-036,collique,-11.892858,-77.082381,18017,0.7272,0.3236,0.4208,0.5082,0.3851,0.4688,0.1149,0.3053,0.6635,2023,2,61,0.4026,0.1905,8,9.333,0,0
CZ-036,collique,-11.892858,-77.082381,18017,0.7272,0.3236,0.4208,0.5082,0.3851,0.4688,0.1149,0.3053,0.6635,2023,3,62,0.4149,0.22,9,7.667,-5,1
CZ-036,collique,-11.892858,-77.082381,18017,0.7272,0.3236,0.4208,0.5082,0.3851,0.4688,0.1149,0.3053,0.6635,2023,4,63,0.4132,0.1905,6,7.667,0,0
CZ-036,collique,-11.892858,-77.082381,18017,0.7272,0.3236,0.4208,0.5082,0.3851,0.4688,0.1149,0.3053,0.6635,2023,5,64,0.4603,0.11,13,9.333,5,1
CZ-036,collique,-11.892858,-77.082381,18017,0.7272,0.3236,0.4208,0.5082,0.3851,0.4688,0.1149,0.3053,0.6635,2023,6,65,0.3487,0.0,7,8.667,-2,1
CZ-036,collique,-11.892858,-77.082381,18017,0.7272,0.3236,0.4208,0.5082,0.3851,0.4688,0.1149,0.3053,0.6635,2023,7,66,0.4143,0.07,9,9.667,3,0
CZ-036,collique,-11.892858,-77.082381,18017,0.7272,0.3236,0.4208,0.5082,0.3851,0.4688,0.1149,0.3053,0.6635,2023,8,67,0.4921,-0.1905,9,8.333,-4,0
CZ-036,collique,-11.892858,-77.082381,18017,0.7272,0.3236,0.4208,0.5082,0.3851,0.4688,0.1149,0.3053,0.6635,2023,9,68,0.3795,-0.22,1,6.333,-6,0
CZ-036,collique,-11.892858,-77.082381,18017,0.7272,0.3236,0.4208,0.5082,0.3851,0.4688,0.1149,0.3053,0.6635,2023,10,69,0.4772,-0.1905,7,5.667,-2,0
CZ-036,collique,-11.892858,-77.082381,18017,0.7272,0.3236,0.4208,0.5082,0.3851,0.4688,0.1149,0.3053,0.6635,2023,11,70,0.4751,-0.11,6,4.667,-3,0
CZ-036,collique,-11.892858,-77.082381,18017,0.7272,0.3236,0.4208,0.5082,0.3851,0.4688,0.1149,0.3053,0.6635,2023,12,71,0.5602,0.18,7,6.667,6,0
CZ-036,collique,-11.892858,-77.082381,18017,0.7272,0.3236,0.4208,0.5082,0.3851,0.4688,0.1149,0.3053,0.6635,2024,1,72,0.4041,0.11,6,6.333,-1,0
CZ-036,collique,-11.892858,-77.082381,18017,0.7272,0.3236,0.4208,0.5082,0.3851,0.4688,0.1149,0.3053,0.6635,2024,2,73,0.4564,0.1905,8,7.0,2,1
CZ-036,collique,-11.892858,-77.082381,18017,0.7272,0.3236,0.4208,0.5082,0.3851,0.4688,0.1149,0.3053,0.6635,2024,3,74,0.4084,0.22,6,6.667,-1,0
CZ-036,collique,-11.892858,-77.082381,18017,0.7272,0.3236,0.4208,0.5082,0.3851,0.4688,0.1149,0.3053,0.6635,2024,4,75,0.38,0.1905,10,8.0,4,0
CZ-036,collique,-11.892858,-77.082381,18017,0.7272,0.3236,0.4208,0.5082,0.3851,0.4688,0.1149,0.3053,0.6635,2024,5,76,0.4527,0.11,7,7.667,-1,1
CZ-036,collique,-11.892858,-77.082381,18017,0.7272,0.3236,0.4208,0.5082,0.3851,0.4688,0.1149,0.3053,0.6635,2024,6,77,0.397,0.0,8,8.333,2,0
CZ-036,collique,-11.892858,-77.082381,18017,0.7272,0.3236,0.4208,0.5082,0.3851,0.4688,0.1149,0.3053,0.6635,2024,7,78,0.5241,0.07,13,9.333,3,0
CZ-036,collique,-11.892858,-77.082381,18017,0.7272,0.3236,0.4208,0.5082,0.3851,0.4688,0.1149,0.3053,0.6635,2024,8,79,0.4591,-0.1905,3,8.0,-4,0
CZ-036,collique,-11.892858,-77.082381,18017,0.7272,0.3236,0.4208,0.5082,0.3851,0.4688,0.1149,0.3053,0.6635,2024,9,80,0.3675,-0.22,6,7.333,-2,1
CZ-036,collique,-11.892858,-77.082381,18017,0.7272,0.3236,0.4208,0.5082,0.3851,0.4688,0.1149,0.3053,0.6635,2024,10,81,0.3694,-0.1905,3,4.0,-10,1
CZ-036,collique,-11.892858,-77.082381,18017,0.7272,0.3236,0.4208,0.5082,0.3851,0.4688,0.1149,0.3053,0.6635,2024,11,82,0.34,-0.11,10,6.333,7,0
CZ-036,collique,-11.892858,-77.082381,18017,0.7272,0.3236,0.4208,0.5082,0.3851,0.4688,0.1149,0.3053,0.6635,2024,12,83,0.4711,0.18,10,7.667,4,1
CZ-036,collique,-11.892858,-77.082381,18017,0.7272,0.3236,0.4208,0.5082,0.3851,0.4688,0.1149,0.3053,0.6635,2025,1,84,0.3965,0.11,5,8.333,2,1
CZ-036,collique,-11.892858,-77.082381,18017,0.7272,0.3236,0.4208,0.5082,0.3851,0.4688,0.1149,0.3053,0.6635,2025,2,85,0.4129,0.1905,12,9.0,2,1
CZ-036,collique,-11.892858,-77.082381,18017,0.7272,0.3236,0.4208,0.5082,0.3851,0.4688,0.1149,0.3053,0.6635,2025,3,86,0.554,0.22,9,8.667,-1,1
CZ-036,collique,-11.892858,-77.082381,18017,0.7272,0.3236,0.4208,0.5082,0.3851,0.4688,0.1149,0.3053,0.6635,2025,4,87,0.3483,0.1905,13,11.333,8,0
CZ-036,collique,-11.892858,-77.082381,18017,0.7272,0.3236,0.4208,0.5082,0.3851,0.4688,0.1149,0.3053,0.6635,2025,5,88,0.3967,0.11,12,11.333,0,1
CZ-036,collique,-11.892858,-77.082381,18017,0.7272,0.3236,0.4208,0.5082,0.3851,0.4688,0.1149,0.3053,0.6635,2025,6,89,0.4025,0.0,7,10.667,-2,0
CZ-036,collique,-11.892858,-77.082381,18017,0.7272,0.3236,0.4208,0.5082,0.3851,0.4688,0.1149,0.3053,0.6635,2025,7,90,0.5704,0.07,9,9.333,-4,0
CZ-036,collique,-11.892858,-77.082381,18017,0.7272,0.3236,0.4208,0.5082,0.3851,0.4688,0.1149,0.3053,0.6635,2025,8,91,0.4336,-0.1905,7,7.667,-5,0
CZ-036,collique,-11.892858,-77.082381,18017,0.7272,0.3236,0.4208,0.5082,0.3851,0.4688,0.1149,0.3053,0.6635,2025,9,92,0.4313,-0.22,5,7.0,-2,0
CZ-036,collique,-11.892858,-77.082381,18017,0.7272,0.3236,0.4208,0.5082,0.3851,0.4688,0.1149,0.3053,0.6635,2025,10,93,0.4631,-0.1905,8,6.667,-1,0
CZ-036,collique,-11.892858,-77.082381,18017,0.7272,0.3236,0.4208,0.5082,0.3851,0.4688,0.1149,0.3053,0.6635,2025,11,94,0.4585,-0.11,7,6.667,0,1
CZ-037,collique,-11.896856,-77.04616,20670,0.7383,0.3313,0.4397,0.6638,0.4039,0.6425,0.0887,0.3107,0.4416,2018,5,4,0.5037,0.11,12,11.333,4,0
CZ-037,collique,-11.896856,-77.04616,20670,0.7383,0.3313,0.4397,0.6638,0.4039,0.6425,0.0887,0.3107,0.4416,2018,6,5,0.4553,0.0,3,7.0,-13,0
CZ-037,collique,-11.896856,-77.04616,20670,0.7383,0.3313,0.4397,0.6638,0.4039,0.6425,0.0887,0.3107,0.4416,2018,7,6,0.5687,0.07,5,6.667,-1,0
CZ-037,collique,-11.896856,-77.04616,20670,0.7383,0.3313,0.4397,0.6638,0.4039,0.6425,0.0887,0.3107,0.4416,2018,8,7,0.4717,-0.1905,6,4.667,-6,0
CZ-037,collique,-11.896856,-77.04616,20670,0.7383,0.3313,0.4397,0.6638,0.4039,0.6425,0.0887,0.3107,0.4416,2018,9,8,0.3878,-0.22,7,6.0,4,0
CZ-037,collique,-11.896856,-77.04616,20670,0.7383,0.3313,0.4397,0.6638,0.4039,0.6425,0.0887,0.3107,0.4416,2018,10,9,0.421,-0.1905,5,6.0,0,0
CZ-037,collique,-11.896856,-77.04616,20670,0.7383,0.3313,0.4397,0.6638,0.4039,0.6425,0.0887,0.3107,0.4416,2018,11,10,0.3584,-0.11,5,5.667,-1,1
CZ-037,collique,-11.896856,-77.04616,20670,0.7383,0.3313,0.4397,0.6638,0.4039,0.6425,0.0887,0.3107,0.4416,2018,12,11,0.5747,0.18,6,5.333,-1,0
CZ-037,collique,-11.896856,-77.04616,20670,0.7383,0.3313,0.4397,0.6638,0.4039,0.6425,0.0887,0.3107,0.4416,2019,1,12,0.3514,0.11,9,6.667,4,1
CZ-037,collique,-11.896856,-77.04616,20670,0.7383,0.3313,0.4397,0.6638,0.4039,0.6425,0.0887,0.3107,0.4416,2019,2,13,0.4035,0.1905,7,7.333,2,1
CZ-037,collique,-11.896856,-77.04616,20670,0.7383,0.3313,0.4397,0.6638,0.4039,0.6425,0.0887,0.3107,0.4416,2019,3,14,0.4177,0.22,9,8.333,3,1
CZ-037,collique,-11.896856,-77.04616,20670,0.7383,0.3313,0.4397,0.6638,0.4039,0.6425,0.0887,0.3107,0.4416,2019,4,15,0.4816,0.1905,9,8.333,0,0
CZ-037,collique,-11.896856,-77.04616,20670,0.7383,0.3313,0.4397,0.6638,0.4039,0.6425,0.0887,0.3107,0.4416,2019,5,16,0.4487,0.11,13,10.333,6,0
CZ-037,collique,-11.896856,-77.04616,20670,0.7383,0.3313,0.4397,0.6638,0.4039,0.6425,0.0887,0.3107,0.4416,2019,6,17,0.4294,0.0,7,9.667,-2,0
CZ-037,collique,-11.896856,-77.04616,20670,0.7383,0.3313,0.4397,0.6638,0.4039,0.6425,0.0887,0.3107,0.4416,2019,7,18,0.5052,0.07,5,8.333,-4,0
CZ-037,collique,-11.896856,-77.04616,20670,0.7383,0.3313,0.4397,0.6638,0.4039,0.6425,0.0887,0.3107,0.4416,2019,8,19,0.3814,-0.1905,4,5.333,-9,0
CZ-037,collique,-11.896856,-77.04616,20670,0.7383,0.3313,0.4397,0.6638,0.4039,0.6425,0.0887,0.3107,0.4416,2019,9,20,0.4054,-0.22,8,5.667,1,1
CZ-037,collique,-11.896856,-77.04616,20670,0.7383,0.3313,0.4397,0.6638,0.4039,0.6425,0.0887,0.3107,0.4416,2019,10,21,0.5135,-0.1905,8,6.667,3,0
CZ-037,collique,-11.896856,-77.04616,20670,0.7383,0.3313,0.4397,0.6638,0.4039,0.6425,0.0887,0.3107,0.4416,2019,11,22,0.4781,-0.11,12,9.333,8,1
CZ-037,collique,-11.896856,-77.04616,20670,0.7383,0.3313,0.4397,0.6638,0.4039,0.6425,0.0887,0.3107,0.4416,2019,12,23,0.4984,0.18,5,8.333,-3,1
CZ-037,collique,-11.896856,-77.04616,20670,0.7383,0.3313,0.4397,0.6638,0.4039,0.6425,0.0887,0.3107,0.4416,2020,1,24,0.4757,0.11,10,9.0,2,0
CZ-037,collique,-11.896856,-77.04616,20670,0.7383,0.3313,0.4397,0.6638,0.4039,0.6425,0.0887,0.3107,0.4416,2020,2,25,0.4529,0.1905,10,8.333,-2,1
CZ-037,collique,-11.896856,-77.04616,20670,0.7383,0.3313,0.4397,0.6638,0.4039,0.6425,0.0887,0.3107,0.4416,2020,3,26,0.4034,0.22,7,9.0,2,1
CZ-037,collique,-11.896856,-77.04616,20670,0.7383,0.3313,0.4397,0.6638,0.4039,0.6425,0.0887,0.3107,0.4416,2020,4,27,0.3825,0.1905,10,9.0,0,0
CZ-037,collique,-11.896856,-77.04616,20670,0.7383,0.3313,0.4397,0.6638,0.4039,0.6425,0.0887,0.3107,0.4416,2020,5,28,0.3843,0.11,11,9.333,1,1
CZ-037,collique,-11.896856,-77.04616,20670,0.7383,0.3313,0.4397,0.6638,0.4039,0.6425,0.0887,0.3107,0.4416,2020,6,29,0.4069,0.0,7,9.333,0,0
CZ-037,collique,-11.896856,-77.04616,20670,0.7383,0.3313,0.4397,0.6638,0.4039,0.6425,0.0887,0.3107,0.4416,2020,7,30,0.4738,0.07,12,10.0,2,0
CZ-037,collique,-11.896856,-77.04616,20670,0.7383,0.3313,0.4397,0.6638,0.4039,0.6425,0.0887,0.3107,0.4416,2020,8,31,0.4309,-0.1905,6,8.333,-5,1
CZ-037,collique,-11.896856,-77.04616,20670,0.7383,0.3313,0.4397,0.6638,0.4039,0.6425,0.0887,0.3107,0.4416,2020,9,32,0.4373,-0.22,5,7.667,-2,0
CZ-037,collique,-11.896856,-77.04616,20670,0.7383,0.3313,0.4397,0.6638,0.4039,0.6425,0.0887,0.3107,0.4416,2020,10,33,0.4665,-0.1905,9,6.667,-3,0
CZ-037,collique,-11.896856,-77.04616,20670,0.7383,0.3313,0.4397,0.6638,0.4039,0.6425,0.0887,0.3107,0.4416,2020,11,34,0.3816,-0.11,8,7.333,2,0
CZ-037,collique,-11.896856,-77.04616,20670,0.7383,0.3313,0.4397,0.6638,0.4039,0.6425,0.0887,0.3107,0.4416,2020,12,35,0.5297,0.18,6,7.667,1,0
CZ-037,collique,-11.896856,-77.04616,20670,0.7383,0.3313,0.4397,0.6638,0.4039,0.6425,0.0887,0.3107,0.4416,2021,1,36,0.4289,0.11,8,7.333,-1,1
CZ-037,collique,-11.896856,-77.04616,20670,0.7383,0.3313,0.4397,0.6638,0.4039,0.6425,0.0887,0.3107,0.4416,2021,2,37,0.4284,0.1905,7,7.0,-1,1
CZ-037,collique,-11.896856,-77.04616,20670,0.7383,0.3313,0.4397,0.6638,0.4039,0.6425,0.0887,0.3107,0.4416,2021,3,38,0.4501,0.22,12,9.0,6,1
CZ-037,collique,-11.896856,-77.04616,20670,0.7383,0.3313,0.4397,0.6638,0.4039,0.6425,0.0887,0.3107,0.4416,2021,4,39,0.4289,0.1905,12,10.333,4,0
CZ-037,collique,-11.896856,-77.04616,20670,0.7383,0.3313,0.4397,0.6638,0.4039,0.6425,0.0887,0.3107,0.4416,2021,5,40,0.479,0.11,13,12.333,6,0
CZ-037,collique,-11.896856,-77.04616,20670,0.7383,0.3313,0.4397,0.6638,0.4039,0.6425,0.0887,0.3107,0.4416,2021,6,41,0.5623,0.0,8,11.0,-4,1
CZ-037,collique,-11.896856,-77.04616,20670,0.7383,0.3313,0.4397,0.6638,0.4039,0.6425,0.0887,0.3107,0.4416,2021,7,42,0.4874,0.07,8,9.667,-4,1
CZ-037,collique,-11.896856,-77.04616,20670,0.7383,0.3313,0.4397,0.6638,0.4039,0.6425,0.0887,0.3107,0.4416,2021,8,43,0.5441,-0.1905,9,8.333,-4,0
CZ-037,collique,-11.896856,-77.04616,20670,0.7383,0.3313,0.4397,0.6638,0.4039,0.6425,0.0887,0.3107,0.4416,2021,9,44,0.4576,-0.22,18,11.667,10,1
CZ-037,collique,-11.896856,-77.04616,20670,0.7383,0.3313,0.4397,0.6638,0.4039,0.6425,0.0887,0.3107,0.4416,2021,10,45,0.478,-0.1905,3,10.0,-5,0
CZ-037,collique,-11.896856,-77.04616,20670,0.7383,0.3313,0.4397,0.6638,0.4039,0.6425,0.0887,0.3107,0.4416,2021,11,46,0.4966,-0.11,10,10.333,1,1
CZ-037,collique,-11.896856,-77.04616,20670,0.7383,0.3313,0.4397,0.6638,0.4039,0.6425,0.0887,0.3107,0.4416,2021,12,47,0.5071,0.18,5,6.0,-13,1
CZ-037,collique,-11.896856,-77.04616,20670,0.7383,0.3313,0.4397,0.6638,0.4039,0.6425,0.0887,0.3107,0.4416,2022,1,48,0.505,0.11,14,9.667,11,1
CZ-037,collique,-11.896856,-77.04616,20670,0.7383,0.3313,0.4397,0.6638,0.4039,0.6425,0.0887,0.3107,0.4416,2022,2,49,0.3686,0.1905,12,10.333,2,1
CZ-037,collique,-11.896856,-77.04616,20670,0.7383,0.3313,0.4397,0.6638,0.4039,0.6425,0.0887,0.3107,0.4416,2022,3,50,0.466,0.22,11,12.333,6,1
CZ-037,collique,-11.896856,-77.04616,20670,0.7383,0.3313,0.4397,0.6638,0.4039,0.6425,0.0887,0.3107,0.4416,2022,4,51,0.4663,0.1905,18,13.667,4,1
CZ-037,collique,-11.896856,-77.04616,20670,0.7383,0.3313,0.4397,0.6638,0.4039,0.6425,0.0887,0.3107,0.4416,2022,5,52,0.2909,0.11,19,16.0,7,1
CZ-037,collique,-11.896856,-77.04616,20670,0.7383,0.3313,0.4397,0.6638,0.4039,0.6425,0.0887,0.3107,0.4416,2022,6,53,0.4147,0.0,11,16.0,0,0
CZ-037,collique,-11.896856,-77.04616,20670,0.7383,0.3313,0.4397,0.6638,0.4039,0.6425,0.0887,0.3107,0.4416,2022,7,54,0.4091,0.07,19,16.333,1,1
CZ-037,collique,-11.896856,-77.04616,20670,0.7383,0.3313,0.4397,0.6638,0.4039,0.6425,0.0887,0.3107,0.4416,2022,8,55,0.3345,-0.1905,3,11.0,-16,0
CZ-037,collique,-11.896856,-77.04616,20670,0.7383,0.3313,0.4397,0.6638,0.4039,0.6425,0.0887,0.3107,0.4416,2022,9,56,0.4659,-0.22,11,11.0,0,1
CZ-037,collique,-11.896856,-77.04616,20670,0.7383,0.3313,0.4397,0.6638,0.4039,0.6425,0.0887,0.3107,0.4416,2022,10,57,0.4907,-0.1905,4,6.0,-15,1
CZ-037,collique,-11.896856,-77.04616,20670,0.7383,0.3313,0.4397,0.6638,0.4039,0.6425,0.0887,0.3107,0.4416,2022,11,58,0.4087,-0.11,11,8.667,8,1
CZ-037,collique,-11.896856,-77.04616,20670,0.7383,0.3313,0.4397,0.6638,0.4039,0.6425,0.0887,0.3107,0.4416,2022,12,59,0.5013,0.18,13,9.333,2,1
CZ-037,collique,-11.896856,-77.04616,20670,0.7383,0.3313,0.4397,0.6638,0.4039,0.6425,0.0887,0.3107,0.4416,2023,1,60,0.5106,0.11,14,12.667,10,1
CZ-037,collique,-11.896856,-77.04616,20670,0.7383,0.3313,0.4397,0.6638,0.4039,0.6425,0.0887,0.3107,0.4416,2023,2,61,0.3933,0.1905,9,12.0,-2,1
CZ-037,collique,-11.896856,-77.04616,20670,0.7383,0.3313,0.4397,0.6638,0.4039,0.6425,0.0887,0.3107,0.4416,2023,3,62,0.4405,0.22,12,11.667,-1,1
CZ-037,collique,-11.896856,-77.04616,20670,0.7383,0.3313,0.4397,0.6638,0.4039,0.6425,0.0887,0.3107,0.4416,2023,4,63,0.4828,0.1905,13,11.333,-1,1
CZ-037,collique,-11.896856,-77.04616,20670,0.7383,0.3313,0.4397,0.6638,0.4039,0.6425,0.0887,0.3107,0.4416,2023,5,64,0.418,0.11,10,11.667,1,0
CZ-037,collique,-11.896856,-77.04616,20670,0.7383,0.3313,0.4397,0.6638,0.4039,0.6425,0.0887,0.3107,0.4416,2023,6,65,0.3963,0.0,14,12.333,2,0
CZ-037,collique,-11.896856,-77.04616,20670,0.7383,0.3313,0.4397,0.6638,0.4039,0.6425,0.0887,0.3107,0.4416,2023,7,66,0.4177,0.07,6,10.0,-7,1
CZ-037,collique,-11.896856,-77.04616,20670,0.7383,0.3313,0.4397,0.6638,0.4039,0.6425,0.0887,0.3107,0.4416,2023,8,67,0.5053,-0.1905,8,9.333,-2,1
CZ-037,collique,-11.896856,-77.04616,20670,0.7383,0.3313,0.4397,0.6638,0.4039,0.6425,0.0887,0.3107,0.4416,2023,9,68,0.3135,-0.22,15,9.667,1,1
CZ-037,collique,-11.896856,-77.04616,20670,0.7383,0.3313,0.4397,0.6638,0.4039,0.6425,0.0887,0.3107,0.4416,2023,10,69,0.4345,-0.1905,12,11.667,6,1
CZ-037,collique,-11.896856,-77.04616,20670,0.7383,0.3313,0.4397,0.6638,0.4039,0.6425,0.0887,0.3107,0.4416,2023,11,70,0.4127,-0.11,9,12.0,1,1
CZ-037,collique,-11.896856,-77.04616,20670,0.7383,0.3313,0.4397,0.6638,0.4039,0.6425,0.0887,0.3107,0.4416,2023,12,71,0.5073,0.18,13,11.333,-2,1
CZ-037,collique,-11.896856,-77.04616,20670,0.7383,0.3313,0.4397,0.6638,0.4039,0.6425,0.0887,0.3107,0.4416,2024,1,72,0.4708,0.11,21,14.333,9,1
CZ-037,collique,-11.896856,-77.04616,20670,0.7383,0.3313,0.4397,0.6638,0.4039,0.6425,0.0887,0.3107,0.4416,2024,2,73,0.4632,0.1905,13,15.667,4,1
CZ-037,collique,-11.896856,-77.04616,20670,0.7383,0.3313,0.4397,0.6638,0.4039,0.6425,0.0887,0.3107,0.4416,2024,3,74,0.4798,0.22,18,17.333,5,1
CZ-037,collique,-11.896856,-77.04616,20670,0.7383,0.3313,0.4397,0.6638,0.4039,0.6425,0.0887,0.3107,0.4416,2024,4,75,0.449,0.1905,11,14.0,-10,1
CZ-037,collique,-11.896856,-77.04616,20670,0.7383,0.3313,0.4397,0.6638,0.4039,0.6425,0.0887,0.3107,0.4416,2024,5,76,0.3727,0.11,15,14.667,2,1
CZ-037,collique,-11.896856,-77.04616,20670,0.7383,0.3313,0.4397,0.6638,0.4039,0.6425,0.0887,0.3107,0.4416,2024,6,77,0.4463,0.0,9,11.667,-9,1
CZ-037,collique,-11.896856,-77.04616,20670,0.7383,0.3313,0.4397,0.6638,0.4039,0.6425,0.0887,0.3107,0.4416,2024,7,78,0.5316,0.07,10,11.333,-1,0
CZ-037,collique,-11.896856,-77.04616,20670,0.7383,0.3313,0.4397,0.6638,0.4039,0.6425,0.0887,0.3107,0.4416,2024,8,79,0.3966,-0.1905,15,11.333,0,1
CZ-037,collique,-11.896856,-77.04616,20670,0.7383,0.3313,0.4397,0.6638,0.4039,0.6425,0.0887,0.3107,0.4416,2024,9,80,0.4293,-0.22,7,10.667,-2,1
CZ-037,collique,-11.896856,-77.04616,20670,0.7383,0.3313,0.4397,0.6638,0.4039,0.6425,0.0887,0.3107,0.4416,2024,10,81,0.4532,-0.1905,14,12.0,4,1
CZ-037,collique,-11.896856,-77.04616,20670,0.7383,0.3313,0.4397,0.6638,0.4039,0.6425,0.0887,0.3107,0.4416,2024,11,82,0.3887,-0.11,9,10.0,-6,1
CZ-037,collique,-11.896856,-77.04616,20670,0.7383,0.3313,0.4397,0.6638,0.4039,0.6425,0.0887,0.3107,0.4416,2024,12,83,0.4962,0.18,13,12.0,6,1
CZ-037,collique,-11.896856,-77.04616,20670,0.7383,0.3313,0.4397,0.6638,0.4039,0.6425,0.0887,0.3107,0.4416,2025,1,84,0.3362,0.11,18,13.333,4,1
CZ-037,collique,-11.896856,-77.04616,20670,0.7383,0.3313,0.4397,0.6638,0.4039,0.6425,0.0887,0.3107,0.4416,2025,2,85,0.3446,0.1905,9,13.333,0,1
CZ-037,collique,-11.896856,-77.04616,20670,0.7383,0.3313,0.4397,0.6638,0.4039,0.6425,0.0887,0.3107,0.4416,2025,3,86,0.3615,0.22,19,15.333,6,1
CZ-037,collique,-11.896856,-77.04616,20670,0.7383,0.3313,0.4397,0.6638,0.4039,0.6425,0.0887,0.3107,0.4416,2025,4,87,0.3935,0.1905,11,13.0,-7,0
CZ-037,collique,-11.896856,-77.04616,20670,0.7383,0.3313,0.4397,0.6638,0.4039,0.6425,0.0887,0.3107,0.4416,2025,5,88,0.4035,0.11,14,14.667,5,1
CZ-037,collique,-11.896856,-77.04616,20670,0.7383,0.3313,0.4397,0.6638,0.4039,0.6425,0.0887,0.3107,0.4416,2025,6,89,0.3301,0.0,8,11.0,-11,1
CZ-037,collique,-11.896856,-77.04616,20670,0.7383,0.3313,0.4397,0.6638,0.4039,0.6425,0.0887,0.3107,0.4416,2025,7,90,0.5019,0.07,14,12.0,3,1
CZ-037,collique,-11.896856,-77.04616,20670,0.7383,0.3313,0.4397,0.6638,0.4039,0.6425,0.0887,0.3107,0.4416,2025,8,91,0.389,-0.1905,15,12.333,1,1
CZ-037,collique,-11.896856,-77.04616,20670,0.7383,0.3313,0.4397,0.6638,0.4039,0.6425,0.0887,0.3107,0.4416,2025,9,92,0.4117,-0.22,15,14.667,7,1
CZ-037,collique,-11.896856,-77.04616,20670,0.7383,0.3313,0.4397,0.6638,0.4039,0.6425,0.0887,0.3107,0.4416,2025,10,93,0.3813,-0.1905,10,13.333,-4,1
CZ-037,collique,-11.896856,-77.04616,20670,0.7383,0.3313,0.4397,0.6638,0.4039,0.6425,0.0887,0.3107,0.4416,2025,11,94,0.4352,-0.11,16,13.667,1,1
CZ-038,retablo,-11.912522,-77.059035,20304,0.6814,0.2873,0.6948,0.6431,0.5677,0.5383,0.2746,0.192,0.7224,2018,5,4,0.5015,0.11,5,6.667,-2,0
CZ-038,retablo,-11.912522,-77.059035,20304,0.6814,0.2873,0.6948,0.6431,0.5677,0.5383,0.2746,0.192,0.7224,2018,6,5,0.4347,0.0,12,8.667,6,0
CZ-038,retablo,-11.912522,-77.059035,20304,0.6814,0.2873,0.6948,0.6431,0.5677,0.5383,0.2746,0.192,0.7224,2018,7,6,0.5939,0.07,1,6.0,-8,0
CZ-038,retablo,-11.912522,-77.059035,20304,0.6814,0.2873,0.6948,0.6431,0.5677,0.5383,0.2746,0.192,0.7224,2018,8,7,0.4488,-0.1905,5,6.0,0,0
CZ-038,retablo,-11.912522,-77.059035,20304,0.6814,0.2873,0.6948,0.6431,0.5677,0.5383,0.2746,0.192,0.7224,2018,9,8,0.5223,-0.22,5,3.667,-7,0
CZ-038,retablo,-11.912522,-77.059035,20304,0.6814,0.2873,0.6948,0.6431,0.5677,0.5383,0.2746,0.192,0.7224,2018,10,9,0.4411,-0.1905,6,5.333,5,0
CZ-038,retablo,-11.912522,-77.059035,20304,0.6814,0.2873,0.6948,0.6431,0.5677,0.5383,0.2746,0.192,0.7224,2018,11,10,0.4609,-0.11,6,5.667,1,0
CZ-038,retablo,-11.912522,-77.059035,20304,0.6814,0.2873,0.6948,0.6431,0.5677,0.5383,0.2746,0.192,0.7224,2018,12,11,0.6155,0.18,4,5.333,-1,0
CZ-038,retablo,-11.912522,-77.059035,20304,0.6814,0.2873,0.6948,0.6431,0.5677,0.5383,0.2746,0.192,0.7224,2019,1,12,0.427,0.11,6,5.333,0,0
CZ-038,retablo,-11.912522,-77.059035,20304,0.6814,0.2873,0.6948,0.6431,0.5677,0.5383,0.2746,0.192,0.7224,2019,2,13,0.4057,0.1905,6,5.333,0,0
CZ-038,retablo,-11.912522,-77.059035,20304,0.6814,0.2873,0.6948,0.6431,0.5677,0.5383,0.2746,0.192,0.7224,2019,3,14,0.4853,0.22,5,5.667,1,0
CZ-038,retablo,-11.912522,-77.059035,20304,0.6814,0.2873,0.6948,0.6431,0.5677,0.5383,0.2746,0.192,0.7224,2019,4,15,0.5106,0.1905,5,5.333,-1,0
CZ-038,retablo,-11.912522,-77.059035,20304,0.6814,0.2873,0.6948,0.6431,0.5677,0.5383,0.2746,0.192,0.7224,2019,5,16,0.4973,0.11,3,4.333,-3,0
CZ-038,retablo,-11.912522,-77.059035,20304,0.6814,0.2873,0.6948,0.6431,0.5677,0.5383,0.2746,0.192,0.7224,2019,6,17,0.4239,0.0,4,4.0,-1,0
CZ-038,retablo,-11.912522,-77.059035,20304,0.6814,0.2873,0.6948,0.6431,0.5677,0.5383,0.2746,0.192,0.7224,2019,7,18,0.5683,0.07,8,5.0,3,0
CZ-038,retablo,-11.912522,-77.059035,20304,0.6814,0.2873,0.6948,0.6431,0.5677,0.5383,0.2746,0.192,0.7224,2019,8,19,0.446,-0.1905,2,4.667,-1,0
CZ-038,retablo,-11.912522,-77.059035,20304,0.6814,0.2873,0.6948,0.6431,0.5677,0.5383,0.2746,0.192,0.7224,2019,9,20,0.4996,-0.22,4,4.667,0,0
CZ-038,retablo,-11.912522,-77.059035,20304,0.6814,0.2873,0.6948,0.6431,0.5677,0.5383,0.2746,0.192,0.7224,2019,10,21,0.5412,-0.1905,7,4.333,-1,1
CZ-038,retablo,-11.912522,-77.059035,20304,0.6814,0.2873,0.6948,0.6431,0.5677,0.5383,0.2746,0.192,0.7224,2019,11,22,0.4348,-0.11,4,5.0,2,1
CZ-038,retablo,-11.912522,-77.059035,20304,0.6814,0.2873,0.6948,0.6431,0.5677,0.5383,0.2746,0.192,0.7224,2019,12,23,0.6104,0.18,9,6.667,5,0
CZ-038,retablo,-11.912522,-77.059035,20304,0.6814,0.2873,0.6948,0.6431,0.5677,0.5383,0.2746,0.192,0.7224,2020,1,24,0.4793,0.11,11,8.0,4,0
CZ-038,retablo,-11.912522,-77.059035,20304,0.6814,0.2873,0.6948,0.6431,0.5677,0.5383,0.2746,0.192,0.7224,2020,2,25,0.5729,0.1905,8,9.333,4,0
CZ-038,retablo,-11.912522,-77.059035,20304,0.6814,0.2873,0.6948,0.6431,0.5677,0.5383,0.2746,0.192,0.7224,2020,3,26,0.4816,0.22,7,8.667,-2,1
CZ-038,retablo,-11.912522,-77.059035,20304,0.6814,0.2873,0.6948,0.6431,0.5677,0.5383,0.2746,0.192,0.7224,2020,4,27,0.6042,0.1905,5,6.667,-6,0
CZ-038,retablo,-11.912522,-77.059035,20304,0.6814,0.2873,0.6948,0.6431,0.5677,0.5383,0.2746,0.192,0.7224,2020,5,28,0.5332,0.11,11,7.667,3,0
CZ-038,retablo,-11.912522,-77.059035,20304,0.6814,0.2873,0.6948,0.6431,0.5677,0.5383,0.2746,0.192,0.7224,2020,6,29,0.5033,0.0,8,8.0,1,0
CZ-038,retablo,-11.912522,-77.059035,20304,0.6814,0.2873,0.6948,0.6431,0.5677,0.5383,0.2746,0.192,0.7224,2020,7,30,0.6196,0.07,7,8.667,2,0
CZ-038,retablo,-11.912522,-77.059035,20304,0.6814,0.2873,0.6948,0.6431,0.5677,0.5383,0.2746,0.192,0.7224,2020,8,31,0.5257,-0.1905,8,7.667,-3,1
CZ-038,retablo,-11.912522,-77.059035,20304,0.6814,0.2873,0.6948,0.6431,0.5677,0.5383,0.2746,0.192,0.7224,2020,9,32,0.4995,-0.22,5,6.667,-3,0
CZ-038,retablo,-11.912522,-77.059035,20304,0.6814,0.2873,0.6948,0.6431,0.5677,0.5383,0.2746,0.192,0.7224,2020,10,33,0.5069,-0.1905,10,7.667,3,1
CZ-038,retablo,-11.912522,-77.059035,20304,0.6814,0.2873,0.6948,0.6431,0.5677,0.5383,0.2746,0.192,0.7224,2020,11,34,0.4496,-0.11,1,5.333,-7,0
CZ-038,retablo,-11.912522,-77.059035,20304,0.6814,0.2873,0.6948,0.6431,0.5677,0.5383,0.2746,0.192,0.7224,2020,12,35,0.5611,0.18,10,7.0,5,1
CZ-038,retablo,-11.912522,-77.059035,20304,0.6814,0.2873,0.6948,0.6431,0.5677,0.5383,0.2746,0.192,0.7224,2021,1,36,0.4379,0.11,8,6.333,-2,0
CZ-038,retablo,-11.912522,-77.059035,20304,0.6814,0.2873,0.6948,0.6431,0.5677,0.5383,0.2746,0.192,0.7224,2021,2,37,0.5032,0.1905,10,9.333,9,1
CZ-038,retablo,-11.912522,-77.059035,20304,0.6814,0.2873,0.6948,0.6431,0.5677,0.5383,0.2746,0.192,0.7224,2021,3,38,0.5254,0.22,7,8.333,-3,1
CZ-038,retablo,-11.912522,-77.059035,20304,0.6814,0.2873,0.6948,0.6431,0.5677,0.5383,0.2746,0.192,0.7224,2021,4,39,0.4833,0.1905,21,12.667,13,0
CZ-038,retablo,-11.912522,-77.059035,20304,0.6814,0.2873,0.6948,0.6431,0.5677,0.5383,0.2746,0.192,0.7224,2021,5,40,0.5413,0.11,11,13.0,1,1
CZ-038,retablo,-11.912522,-77.059035,20304,0.6814,0.2873,0.6948,0.6431,0.5677,0.5383,0.2746,0.192,0.7224,2021,6,41,0.4768,0.0,7,13.0,0,1
CZ-038,retablo,-11.912522,-77.059035,20304,0.6814,0.2873,0.6948,0.6431,0.5677,0.5383,0.2746,0.192,0.7224,2021,7,42,0.6098,0.07,12,10.0,-9,0
CZ-038,retablo,-11.912522,-77.059035,20304,0.6814,0.2873,0.6948,0.6431,0.5677,0.5383,0.2746,0.192,0.7224,2021,8,43,0.4361,-0.1905,11,10.0,0,1
CZ-038,retablo,-11.912522,-77.059035,20304,0.6814,0.2873,0.6948,0.6431,0.5677,0.5383,0.2746,0.192,0.7224,2021,9,44,0.4054,-0.22,3,8.667,-4,0
CZ-038,retablo,-11.912522,-77.059035,20304,0.6814,0.2873,0.6948,0.6431,0.5677,0.5383,0.2746,0.192,0.7224,2021,10,45,0.4903,-0.1905,10,8.0,-2,1
CZ-038,retablo,-11.912522,-77.059035,20304,0.6814,0.2873,0.6948,0.6431,0.5677,0.5383,0.2746,0.192,0.7224,2021,11,46,0.4321,-0.11,7,6.667,-4,1
CZ-038,retablo,-11.912522,-77.059035,20304,0.6814,0.2873,0.6948,0.6431,0.5677,0.5383,0.2746,0.192,0.7224,2021,12,47,0.4652,0.18,9,8.667,6,0
CZ-038,retablo,-11.912522,-77.059035,20304,0.6814,0.2873,0.6948,0.6431,0.5677,0.5383,0.2746,0.192,0.7224,2022,1,48,0.3427,0.11,9,8.333,-1,1
CZ-038,retablo,-11.912522,-77.059035,20304,0.6814,0.2873,0.6948,0.6431,0.5677,0.5383,0.2746,0.192,0.7224,2022,2,49,0.4964,0.1905,5,7.667,-2,0
CZ-038,retablo,-11.912522,-77.059035,20304,0.6814,0.2873,0.6948,0.6431,0.5677,0.5383,0.2746,0.192,0.7224,2022,3,50,0.377,0.22,13,9.0,4,0
CZ-038,retablo,-11.912522,-77.059035,20304,0.6814,0.2873,0.6948,0.6431,0.5677,0.5383,0.2746,0.192,0.7224,2022,4,51,0.427,0.1905,7,8.333,-2,0
CZ-038,retablo,-11.912522,-77.059035,20304,0.6814,0.2873,0.6948,0.6431,0.5677,0.5383,0.2746,0.192,0.7224,2022,5,52,0.4907,0.11,7,9.0,2,0
CZ-038,retablo,-11.912522,-77.059035,20304,0.6814,0.2873,0.6948,0.6431,0.5677,0.5383,0.2746,0.192,0.7224,2022,6,53,0.4766,0.0,3,5.667,-10,0
CZ-038,retablo,-11.912522,-77.059035,20304,0.6814,0.2873,0.6948,0.6431,0.5677,0.5383,0.2746,0.192,0.7224,2022,7,54,0.4719,0.07,6,5.333,-1,1
CZ-038,retablo,-11.912522,-77.059035,20304,0.6814,0.2873,0.6948,0.6431,0.5677,0.5383,0.2746,0.192,0.7224,2022,8,55,0.4599,-0.1905,8,5.667,1,0
CZ-038,retablo,-11.912522,-77.059035,20304,0.6814,0.2873,0.6948,0.6431,0.5677,0.5383,0.2746,0.192,0.7224,2022,9,56,0.5123,-0.22,9,7.667,6,0
CZ-038,retablo,-11.912522,-77.059035,20304,0.6814,0.2873,0.6948,0.6431,0.5677,0.5383,0.2746,0.192,0.7224,2022,10,57,0.4016,-0.1905,8,8.333,2,0
CZ-038,retablo,-11.912522,-77.059035,20304,0.6814,0.2873,0.6948,0.6431,0.5677,0.5383,0.2746,0.192,0.7224,2022,11,58,0.426,-0.11,5,7.333,-3,1
CZ-038,retablo,-11.912522,-77.059035,20304,0.6814,0.2873,0.6948,0.6431,0.5677,0.5383,0.2746,0.192,0.7224,2022,12,59,0.5472,0.18,4,5.667,-5,0
CZ-038,retablo,-11.912522,-77.059035,20304,0.6814,0.2873,0.6948,0.6431,0.5677,0.5383,0.2746,0.192,0.7224,2023,1,60,0.5292,0.11,9,6.0,1,1
CZ-038,retablo,-11.912522,-77.059035,20304,0.6814,0.2873,0.6948,0.6431,0.5677,0.5383,0.2746,0.192,0.7224,2023,2,61,0.5067,0.1905,7,6.667,2,1
CZ-038,retablo,-11.912522,-77.059035,20304,0.6814,0.2873,0.6948,0.6431,0.5677,0.5383,0.2746,0.192,0.7224,2023,3,62,0.5025,0.22,15,10.333,11,0
CZ-038,retablo,-11.912522,-77.059035,20304,0.6814,0.2873,0.6948,0.6431,0.5677,0.5383,0.2746,0.192,0.7224,2023,4,63,0.5331,0.1905,16,12.667,7,0
CZ-038,retablo,-11.912522,-77.059035,20304,0.6814,0.2873,0.6948,0.6431,0.5677,0.5383,0.2746,0.192,0.7224,2023,5,64,0.5098,0.11,7,12.667,0,0
CZ-038,retablo,-11.912522,-77.059035,20304,0.6814,0.2873,0.6948,0.6431,0.5677,0.5383,0.2746,0.192,0.7224,2023,6,65,0.5252,0.0,8,10.333,-7,1
CZ-038,retablo,-11.912522,-77.059035,20304,0.6814,0.2873,0.6948,0.6431,0.5677,0.5383,0.2746,0.192,0.7224,2023,7,66,0.5659,0.07,7,7.333,-9,0
CZ-038,retablo,-11.912522,-77.059035,20304,0.6814,0.2873,0.6948,0.6431,0.5677,0.5383,0.2746,0.192,0.7224,2023,8,67,0.4837,-0.1905,11,8.667,4,0
CZ-038,retablo,-11.912522,-77.059035,20304,0.6814,0.2873,0.6948,0.6431,0.5677,0.5383,0.2746,0.192,0.7224,2023,9,68,0.5127,-0.22,2,6.667,-6,1
CZ-038,retablo,-11.912522,-77.059035,20304,0.6814,0.2873,0.6948,0.6431,0.5677,0.5383,0.2746,0.192,0.7224,2023,10,69,0.4949,-0.1905,6,6.333,-1,1
CZ-038,retablo,-11.912522,-77.059035,20304,0.6814,0.2873,0.6948,0.6431,0.5677,0.5383,0.2746,0.192,0.7224,2023,11,70,0.4367,-0.11,12,6.667,1,1
CZ-038,retablo,-11.912522,-77.059035,20304,0.6814,0.2873,0.6948,0.6431,0.5677,0.5383,0.2746,0.192,0.7224,2023,12,71,0.5768,0.18,10,9.333,8,1
CZ-038,retablo,-11.912522,-77.059035,20304,0.6814,0.2873,0.6948,0.6431,0.5677,0.5383,0.2746,0.192,0.7224,2024,1,72,0.4476,0.11,16,12.667,10,1
CZ-038,retablo,-11.912522,-77.059035,20304,0.6814,0.2873,0.6948,0.6431,0.5677,0.5383,0.2746,0.192,0.7224,2024,2,73,0.5642,0.1905,10,12.0,-2,1
CZ-038,retablo,-11.912522,-77.059035,20304,0.6814,0.2873,0.6948,0.6431,0.5677,0.5383,0.2746,0.192,0.7224,2024,3,74,0.4466,0.22,15,13.667,5,0
CZ-038,retablo,-11.912522,-77.059035,20304,0.6814,0.2873,0.6948,0.6431,0.5677,0.5383,0.2746,0.192,0.7224,2024,4,75,0.5546,0.1905,11,12.0,-5,1
CZ-038,retablo,-11.912522,-77.059035,20304,0.6814,0.2873,0.6948,0.6431,0.5677,0.5383,0.2746,0.192,0.7224,2024,5,76,0.5917,0.11,6,10.667,-4,0
CZ-038,retablo,-11.912522,-77.059035,20304,0.6814,0.2873,0.6948,0.6431,0.5677,0.5383,0.2746,0.192,0.7224,2024,6,77,0.5265,0.0,14,10.333,-1,1
CZ-038,retablo,-11.912522,-77.059035,20304,0.6814,0.2873,0.6948,0.6431,0.5677,0.5383,0.2746,0.192,0.7224,2024,7,78,0.5312,0.07,8,9.333,-3,1
CZ-038,retablo,-11.912522,-77.059035,20304,0.6814,0.2873,0.6948,0.6431,0.5677,0.5383,0.2746,0.192,0.7224,2024,8,79,0.4317,-0.1905,10,10.667,4,0
CZ-038,retablo,-11.912522,-77.059035,20304,0.6814,0.2873,0.6948,0.6431,0.5677,0.5383,0.2746,0.192,0.7224,2024,9,80,0.4473,-0.22,9,9.0,-5,1
CZ-038,retablo,-11.912522,-77.059035,20304,0.6814,0.2873,0.6948,0.6431,0.5677,0.5383,0.2746,0.192,0.7224,2024,10,81,0.4986,-0.1905,6,8.333,-2,0
CZ-038,retablo,-11.912522,-77.059035,20304,0.6814,0.2873,0.6948,0.6431,0.5677,0.5383,0.2746,0.192,0.7224,2024,11,82,0.5374,-0.11,11,8.667,1,1
CZ-038,retablo,-11.912522,-77.059035,20304,0.6814,0.2873,0.6948,0.6431,0.5677,0.5383,0.2746,0.192,0.7224,2024,12,83,0.6036,0.18,7,8.0,-2,0
CZ-038,retablo,-11.912522,-77.059035,20304,0.6814,0.2873,0.6948,0.6431,0.5677,0.5383,0.2746,0.192,0.7224,2025,1,84,0.5085,0.11,14,10.667,8,1
CZ-038,retablo,-11.912522,-77.059035,20304,0.6814,0.2873,0.6948,0.6431,0.5677,0.5383,0.2746,0.192,0.7224,2025,2,85,0.5609,0.1905,7,9.333,-4,1
CZ-038,retablo,-11.912522,-77.059035,20304,0.6814,0.2873,0.6948,0.6431,0.5677,0.5383,0.2746,0.192,0.7224,2025,3,86,0.4996,0.22,10,10.333,3,0
CZ-038,retablo,-11.912522,-77.059035,20304,0.6814,0.2873,0.6948,0.6431,0.5677,0.5383,0.2746,0.192,0.7224,2025,4,87,0.5927,0.1905,12,9.667,-2,1
CZ-038,retablo,-11.912522,-77.059035,20304,0.6814,0.2873,0.6948,0.6431,0.5677,0.5383,0.2746,0.192,0.7224,2025,5,88,0.5361,0.11,7,9.667,0,0
CZ-038,retablo,-11.912522,-77.059035,20304,0.6814,0.2873,0.6948,0.6431,0.5677,0.5383,0.2746,0.192,0.7224,2025,6,89,0.5333,0.0,11,10.0,1,1
CZ-038,retablo,-11.912522,-77.059035,20304,0.6814,0.2873,0.6948,0.6431,0.5677,0.5383,0.2746,0.192,0.7224,2025,7,90,0.567,0.07,7,8.333,-5,0
CZ-038,retablo,-11.912522,-77.059035,20304,0.6814,0.2873,0.6948,0.6431,0.5677,0.5383,0.2746,0.192,0.7224,2025,8,91,0.5847,-0.1905,10,9.333,3,1
CZ-038,retablo,-11.912522,-77.059035,20304,0.6814,0.2873,0.6948,0.6431,0.5677,0.5383,0.2746,0.192,0.7224,2025,9,92,0.478,-0.22,7,8.0,-4,1
CZ-038,retablo,-11.912522,-77.059035,20304,0.6814,0.2873,0.6948,0.6431,0.5677,0.5383,0.2746,0.192,0.7224,2025,10,93,0.5319,-0.1905,10,9.0,3,1
CZ-038,retablo,-11.912522,-77.059035,20304,0.6814,0.2873,0.6948,0.6431,0.5677,0.5383,0.2746,0.192,0.7224,2025,11,94,0.464,-0.11,10,9.0,0,1
CZ-039,la_libertad,-11.94506,-77.026915,20666,0.8101,0.3435,0.5953,0.6471,0.3968,0.591,0.2069,0.0954,0.7241,2018,5,4,0.4989,0.11,9,7.0,4,1
CZ-039,la_libertad,-11.94506,-77.026915,20666,0.8101,0.3435,0.5953,0.6471,0.3968,0.591,0.2069,0.0954,0.7241,2018,6,5,0.5172,0.0,6,6.333,-2,1
CZ-039,la_libertad,-11.94506,-77.026915,20666,0.8101,0.3435,0.5953,0.6471,0.3968,0.591,0.2069,0.0954,0.7241,2018,7,6,0.4732,0.07,10,8.333,6,0
CZ-039,la_libertad,-11.94506,-77.026915,20666,0.8101,0.3435,0.5953,0.6471,0.3968,0.591,0.2069,0.0954,0.7241,2018,8,7,0.4903,-0.1905,10,8.667,1,0
CZ-039,la_libertad,-11.94506,-77.026915,20666,0.8101,0.3435,0.5953,0.6471,0.3968,0.591,0.2069,0.0954,0.7241,2018,9,8,0.3941,-0.22,8,9.333,2,0
CZ-039,la_libertad,-11.94506,-77.026915,20666,0.8101,0.3435,0.5953,0.6471,0.3968,0.591,0.2069,0.0954,0.7241,2018,10,9,0.4955,-0.1905,2,6.667,-8,0
CZ-039,la_libertad,-11.94506,-77.026915,20666,0.8101,0.3435,0.5953,0.6471,0.3968,0.591,0.2069,0.0954,0.7241,2018,11,10,0.4966,-0.11,4,4.667,-6,1
CZ-039,la_libertad,-11.94506,-77.026915,20666,0.8101,0.3435,0.5953,0.6471,0.3968,0.591,0.2069,0.0954,0.7241,2018,12,11,0.5468,0.18,2,2.667,-6,1
CZ-039,la_libertad,-11.94506,-77.026915,20666,0.8101,0.3435,0.5953,0.6471,0.3968,0.591,0.2069,0.0954,0.7241,2019,1,12,0.5156,0.11,10,5.333,8,1
CZ-039,la_libertad,-11.94506,-77.026915,20666,0.8101,0.3435,0.5953,0.6471,0.3968,0.591,0.2069,0.0954,0.7241,2019,2,13,0.4739,0.1905,14,8.667,10,1
CZ-039,la_libertad,-11.94506,-77.026915,20666,0.8101,0.3435,0.5953,0.6471,0.3968,0.591,0.2069,0.0954,0.7241,2019,3,14,0.424,0.22,14,12.667,12,1
CZ-039,la_libertad,-11.94506,-77.026915,20666,0.8101,0.3435,0.5953,0.6471,0.3968,0.591,0.2069,0.0954,0.7241,2019,4,15,0.4845,0.1905,14,14.0,4,1
CZ-039,la_libertad,-11.94506,-77.026915,20666,0.8101,0.3435,0.5953,0.6471,0.3968,0.591,0.2069,0.0954,0.7241,2019,5,16,0.5218,0.11,11,13.0,-3,1
CZ-039,la_libertad,-11.94506,-77.026915,20666,0.8101,0.3435,0.5953,0.6471,0.3968,0.591,0.2069,0.0954,0.7241,2019,6,17,0.5681,0.0,13,12.667,-1,1
CZ-039,la_libertad,-11.94506,-77.026915,20666,0.8101,0.3435,0.5953,0.6471,0.3968,0.591,0.2069,0.0954,0.7241,2019,7,18,0.5373,0.07,12,12.0,-2,1
CZ-039,la_libertad,-11.94506,-77.026915,20666,0.8101,0.3435,0.5953,0.6471,0.3968,0.591,0.2069,0.0954,0.7241,2019,8,19,0.5134,-0.1905,9,11.333,-2,0
CZ-039,la_libertad,-11.94506,-77.026915,20666,0.8101,0.3435,0.5953,0.6471,0.3968,0.591,0.2069,0.0954,0.7241,2019,9,20,0.5126,-0.22,11,10.667,-2,0
CZ-039,la_libertad,-11.94506,-77.026915,20666,0.8101,0.3435,0.5953,0.6471,0.3968,0.591,0.2069,0.0954,0.7241,2019,10,21,0.3948,-0.1905,6,8.667,-6,0
CZ-039,la_libertad,-11.94506,-77.026915,20666,0.8101,0.3435,0.5953,0.6471,0.3968,0.591,0.2069,0.0954,0.7241,2019,11,22,0.4656,-0.11,6,7.667,-3,0
CZ-039,la_libertad,-11.94506,-77.026915,20666,0.8101,0.3435,0.5953,0.6471,0.3968,0.591,0.2069,0.0954,0.7241,2019,12,23,0.5318,0.18,6,6.0,-5,0
CZ-039,la_libertad,-11.94506,-77.026915,20666,0.8101,0.3435,0.5953,0.6471,0.3968,0.591,0.2069,0.0954,0.7241,2020,1,24,0.5364,0.11,6,6.0,0,1
CZ-039,la_libertad,-11.94506,-77.026915,20666,0.8101,0.3435,0.5953,0.6471,0.3968,0.591,0.2069,0.0954,0.7241,2020,2,25,0.4068,0.1905,8,6.667,2,1
CZ-039,la_libertad,-11.94506,-77.026915,20666,0.8101,0.3435,0.5953,0.6471,0.3968,0.591,0.2069,0.0954,0.7241,2020,3,26,0.51,0.22,10,8.0,4,1
CZ-039,la_libertad,-11.94506,-77.026915,20666,0.8101,0.3435,0.5953,0.6471,0.3968,0.591,0.2069,0.0954,0.7241,2020,4,27,0.4635,0.1905,13,10.333,7,1
CZ-039,la_libertad,-11.94506,-77.026915,20666,0.8101,0.3435,0.5953,0.6471,0.3968,0.591,0.2069,0.0954,0.7241,2020,5,28,0.5189,0.11,10,11.0,2,0
CZ-039,la_libertad,-11.94506,-77.026915,20666,0.8101,0.3435,0.5953,0.6471,0.3968,0.591,0.2069,0.0954,0.7241,2020,6,29,0.4586,0.0,10,11.0,0,1
CZ-039,la_libertad,-11.94506,-77.026915,20666,0.8101,0.3435,0.5953,0.6471,0.3968,0.591,0.2069,0.0954,0.7241,2020,7,30,0.5578,0.07,8,9.333,-5,1
CZ-039,la_libertad,-11.94506,-77.026915,20666,0.8101,0.3435,0.5953,0.6471,0.3968,0.591,0.2069,0.0954,0.7241,2020,8,31,0.4321,-0.1905,12,10.0,2,0
CZ-039,la_libertad,-11.94506,-77.026915,20666,0.8101,0.3435,0.5953,0.6471,0.3968,0.591,0.2069,0.0954,0.7241,2020,9,32,0.4265,-0.22,12,10.667,2,0
CZ-039,la_libertad,-11.94506,-77.026915,20666,0.8101,0.3435,0.5953,0.6471,0.3968,0.591,0.2069,0.0954,0.7241,2020,10,33,0.4046,-0.1905,5,9.667,-3,1
CZ-039,la_libertad,-11.94506,-77.026915,20666,0.8101,0.3435,0.5953,0.6471,0.3968,0.591,0.2069,0.0954,0.7241,2020,11,34,0.5367,-0.11,8,8.333,-4,1
CZ-039,la_libertad,-11.94506,-77.026915,20666,0.8101,0.3435,0.5953,0.6471,0.3968,0.591,0.2069,0.0954,0.7241,2020,12,35,0.5266,0.18,10,7.667,-2,1
CZ-039,la_libertad,-11.94506,-77.026915,20666,0.8101,0.3435,0.5953,0.6471,0.3968,0.591,0.2069,0.0954,0.7241,2021,1,36,0.4515,0.11,13,10.333,8,0
CZ-039,la_libertad,-11.94506,-77.026915,20666,0.8101,0.3435,0.5953,0.6471,0.3968,0.591,0.2069,0.0954,0.7241,2021,2,37,0.4093,0.1905,10,11.0,2,1
CZ-039,la_libertad,-11.94506,-77.026915,20666,0.8101,0.3435,0.5953,0.6471,0.3968,0.591,0.2069,0.0954,0.7241,2021,3,38,0.4926,0.22,7,10.0,-3,0
CZ-039,la_libertad,-11.94506,-77.026915,20666,0.8101,0.3435,0.5953,0.6471,0.3968,0.591,0.2069,0.0954,0.7241,2021,4,39,0.4194,0.1905,12,9.667,-1,1
CZ-039,la_libertad,-11.94506,-77.026915,20666,0.8101,0.3435,0.5953,0.6471,0.3968,0.591,0.2069,0.0954,0.7241,2021,5,40,0.4325,0.11,6,8.333,-4,1
CZ-039,la_libertad,-11.94506,-77.026915,20666,0.8101,0.3435,0.5953,0.6471,0.3968,0.591,0.2069,0.0954,0.7241,2021,6,41,0.497,0.0,11,9.667,4,0
CZ-039,la_libertad,-11.94506,-77.026915,20666,0.8101,0.3435,0.5953,0.6471,0.3968,0.591,0.2069,0.0954,0.7241,2021,7,42,0.5775,0.07,9,8.667,-3,0
CZ-039,la_libertad,-11.94506,-77.026915,20666,0.8101,0.3435,0.5953,0.6471,0.3968,0.591,0.2069,0.0954,0.7241,2021,8,43,0.4679,-0.1905,7,9.0,1,0
CZ-039,la_libertad,-11.94506,-77.026915,20666,0.8101,0.3435,0.5953,0.6471,0.3968,0.591,0.2069,0.0954,0.7241,2021,9,44,0.3477,-0.22,7,7.667,-4,0
CZ-039,la_libertad,-11.94506,-77.026915,20666,0.8101,0.3435,0.5953,0.6471,0.3968,0.591,0.2069,0.0954,0.7241,2021,10,45,0.4362,-0.1905,6,6.667,-3,0
CZ-039,la_libertad,-11.94506,-77.026915,20666,0.8101,0.3435,0.5953,0.6471,0.3968,0.591,0.2069,0.0954,0.7241,2021,11,46,0.4185,-0.11,6,6.333,-1,0
CZ-039,la_libertad,-11.94506,-77.026915,20666,0.8101,0.3435,0.5953,0.6471,0.3968,0.591,0.2069,0.0954,0.7241,2021,12,47,0.6204,0.18,5,5.667,-2,0
CZ-039,la_libertad,-11.94506,-77.026915,20666,0.8101,0.3435,0.5953,0.6471,0.3968,0.591,0.2069,0.0954,0.7241,2022,1,48,0.4184,0.11,7,6.0,1,1
CZ-039,la_libertad,-11.94506,-77.026915,20666,0.8101,0.3435,0.5953,0.6471,0.3968,0.591,0.2069,0.0954,0.7241,2022,2,49,0.5069,0.1905,7,6.333,1,0
CZ-039,la_libertad,-11.94506,-77.026915,20666,0.8101,0.3435,0.5953,0.6471,0.3968,0.591,0.2069,0.0954,0.7241,2022,3,50,0.4995,0.22,13,9.0,8,1
CZ-039,la_libertad,-11.94506,-77.026915,20666,0.8101,0.3435,0.5953,0.6471,0.3968,0.591,0.2069,0.0954,0.7241,2022,4,51,0.4387,0.1905,8,9.333,1,1
CZ-039,la_libertad,-11.94506,-77.026915,20666,0.8101,0.3435,0.5953,0.6471,0.3968,0.591,0.2069,0.0954,0.7241,2022,5,52,0.3726,0.11,17,12.667,10,1
CZ-039,la_libertad,-11.94506,-77.026915,20666,0.8101,0.3435,0.5953,0.6471,0.3968,0.591,0.2069,0.0954,0.7241,2022,6,53,0.4342,0.0,12,12.333,-1,1
CZ-039,la_libertad,-11.94506,-77.026915,20666,0.8101,0.3435,0.5953,0.6471,0.3968,0.591,0.2069,0.0954,0.7241,2022,7,54,0.5372,0.07,9,12.667,1,1
CZ-039,la_libertad,-11.94506,-77.026915,20666,0.8101,0.3435,0.5953,0.6471,0.3968,0.591,0.2069,0.0954,0.7241,2022,8,55,0.5331,-0.1905,13,11.333,-4,0
CZ-039,la_libertad,-11.94506,-77.026915,20666,0.8101,0.3435,0.5953,0.6471,0.3968,0.591,0.2069,0.0954,0.7241,2022,9,56,0.4553,-0.22,12,11.333,0,0
CZ-039,la_libertad,-11.94506,-77.026915,20666,0.8101,0.3435,0.5953,0.6471,0.3968,0.591,0.2069,0.0954,0.7241,2022,10,57,0.464,-0.1905,5,10.0,-4,1
CZ-039,la_libertad,-11.94506,-77.026915,20666,0.8101,0.3435,0.5953,0.6471,0.3968,0.591,0.2069,0.0954,0.7241,2022,11,58,0.4446,-0.11,8,8.333,-5,1
CZ-039,la_libertad,-11.94506,-77.026915,20666,0.8101,0.3435,0.5953,0.6471,0.3968,0.591,0.2069,0.0954,0.7241,2022,12,59,0.5427,0.18,11,8.0,-1,0
CZ-039,la_libertad,-11.94506,-77.026915,20666,0.8101,0.3435,0.5953,0.6471,0.3968,0.591,0.2069,0.0954,0.7241,2023,1,60,0.4435,0.11,19,12.667,14,0
CZ-039,la_libertad,-11.94506,-77.026915,20666,0.8101,0.3435,0.5953,0.6471,0.3968,0.591,0.2069,0.0954,0.7241,2023,2,61,0.4879,0.1905,6,12.0,-2,1
CZ-039,la_libertad,-11.94506,-77.026915,20666,0.8101,0.3435,0.5953,0.6471,0.3968,0.591,0.2069,0.0954,0.7241,2023,3,62,0.431,0.22,7,10.667,-4,1
CZ-039,la_libertad,-11.94506,-77.026915,20666,0.8101,0.3435,0.5953,0.6471,0.3968,0.591,0.2069,0.0954,0.7241,2023,4,63,0.5091,0.1905,15,9.333,-4,1
CZ-039,la_libertad,-11.94506,-77.026915,20666,0.8101,0.3435,0.5953,0.6471,0.3968,0.591,0.2069,0.0954,0.7241,2023,5,64,0.4925,0.11,13,11.667,7,1
CZ-039,la_libertad,-11.94506,-77.026915,20666,0.8101,0.3435,0.5953,0.6471,0.3968,0.591,0.2069,0.0954,0.7241,2023,6,65,0.4655,0.0,10,12.667,3,1
CZ-039,la_libertad,-11.94506,-77.026915,20666,0.8101,0.3435,0.5953,0.6471,0.3968,0.591,0.2069,0.0954,0.7241,2023,7,66,0.547,0.07,12,11.667,-3,1
CZ-039,la_libertad,-11.94506,-77.026915,20666,0.8101,0.3435,0.5953,0.6471,0.3968,0.591,0.2069,0.0954,0.7241,2023,8,67,0.4479,-0.1905,12,11.333,-1,1
CZ-039,la_libertad,-11.94506,-77.026915,20666,0.8101,0.3435,0.5953,0.6471,0.3968,0.591,0.2069,0.0954,0.7241,2023,9,68,0.466,-0.22,11,11.667,1,0
CZ-039,la_libertad,-11.94506,-77.026915,20666,0.8101,0.3435,0.5953,0.6471,0.3968,0.591,0.2069,0.0954,0.7241,2023,10,69,0.4532,-0.1905,13,12.0,1,0
CZ-039,la_libertad,-11.94506,-77.026915,20666,0.8101,0.3435,0.5953,0.6471,0.3968,0.591,0.2069,0.0954,0.7241,2023,11,70,0.485,-0.11,7,10.333,-5,0
CZ-039,la_libertad,-11.94506,-77.026915,20666,0.8101,0.3435,0.5953,0.6471,0.3968,0.591,0.2069,0.0954,0.7241,2023,12,71,0.7103,0.18,8,9.333,-3,1
CZ-039,la_libertad,-11.94506,-77.026915,20666,0.8101,0.3435,0.5953,0.6471,0.3968,0.591,0.2069,0.0954,0.7241,2024,1,72,0.4756,0.11,8,7.667,-5,1
CZ-039,la_libertad,-11.94506,-77.026915,20666,0.8101,0.3435,0.5953,0.6471,0.3968,0.591,0.2069,0.0954,0.7241,2024,2,73,0.4767,0.1905,11,9.0,4,1
CZ-039,la_libertad,-11.94506,-77.026915,20666,0.8101,0.3435,0.5953,0.6471,0.3968,0.591,0.2069,0.0954,0.7241,2024,3,74,0.4679,0.22,14,11.0,6,1
CZ-039,la_libertad,-11.94506,-77.026915,20666,0.8101,0.3435,0.5953,0.6471,0.3968,0.591,0.2069,0.0954,0.7241,2024,4,75,0.4246,0.1905,12,12.333,4,1
CZ-039,la_libertad,-11.94506,-77.026915,20666,0.8101,0.3435,0.5953,0.6471,0.3968,0.591,0.2069,0.0954,0.7241,2024,5,76,0.4563,0.11,11,12.333,0,1
CZ-039,la_libertad,-11.94506,-77.026915,20666,0.8101,0.3435,0.5953,0.6471,0.3968,0.591,0.2069,0.0954,0.7241,2024,6,77,0.4339,0.0,16,13.0,2,1
CZ-039,la_libertad,-11.94506,-77.026915,20666,0.8101,0.3435,0.5953,0.6471,0.3968,0.591,0.2069,0.0954,0.7241,2024,7,78,0.5091,0.07,13,13.333,1,1
CZ-039,la_libertad,-11.94506,-77.026915,20666,0.8101,0.3435,0.5953,0.6471,0.3968,0.591,0.2069,0.0954,0.7241,2024,8,79,0.4494,-0.1905,15,14.667,4,0
CZ-039,la_libertad,-11.94506,-77.026915,20666,0.8101,0.3435,0.5953,0.6471,0.3968,0.591,0.2069,0.0954,0.7241,2024,9,80,0.4964,-0.22,10,12.667,-6,0
CZ-039,la_libertad,-11.94506,-77.026915,20666,0.8101,0.3435,0.5953,0.6471,0.3968,0.591,0.2069,0.0954,0.7241,2024,10,81,0.4784,-0.1905,8,11.0,-5,1
CZ-039,la_libertad,-11.94506,-77.026915,20666,0.8101,0.3435,0.5953,0.6471,0.3968,0.591,0.2069,0.0954,0.7241,2024,11,82,0.4044,-0.11,5,7.667,-10,1
CZ-039,la_libertad,-11.94506,-77.026915,20666,0.8101,0.3435,0.5953,0.6471,0.3968,0.591,0.2069,0.0954,0.7241,2024,12,83,0.4624,0.18,12,8.333,2,1
CZ-039,la_libertad,-11.94506,-77.026915,20666,0.8101,0.3435,0.5953,0.6471,0.3968,0.591,0.2069,0.0954,0.7241,2025,1,84,0.4328,0.11,16,11.0,8,1
CZ-039,la_libertad,-11.94506,-77.026915,20666,0.8101,0.3435,0.5953,0.6471,0.3968,0.591,0.2069,0.0954,0.7241,2025,2,85,0.5433,0.1905,24,17.333,19,1
CZ-039,la_libertad,-11.94506,-77.026915,20666,0.8101,0.3435,0.5953,0.6471,0.3968,0.591,0.2069,0.0954,0.7241,2025,3,86,0.4213,0.22,15,18.333,3,1
CZ-039,la_libertad,-11.94506,-77.026915,20666,0.8101,0.3435,0.5953,0.6471,0.3968,0.591,0.2069,0.0954,0.7241,2025,4,87,0.4875,0.1905,16,18.333,0,1
CZ-039,la_libertad,-11.94506,-77.026915,20666,0.8101,0.3435,0.5953,0.6471,0.3968,0.591,0.2069,0.0954,0.7241,2025,5,88,0.4658,0.11,20,17.0,-4,1
CZ-039,la_libertad,-11.94506,-77.026915,20666,0.8101,0.3435,0.5953,0.6471,0.3968,0.591,0.2069,0.0954,0.7241,2025,6,89,0.5141,0.0,13,16.333,-2,1
CZ-039,la_libertad,-11.94506,-77.026915,20666,0.8101,0.3435,0.5953,0.6471,0.3968,0.591,0.2069,0.0954,0.7241,2025,7,90,0.5209,0.07,14,15.667,-2,0
CZ-039,la_libertad,-11.94506,-77.026915,20666,0.8101,0.3435,0.5953,0.6471,0.3968,0.591,0.2069,0.0954,0.7241,2025,8,91,0.5157,-0.1905,12,13.0,-8,1
CZ-039,la_libertad,-11.94506,-77.026915,20666,0.8101,0.3435,0.5953,0.6471,0.3968,0.591,0.2069,0.0954,0.7241,2025,9,92,0.4464,-0.22,8,11.333,-5,1
CZ-039,la_libertad,-11.94506,-77.026915,20666,0.8101,0.3435,0.5953,0.6471,0.3968,0.591,0.2069,0.0954,0.7241,2025,10,93,0.4767,-0.1905,11,10.333,-3,1
CZ-039,la_libertad,-11.94506,-77.026915,20666,0.8101,0.3435,0.5953,0.6471,0.3968,0.591,0.2069,0.0954,0.7241,2025,11,94,0.4249,-0.11,16,11.667,4,1
CZ-040,tahuantinsuyo,-11.892312,-77.028422,15907,0.4817,0.2594,0.6471,0.5991,0.5943,0.583,0.3625,0.4213,0.9427,2018,5,4,0.5014,0.11,4,5.667,-2,1
CZ-040,tahuantinsuyo,-11.892312,-77.028422,15907,0.4817,0.2594,0.6471,0.5991,0.5943,0.583,0.3625,0.4213,0.9427,2018,6,5,0.4958,0.0,1,4.0,-5,0
CZ-040,tahuantinsuyo,-11.892312,-77.028422,15907,0.4817,0.2594,0.6471,0.5991,0.5943,0.583,0.3625,0.4213,0.9427,2018,7,6,0.5382,0.07,11,5.333,4,0
CZ-040,tahuantinsuyo,-11.892312,-77.028422,15907,0.4817,0.2594,0.6471,0.5991,0.5943,0.583,0.3625,0.4213,0.9427,2018,8,7,0.4988,-0.1905,3,5.0,-1,0
CZ-040,tahuantinsuyo,-11.892312,-77.028422,15907,0.4817,0.2594,0.6471,0.5991,0.5943,0.583,0.3625,0.4213,0.9427,2018,9,8,0.4914,-0.22,3,5.667,2,0
CZ-040,tahuantinsuyo,-11.892312,-77.028422,15907,0.4817,0.2594,0.6471,0.5991,0.5943,0.583,0.3625,0.4213,0.9427,2018,10,9,0.4846,-0.1905,5,3.667,-6,0
CZ-040,tahuantinsuyo,-11.892312,-77.028422,15907,0.4817,0.2594,0.6471,0.5991,0.5943,0.583,0.3625,0.4213,0.9427,2018,11,10,0.5549,-0.11,2,3.333,-1,0
CZ-040,tahuantinsuyo,-11.892312,-77.028422,15907,0.4817,0.2594,0.6471,0.5991,0.5943,0.583,0.3625,0.4213,0.9427,2018,12,11,0.552,0.18,4,3.667,1,0
CZ-040,tahuantinsuyo,-11.892312,-77.028422,15907,0.4817,0.2594,0.6471,0.5991,0.5943,0.583,0.3625,0.4213,0.9427,2019,1,12,0.4835,0.11,6,4.0,1,0
CZ-040,tahuantinsuyo,-11.892312,-77.028422,15907,0.4817,0.2594,0.6471,0.5991,0.5943,0.583,0.3625,0.4213,0.9427,2019,2,13,0.4872,0.1905,5,5.0,3,0
CZ-040,tahuantinsuyo,-11.892312,-77.028422,15907,0.4817,0.2594,0.6471,0.5991,0.5943,0.583,0.3625,0.4213,0.9427,2019,3,14,0.4468,0.22,7,6.0,3,0
CZ-040,tahuantinsuyo,-11.892312,-77.028422,15907,0.4817,0.2594,0.6471,0.5991,0.5943,0.583,0.3625,0.4213,0.9427,2019,4,15,0.4567,0.1905,5,5.667,-1,0
CZ-040,tahuantinsuyo,-11.892312,-77.028422,15907,0.4817,0.2594,0.6471,0.5991,0.5943,0.583,0.3625,0.4213,0.9427,2019,5,16,0.5215,0.11,6,6.0,1,0
CZ-040,tahuantinsuyo,-11.892312,-77.028422,15907,0.4817,0.2594,0.6471,0.5991,0.5943,0.583,0.3625,0.4213,0.9427,2019,6,17,0.5312,0.0,6,5.667,-1,0
CZ-040,tahuantinsuyo,-11.892312,-77.028422,15907,0.4817,0.2594,0.6471,0.5991,0.5943,0.583,0.3625,0.4213,0.9427,2019,7,18,0.5693,0.07,0,4.0,-5,0
CZ-040,tahuantinsuyo,-11.892312,-77.028422,15907,0.4817,0.2594,0.6471,0.5991,0.5943,0.583,0.3625,0.4213,0.9427,2019,8,19,0.4831,-0.1905,5,3.667,-1,0
CZ-040,tahuantinsuyo,-11.892312,-77.028422,15907,0.4817,0.2594,0.6471,0.5991,0.5943,0.583,0.3625,0.4213,0.9427,2019,9,20,0.6088,-0.22,7,4.0,1,0
CZ-040,tahuantinsuyo,-11.892312,-77.028422,15907,0.4817,0.2594,0.6471,0.5991,0.5943,0.583,0.3625,0.4213,0.9427,2019,10,21,0.481,-0.1905,4,5.333,4,0
CZ-040,tahuantinsuyo,-11.892312,-77.028422,15907,0.4817,0.2594,0.6471,0.5991,0.5943,0.583,0.3625,0.4213,0.9427,2019,11,22,0.4287,-0.11,6,5.667,1,0
CZ-040,tahuantinsuyo,-11.892312,-77.028422,15907,0.4817,0.2594,0.6471,0.5991,0.5943,0.583,0.3625,0.4213,0.9427,2019,12,23,0.533,0.18,6,5.333,-1,0
CZ-040,tahuantinsuyo,-11.892312,-77.028422,15907,0.4817,0.2594,0.6471,0.5991,0.5943,0.583,0.3625,0.4213,0.9427,2020,1,24,0.4646,0.11,7,6.333,3,0
CZ-040,tahuantinsuyo,-11.892312,-77.028422,15907,0.4817,0.2594,0.6471,0.5991,0.5943,0.583,0.3625,0.4213,0.9427,2020,2,25,0.4892,0.1905,8,7.0,2,0
CZ-040,tahuantinsuyo,-11.892312,-77.028422,15907,0.4817,0.2594,0.6471,0.5991,0.5943,0.583,0.3625,0.4213,0.9427,2020,3,26,0.4753,0.22,4,6.333,-2,0
CZ-040,tahuantinsuyo,-11.892312,-77.028422,15907,0.4817,0.2594,0.6471,0.5991,0.5943,0.583,0.3625,0.4213,0.9427,2020,4,27,0.491,0.1905,5,5.667,-2,0
CZ-040,tahuantinsuyo,-11.892312,-77.028422,15907,0.4817,0.2594,0.6471,0.5991,0.5943,0.583,0.3625,0.4213,0.9427,2020,5,28,0.4623,0.11,6,5.0,-2,0
CZ-040,tahuantinsuyo,-11.892312,-77.028422,15907,0.4817,0.2594,0.6471,0.5991,0.5943,0.583,0.3625,0.4213,0.9427,2020,6,29,0.6118,0.0,8,6.333,4,0
CZ-040,tahuantinsuyo,-11.892312,-77.028422,15907,0.4817,0.2594,0.6471,0.5991,0.5943,0.583,0.3625,0.4213,0.9427,2020,7,30,0.4916,0.07,2,5.333,-3,0
CZ-040,tahuantinsuyo,-11.892312,-77.028422,15907,0.4817,0.2594,0.6471,0.5991,0.5943,0.583,0.3625,0.4213,0.9427,2020,8,31,0.4649,-0.1905,4,4.667,-2,0
CZ-040,tahuantinsuyo,-11.892312,-77.028422,15907,0.4817,0.2594,0.6471,0.5991,0.5943,0.583,0.3625,0.4213,0.9427,2020,9,32,0.4926,-0.22,5,3.667,-3,0
CZ-040,tahuantinsuyo,-11.892312,-77.028422,15907,0.4817,0.2594,0.6471,0.5991,0.5943,0.583,0.3625,0.4213,0.9427,2020,10,33,0.4304,-0.1905,5,4.667,3,0
CZ-040,tahuantinsuyo,-11.892312,-77.028422,15907,0.4817,0.2594,0.6471,0.5991,0.5943,0.583,0.3625,0.4213,0.9427,2020,11,34,0.3823,-0.11,4,4.667,0,0
CZ-040,tahuantinsuyo,-11.892312,-77.028422,15907,0.4817,0.2594,0.6471,0.5991,0.5943,0.583,0.3625,0.4213,0.9427,2020,12,35,0.5233,0.18,6,5.0,1,0
CZ-040,tahuantinsuyo,-11.892312,-77.028422,15907,0.4817,0.2594,0.6471,0.5991,0.5943,0.583,0.3625,0.4213,0.9427,2021,1,36,0.4561,0.11,8,6.0,3,0
CZ-040,tahuantinsuyo,-11.892312,-77.028422,15907,0.4817,0.2594,0.6471,0.5991,0.5943,0.583,0.3625,0.4213,0.9427,2021,2,37,0.5399,0.1905,4,6.0,0,0
CZ-040,tahuantinsuyo,-11.892312,-77.028422,15907,0.4817,0.2594,0.6471,0.5991,0.5943,0.583,0.3625,0.4213,0.9427,2021,3,38,0.5562,0.22,6,6.0,0,0
CZ-040,tahuantinsuyo,-11.892312,-77.028422,15907,0.4817,0.2594,0.6471,0.5991,0.5943,0.583,0.3625,0.4213,0.9427,2021,4,39,0.3981,0.1905,7,5.667,-1,0
CZ-040,tahuantinsuyo,-11.892312,-77.028422,15907,0.4817,0.2594,0.6471,0.5991,0.5943,0.583,0.3625,0.4213,0.9427,2021,5,40,0.3577,0.11,6,6.333,2,0
CZ-040,tahuantinsuyo,-11.892312,-77.028422,15907,0.4817,0.2594,0.6471,0.5991,0.5943,0.583,0.3625,0.4213,0.9427,2021,6,41,0.4758,0.0,4,5.667,-2,0
CZ-040,tahuantinsuyo,-11.892312,-77.028422,15907,0.4817,0.2594,0.6471,0.5991,0.5943,0.583,0.3625,0.4213,0.9427,2021,7,42,0.5432,0.07,7,5.667,0,0
CZ-040,tahuantinsuyo,-11.892312,-77.028422,15907,0.4817,0.2594,0.6471,0.5991,0.5943,0.583,0.3625,0.4213,0.9427,2021,8,43,0.511,-0.1905,7,6.0,1,0
CZ-040,tahuantinsuyo,-11.892312,-77.028422,15907,0.4817,0.2594,0.6471,0.5991,0.5943,0.583,0.3625,0.4213,0.9427,2021,9,44,0.503,-0.22,5,6.333,1,0
CZ-040,tahuantinsuyo,-11.892312,-77.028422,15907,0.4817,0.2594,0.6471,0.5991,0.5943,0.583,0.3625,0.4213,0.9427,2021,10,45,0.5065,-0.1905,7,6.333,0,1
CZ-040,tahuantinsuyo,-11.892312,-77.028422,15907,0.4817,0.2594,0.6471,0.5991,0.5943,0.583,0.3625,0.4213,0.9427,2021,11,46,0.4798,-0.11,6,6.0,-1,1
CZ-040,tahuantinsuyo,-11.892312,-77.028422,15907,0.4817,0.2594,0.6471,0.5991,0.5943,0.583,0.3625,0.4213,0.9427,2021,12,47,0.5674,0.18,9,7.333,4,0
CZ-040,tahuantinsuyo,-11.892312,-77.028422,15907,0.4817,0.2594,0.6471,0.5991,0.5943,0.583,0.3625,0.4213,0.9427,2022,1,48,0.4869,0.11,12,9.0,5,0
CZ-040,tahuantinsuyo,-11.892312,-77.028422,15907,0.4817,0.2594,0.6471,0.5991,0.5943,0.583,0.3625,0.4213,0.9427,2022,2,49,0.466,0.1905,5,8.667,-1,0
CZ-040,tahuantinsuyo,-11.892312,-77.028422,15907,0.4817,0.2594,0.6471,0.5991,0.5943,0.583,0.3625,0.4213,0.9427,2022,3,50,0.5438,0.22,8,8.333,-1,0
CZ-040,tahuantinsuyo,-11.892312,-77.028422,15907,0.4817,0.2594,0.6471,0.5991,0.5943,0.583,0.3625,0.4213,0.9427,2022,4,51,0.4469,0.1905,6,6.333,-6,0
CZ-040,tahuantinsuyo,-11.892312,-77.028422,15907,0.4817,0.2594,0.6471,0.5991,0.5943,0.583,0.3625,0.4213,0.9427,2022,5,52,0.4805,0.11,5,6.333,0,0
CZ-040,tahuantinsuyo,-11.892312,-77.028422,15907,0.4817,0.2594,0.6471,0.5991,0.5943,0.583,0.3625,0.4213,0.9427,2022,6,53,0.5182,0.0,8,6.333,0,0
CZ-040,tahuantinsuyo,-11.892312,-77.028422,15907,0.4817,0.2594,0.6471,0.5991,0.5943,0.583,0.3625,0.4213,0.9427,2022,7,54,0.5251,0.07,7,6.667,1,0
CZ-040,tahuantinsuyo,-11.892312,-77.028422,15907,0.4817,0.2594,0.6471,0.5991,0.5943,0.583,0.3625,0.4213,0.9427,2022,8,55,0.4838,-0.1905,4,6.333,-1,0
CZ-040,tahuantinsuyo,-11.892312,-77.028422,15907,0.4817,0.2594,0.6471,0.5991,0.5943,0.583,0.3625,0.4213,0.9427,2022,9,56,0.4941,-0.22,4,5.0,-4,0
CZ-040,tahuantinsuyo,-11.892312,-77.028422,15907,0.4817,0.2594,0.6471,0.5991,0.5943,0.583,0.3625,0.4213,0.9427,2022,10,57,0.4431,-0.1905,7,5.0,0,0
CZ-040,tahuantinsuyo,-11.892312,-77.028422,15907,0.4817,0.2594,0.6471,0.5991,0.5943,0.583,0.3625,0.4213,0.9427,2022,11,58,0.413,-0.11,7,6.0,3,0
CZ-040,tahuantinsuyo,-11.892312,-77.028422,15907,0.4817,0.2594,0.6471,0.5991,0.5943,0.583,0.3625,0.4213,0.9427,2022,12,59,0.5287,0.18,4,6.0,0,0
CZ-040,tahuantinsuyo,-11.892312,-77.028422,15907,0.4817,0.2594,0.6471,0.5991,0.5943,0.583,0.3625,0.4213,0.9427,2023,1,60,0.4458,0.11,5,5.333,-2,1
CZ-040,tahuantinsuyo,-11.892312,-77.028422,15907,0.4817,0.2594,0.6471,0.5991,0.5943,0.583,0.3625,0.4213,0.9427,2023,2,61,0.4745,0.1905,6,5.0,-1,1
CZ-040,tahuantinsuyo,-11.892312,-77.028422,15907,0.4817,0.2594,0.6471,0.5991,0.5943,0.583,0.3625,0.4213,0.9427,2023,3,62,0.4797,0.22,9,6.667,5,0
CZ-040,tahuantinsuyo,-11.892312,-77.028422,15907,0.4817,0.2594,0.6471,0.5991,0.5943,0.583,0.3625,0.4213,0.9427,2023,4,63,0.3792,0.1905,9,8.0,4,0
CZ-040,tahuantinsuyo,-11.892312,-77.028422,15907,0.4817,0.2594,0.6471,0.5991,0.5943,0.583,0.3625,0.4213,0.9427,2023,5,64,0.431,0.11,4,7.333,-2,0
CZ-040,tahuantinsuyo,-11.892312,-77.028422,15907,0.4817,0.2594,0.6471,0.5991,0.5943,0.583,0.3625,0.4213,0.9427,2023,6,65,0.4703,0.0,5,6.0,-4,0
CZ-040,tahuantinsuyo,-11.892312,-77.028422,15907,0.4817,0.2594,0.6471,0.5991,0.5943,0.583,0.3625,0.4213,0.9427,2023,7,66,0.4992,0.07,6,5.0,-3,0
CZ-040,tahuantinsuyo,-11.892312,-77.028422,15907,0.4817,0.2594,0.6471,0.5991,0.5943,0.583,0.3625,0.4213,0.9427,2023,8,67,0.4113,-0.1905,6,5.667,2,0
CZ-040,tahuantinsuyo,-11.892312,-77.028422,15907,0.4817,0.2594,0.6471,0.5991,0.5943,0.583,0.3625,0.4213,0.9427,2023,9,68,0.5399,-0.22,7,6.333,2,0
CZ-040,tahuantinsuyo,-11.892312,-77.028422,15907,0.4817,0.2594,0.6471,0.5991,0.5943,0.583,0.3625,0.4213,0.9427,2023,10,69,0.4548,-0.1905,6,6.333,0,0
CZ-040,tahuantinsuyo,-11.892312,-77.028422,15907,0.4817,0.2594,0.6471,0.5991,0.5943,0.583,0.3625,0.4213,0.9427,2023,11,70,0.489,-0.11,8,7.0,2,0
CZ-040,tahuantinsuyo,-11.892312,-77.028422,15907,0.4817,0.2594,0.6471,0.5991,0.5943,0.583,0.3625,0.4213,0.9427,2023,12,71,0.6485,0.18,2,5.333,-5,1
CZ-040,tahuantinsuyo,-11.892312,-77.028422,15907,0.4817,0.2594,0.6471,0.5991,0.5943,0.583,0.3625,0.4213,0.9427,2024,1,72,0.4595,0.11,7,5.667,1,0
CZ-040,tahuantinsuyo,-11.892312,-77.028422,15907,0.4817,0.2594,0.6471,0.5991,0.5943,0.583,0.3625,0.4213,0.9427,2024,2,73,0.4777,0.1905,10,6.333,2,1
CZ-040,tahuantinsuyo,-11.892312,-77.028422,15907,0.4817,0.2594,0.6471,0.5991,0.5943,0.583,0.3625,0.4213,0.9427,2024,3,74,0.4779,0.22,5,7.333,3,1
CZ-040,tahuantinsuyo,-11.892312,-77.028422,15907,0.4817,0.2594,0.6471,0.5991,0.5943,0.583,0.3625,0.4213,0.9427,2024,4,75,0.5306,0.1905,9,8.0,2,0
CZ-040,tahuantinsuyo,-11.892312,-77.028422,15907,0.4817,0.2594,0.6471,0.5991,0.5943,0.583,0.3625,0.4213,0.9427,2024,5,76,0.4805,0.11,10,8.0,0,0
CZ-040,tahuantinsuyo,-11.892312,-77.028422,15907,0.4817,0.2594,0.6471,0.5991,0.5943,0.583,0.3625,0.4213,0.9427,2024,6,77,0.381,0.0,7,8.667,2,0
CZ-040,tahuantinsuyo,-11.892312,-77.028422,15907,0.4817,0.2594,0.6471,0.5991,0.5943,0.583,0.3625,0.4213,0.9427,2024,7,78,0.5345,0.07,6,7.667,-3,1
CZ-040,tahuantinsuyo,-11.892312,-77.028422,15907,0.4817,0.2594,0.6471,0.5991,0.5943,0.583,0.3625,0.4213,0.9427,2024,8,79,0.532,-0.1905,5,6.0,-5,0
CZ-040,tahuantinsuyo,-11.892312,-77.028422,15907,0.4817,0.2594,0.6471,0.5991,0.5943,0.583,0.3625,0.4213,0.9427,2024,9,80,0.509,-0.22,9,6.667,2,1
CZ-040,tahuantinsuyo,-11.892312,-77.028422,15907,0.4817,0.2594,0.6471,0.5991,0.5943,0.583,0.3625,0.4213,0.9427,2024,10,81,0.4822,-0.1905,4,6.0,-2,0
CZ-040,tahuantinsuyo,-11.892312,-77.028422,15907,0.4817,0.2594,0.6471,0.5991,0.5943,0.583,0.3625,0.4213,0.9427,2024,11,82,0.5128,-0.11,9,7.333,4,0
CZ-040,tahuantinsuyo,-11.892312,-77.028422,15907,0.4817,0.2594,0.6471,0.5991,0.5943,0.583,0.3625,0.4213,0.9427,2024,12,83,0.6014,0.18,5,6.0,-4,0
CZ-040,tahuantinsuyo,-11.892312,-77.028422,15907,0.4817,0.2594,0.6471,0.5991,0.5943,0.583,0.3625,0.4213,0.9427,2025,1,84,0.47,0.11,5,6.333,1,0
CZ-040,tahuantinsuyo,-11.892312,-77.028422,15907,0.4817,0.2594,0.6471,0.5991,0.5943,0.583,0.3625,0.4213,0.9427,2025,2,85,0.498,0.1905,8,6.0,-1,0
CZ-040,tahuantinsuyo,-11.892312,-77.028422,15907,0.4817,0.2594,0.6471,0.5991,0.5943,0.583,0.3625,0.4213,0.9427,2025,3,86,0.4517,0.22,4,5.667,-1,1
CZ-040,tahuantinsuyo,-11.892312,-77.028422,15907,0.4817,0.2594,0.6471,0.5991,0.5943,0.583,0.3625,0.4213,0.9427,2025,4,87,0.5154,0.1905,7,6.333,2,0
CZ-040,tahuantinsuyo,-11.892312,-77.028422,15907,0.4817,0.2594,0.6471,0.5991,0.5943,0.583,0.3625,0.4213,0.9427,2025,5,88,0.4406,0.11,10,7.0,2,0
CZ-040,tahuantinsuyo,-11.892312,-77.028422,15907,0.4817,0.2594,0.6471,0.5991,0.5943,0.583,0.3625,0.4213,0.9427,2025,6,89,0.484,0.0,4,7.0,0,0
CZ-040,tahuantinsuyo,-11.892312,-77.028422,15907,0.4817,0.2594,0.6471,0.5991,0.5943,0.583,0.3625,0.4213,0.9427,2025,7,90,0.6553,0.07,8,7.333,1,1
CZ-040,tahuantinsuyo,-11.892312,-77.028422,15907,0.4817,0.2594,0.6471,0.5991,0.5943,0.583,0.3625,0.4213,0.9427,2025,8,91,0.4504,-0.1905,4,5.333,-6,0
CZ-040,tahuantinsuyo,-11.892312,-77.028422,15907,0.4817,0.2594,0.6471,0.5991,0.5943,0.583,0.3625,0.4213,0.9427,2025,9,92,0.4241,-0.22,9,7.0,5,0
CZ-040,tahuantinsuyo,-11.892312,-77.028422,15907,0.4817,0.2594,0.6471,0.5991,0.5943,0.583,0.3625,0.4213,0.9427,2025,10,93,0.5199,-0.1905,6,6.333,-2,0
CZ-040,tahuantinsuyo,-11.892312,-77.028422,15907,0.4817,0.2594,0.6471,0.5991,0.5943,0.583,0.3625,0.4213,0.9427,2025,11,94,0.4956,-0.11,8,7.667,4,1
CZ-041,retablo,-11.906594,-77.0628,15613,0.457,0.2322,0.4633,0.4844,0.4979,0.742,0.2159,0.3924,1.041,2018,5,4,0.3907,0.11,3,4.0,-2,0
CZ-041,retablo,-11.906594,-77.0628,15613,0.457,0.2322,0.4633,0.4844,0.4979,0.742,0.2159,0.3924,1.041,2018,6,5,0.4009,0.0,6,4.667,2,0
CZ-041,retablo,-11.906594,-77.0628,15613,0.457,0.2322,0.4633,0.4844,0.4979,0.742,0.2159,0.3924,1.041,2018,7,6,0.5351,0.07,3,4.0,-2,0
CZ-041,retablo,-11.906594,-77.0628,15613,0.457,0.2322,0.4633,0.4844,0.4979,0.742,0.2159,0.3924,1.041,2018,8,7,0.4204,-0.1905,4,4.333,1,0
CZ-041,retablo,-11.906594,-77.0628,15613,0.457,0.2322,0.4633,0.4844,0.4979,0.742,0.2159,0.3924,1.041,2018,9,8,0.4882,-0.22,2,3.0,-4,0
CZ-041,retablo,-11.906594,-77.0628,15613,0.457,0.2322,0.4633,0.4844,0.4979,0.742,0.2159,0.3924,1.041,2018,10,9,0.3836,-0.1905,3,3.0,0,0
CZ-041,retablo,-11.906594,-77.0628,15613,0.457,0.2322,0.4633,0.4844,0.4979,0.742,0.2159,0.3924,1.041,2018,11,10,0.3905,-0.11,4,3.0,0,0
CZ-041,retablo,-11.906594,-77.0628,15613,0.457,0.2322,0.4633,0.4844,0.4979,0.742,0.2159,0.3924,1.041,2018,12,11,0.5091,0.18,1,2.667,-1,0
CZ-041,retablo,-11.906594,-77.0628,15613,0.457,0.2322,0.4633,0.4844,0.4979,0.742,0.2159,0.3924,1.041,2019,1,12,0.4344,0.11,4,3.0,1,0
CZ-041,retablo,-11.906594,-77.0628,15613,0.457,0.2322,0.4633,0.4844,0.4979,0.742,0.2159,0.3924,1.041,2019,2,13,0.4131,0.1905,3,2.667,-1,0
CZ-041,retablo,-11.906594,-77.0628,15613,0.457,0.2322,0.4633,0.4844,0.4979,0.742,0.2159,0.3924,1.041,2019,3,14,0.4253,0.22,4,3.667,3,0
CZ-041,retablo,-11.906594,-77.0628,15613,0.457,0.2322,0.4633,0.4844,0.4979,0.742,0.2159,0.3924,1.041,2019,4,15,0.4712,0.1905,2,3.0,-2,0
CZ-041,retablo,-11.906594,-77.0628,15613,0.457,0.2322,0.4633,0.4844,0.4979,0.742,0.2159,0.3924,1.041,2019,5,16,0.3703,0.11,6,4.0,3,0
CZ-041,retablo,-11.906594,-77.0628,15613,0.457,0.2322,0.4633,0.4844,0.4979,0.742,0.2159,0.3924,1.041,2019,6,17,0.5694,0.0,1,3.0,-3,0
CZ-041,retablo,-11.906594,-77.0628,15613,0.457,0.2322,0.4633,0.4844,0.4979,0.742,0.2159,0.3924,1.041,2019,7,18,0.5062,0.07,3,3.333,1,0
CZ-041,retablo,-11.906594,-77.0628,15613,0.457,0.2322,0.4633,0.4844,0.4979,0.742,0.2159,0.3924,1.041,2019,8,19,0.4858,-0.1905,5,3.0,-1,0
CZ-041,retablo,-11.906594,-77.0628,15613,0.457,0.2322,0.4633,0.4844,0.4979,0.742,0.2159,0.3924,1.041,2019,9,20,0.5199,-0.22,3,3.667,2,0
CZ-041,retablo,-11.906594,-77.0628,15613,0.457,0.2322,0.4633,0.4844,0.4979,0.742,0.2159,0.3924,1.041,2019,10,21,0.3973,-0.1905,5,4.333,2,0
CZ-041,retablo,-11.906594,-77.0628,15613,0.457,0.2322,0.4633,0.4844,0.4979,0.742,0.2159,0.3924,1.041,2019,11,22,0.4786,-0.11,4,4.0,-1,0
CZ-041,retablo,-11.906594,-77.0628,15613,0.457,0.2322,0.4633,0.4844,0.4979,0.742,0.2159,0.3924,1.041,2019,12,23,0.5889,0.18,7,5.333,4,0
CZ-041,retablo,-11.906594,-77.0628,15613,0.457,0.2322,0.4633,0.4844,0.4979,0.742,0.2159,0.3924,1.041,2020,1,24,0.4392,0.11,6,5.667,1,0
CZ-041,retablo,-11.906594,-77.0628,15613,0.457,0.2322,0.4633,0.4844,0.4979,0.742,0.2159,0.3924,1.041,2020,2,25,0.4083,0.1905,7,6.667,3,0
CZ-041,retablo,-11.906594,-77.0628,15613,0.457,0.2322,0.4633,0.4844,0.4979,0.742,0.2159,0.3924,1.041,2020,3,26,0.4849,0.22,5,6.0,-2,0
CZ-041,retablo,-11.906594,-77.0628,15613,0.457,0.2322,0.4633,0.4844,0.4979,0.742,0.2159,0.3924,1.041,2020,4,27,0.4721,0.1905,4,5.333,-2,0
CZ-041,retablo,-11.906594,-77.0628,15613,0.457,0.2322,0.4633,0.4844,0.4979,0.742,0.2159,0.3924,1.041,2020,5,28,0.4588,0.11,3,4.0,-4,0
CZ-041,retablo,-11.906594,-77.0628,15613,0.457,0.2322,0.4633,0.4844,0.4979,0.742,0.2159,0.3924,1.041,2020,6,29,0.4112,0.0,3,3.333,-2,1
CZ-041,retablo,-11.906594,-77.0628,15613,0.457,0.2322,0.4633,0.4844,0.4979,0.742,0.2159,0.3924,1.041,2020,7,30,0.4695,0.07,2,2.667,-2,0
CZ-041,retablo,-11.906594,-77.0628,15613,0.457,0.2322,0.4633,0.4844,0.4979,0.742,0.2159,0.3924,1.041,2020,8,31,0.4683,-0.1905,10,5.0,7,0
CZ-041,retablo,-11.906594,-77.0628,15613,0.457,0.2322,0.4633,0.4844,0.4979,0.742,0.2159,0.3924,1.041,2020,9,32,0.4854,-0.22,4,5.333,1,0
CZ-041,retablo,-11.906594,-77.0628,15613,0.457,0.2322,0.4633,0.4844,0.4979,0.742,0.2159,0.3924,1.041,2020,10,33,0.4867,-0.1905,3,5.667,1,0
CZ-041,retablo,-11.906594,-77.0628,15613,0.457,0.2322,0.4633,0.4844,0.4979,0.742,0.2159,0.3924,1.041,2020,11,34,0.3471,-0.11,4,3.667,-6,1
CZ-041,retablo,-11.906594,-77.0628,15613,0.457,0.2322,0.4633,0.4844,0.4979,0.742,0.2159,0.3924,1.041,2020,12,35,0.4909,0.18,0,2.333,-4,0
CZ-041,retablo,-11.906594,-77.0628,15613,0.457,0.2322,0.4633,0.4844,0.4979,0.742,0.2159,0.3924,1.041,2021,1,36,0.5048,0.11,9,4.333,6,0
CZ-041,retablo,-11.906594,-77.0628,15613,0.457,0.2322,0.4633,0.4844,0.4979,0.742,0.2159,0.3924,1.041,2021,2,37,0.3466,0.1905,4,4.333,0,0
CZ-041,retablo,-11.906594,-77.0628,15613,0.457,0.2322,0.4633,0.4844,0.4979,0.742,0.2159,0.3924,1.041,2021,3,38,0.3965,0.22,2,5.0,2,0
CZ-041,retablo,-11.906594,-77.0628,15613,0.457,0.2322,0.4633,0.4844,0.4979,0.742,0.2159,0.3924,1.041,2021,4,39,0.4637,0.1905,4,3.333,-5,1
CZ-041,retablo,-11.906594,-77.0628,15613,0.457,0.2322,0.4633,0.4844,0.4979,0.742,0.2159,0.3924,1.041,2021,5,40,0.5203,0.11,8,4.667,4,0
CZ-041,retablo,-11.906594,-77.0628,15613,0.457,0.2322,0.4633,0.4844,0.4979,0.742,0.2159,0.3924,1.041,2021,6,41,0.4042,0.0,11,7.667,9,0
CZ-041,retablo,-11.906594,-77.0628,15613,0.457,0.2322,0.4633,0.4844,0.4979,0.742,0.2159,0.3924,1.041,2021,7,42,0.5366,0.07,3,7.333,-1,0
CZ-041,retablo,-11.906594,-77.0628,15613,0.457,0.2322,0.4633,0.4844,0.4979,0.742,0.2159,0.3924,1.041,2021,8,43,0.4725,-0.1905,5,6.333,-3,0
CZ-041,retablo,-11.906594,-77.0628,15613,0.457,0.2322,0.4633,0.4844,0.4979,0.742,0.2159,0.3924,1.041,2021,9,44,0.4255,-0.22,5,4.333,-6,0
CZ-041,retablo,-11.906594,-77.0628,15613,0.457,0.2322,0.4633,0.4844,0.4979,0.742,0.2159,0.3924,1.041,2021,10,45,0.4742,-0.1905,2,4.0,-1,0
CZ-041,retablo,-11.906594,-77.0628,15613,0.457,0.2322,0.4633,0.4844,0.4979,0.742,0.2159,0.3924,1.041,2021,11,46,0.4217,-0.11,3,3.333,-2,0
CZ-041,retablo,-11.906594,-77.0628,15613,0.457,0.2322,0.4633,0.4844,0.4979,0.742,0.2159,0.3924,1.041,2021,12,47,0.4758,0.18,2,2.333,-3,0
CZ-041,retablo,-11.906594,-77.0628,15613,0.457,0.2322,0.4633,0.4844,0.4979,0.742,0.2159,0.3924,1.041,2022,1,48,0.4065,0.11,3,2.667,1,0
CZ-041,retablo,-11.906594,-77.0628,15613,0.457,0.2322,0.4633,0.4844,0.4979,0.742,0.2159,0.3924,1.041,2022,2,49,0.5125,0.1905,2,2.333,-1,0
CZ-041,retablo,-11.906594,-77.0628,15613,0.457,0.2322,0.4633,0.4844,0.4979,0.742,0.2159,0.3924,1.041,2022,3,50,0.3658,0.22,7,4.0,5,0
CZ-041,retablo,-11.906594,-77.0628,15613,0.457,0.2322,0.4633,0.4844,0.4979,0.742,0.2159,0.3924,1.041,2022,4,51,0.3589,0.1905,8,5.667,5,0
CZ-041,retablo,-11.906594,-77.0628,15613,0.457,0.2322,0.4633,0.4844,0.4979,0.742,0.2159,0.3924,1.041,2022,5,52,0.5526,0.11,4,6.333,2,0
CZ-041,retablo,-11.906594,-77.0628,15613,0.457,0.2322,0.4633,0.4844,0.4979,0.742,0.2159,0.3924,1.041,2022,6,53,0.3947,0.0,7,6.333,0,0
CZ-041,retablo,-11.906594,-77.0628,15613,0.457,0.2322,0.4633,0.4844,0.4979,0.742,0.2159,0.3924,1.041,2022,7,54,0.4952,0.07,3,4.667,-5,0
CZ-041,retablo,-11.906594,-77.0628,15613,0.457,0.2322,0.4633,0.4844,0.4979,0.742,0.2159,0.3924,1.041,2022,8,55,0.3691,-0.1905,8,6.0,4,0
CZ-041,retablo,-11.906594,-77.0628,15613,0.457,0.2322,0.4633,0.4844,0.4979,0.742,0.2159,0.3924,1.041,2022,9,56,0.4128,-0.22,3,4.667,-4,0
CZ-041,retablo,-11.906594,-77.0628,15613,0.457,0.2322,0.4633,0.4844,0.4979,0.742,0.2159,0.3924,1.041,2022,10,57,0.4486,-0.1905,3,4.667,0,0
CZ-041,retablo,-11.906594,-77.0628,15613,0.457,0.2322,0.4633,0.4844,0.4979,0.742,0.2159,0.3924,1.041,2022,11,58,0.3857,-0.11,5,3.667,-3,1
CZ-041,retablo,-11.906594,-77.0628,15613,0.457,0.2322,0.4633,0.4844,0.4979,0.742,0.2159,0.3924,1.041,2022,12,59,0.5035,0.18,6,4.667,3,0
CZ-041,retablo,-11.906594,-77.0628,15613,0.457,0.2322,0.4633,0.4844,0.4979,0.742,0.2159,0.3924,1.041,2023,1,60,0.4134,0.11,11,7.333,8,0
CZ-041,retablo,-11.906594,-77.0628,15613,0.457,0.2322,0.4633,0.4844,0.4979,0.742,0.2159,0.3924,1.041,2023,2,61,0.4599,0.1905,8,8.333,3,0
CZ-041,retablo,-11.906594,-77.0628,15613,0.457,0.2322,0.4633,0.4844,0.4979,0.742,0.2159,0.3924,1.041,2023,3,62,0.4262,0.22,8,9.0,2,1
CZ-041,retablo,-11.906594,-77.0628,15613,0.457,0.2322,0.4633,0.4844,0.4979,0.742,0.2159,0.3924,1.041,2023,4,63,0.4035,0.1905,7,7.667,-4,0
CZ-041,retablo,-11.906594,-77.0628,15613,0.457,0.2322,0.4633,0.4844,0.4979,0.742,0.2159,0.3924,1.041,2023,5,64,0.4443,0.11,9,8.0,1,0
CZ-041,retablo,-11.906594,-77.0628,15613,0.457,0.2322,0.4633,0.4844,0.4979,0.742,0.2159,0.3924,1.041,2023,6,65,0.3825,0.0,4,6.667,-4,0
CZ-041,retablo,-11.906594,-77.0628,15613,0.457,0.2322,0.4633,0.4844,0.4979,0.742,0.2159,0.3924,1.041,2023,7,66,0.5787,0.07,5,6.0,-2,0
CZ-041,retablo,-11.906594,-77.0628,15613,0.457,0.2322,0.4633,0.4844,0.4979,0.742,0.2159,0.3924,1.041,2023,8,67,0.4184,-0.1905,8,5.667,-1,0
CZ-041,retablo,-11.906594,-77.0628,15613,0.457,0.2322,0.4633,0.4844,0.4979,0.742,0.2159,0.3924,1.041,2023,9,68,0.3636,-0.22,6,6.333,2,1
CZ-041,retablo,-11.906594,-77.0628,15613,0.457,0.2322,0.4633,0.4844,0.4979,0.742,0.2159,0.3924,1.041,2023,10,69,0.4806,-0.1905,4,6.0,-1,0
CZ-041,retablo,-11.906594,-77.0628,15613,0.457,0.2322,0.4633,0.4844,0.4979,0.742,0.2159,0.3924,1.041,2023,11,70,0.503,-0.11,10,6.667,2,0
CZ-041,retablo,-11.906594,-77.0628,15613,0.457,0.2322,0.4633,0.4844,0.4979,0.742,0.2159,0.3924,1.041,2023,12,71,0.425,0.18,5,6.333,-1,0
CZ-041,retablo,-11.906594,-77.0628,15613,0.457,0.2322,0.4633,0.4844,0.4979,0.742,0.2159,0.3924,1.041,2024,1,72,0.4245,0.11,7,7.333,3,0
CZ-041,retablo,-11.906594,-77.0628,15613,0.457,0.2322,0.4633,0.4844,0.4979,0.742,0.2159,0.3924,1.041,2024,2,73,0.5096,0.1905,5,5.667,-5,1
CZ-041,retablo,-11.906594,-77.0628,15613,0.457,0.2322,0.4633,0.4844,0.4979,0.742,0.2159,0.3924,1.041,2024,3,74,0.435,0.22,3,5.0,-2,0
CZ-041,retablo,-11.906594,-77.0628,15613,0.457,0.2322,0.4633,0.4844,0.4979,0.742,0.2159,0.3924,1.041,2024,4,75,0.4727,0.1905,12,6.667,5,1
CZ-041,retablo,-11.906594,-77.0628,15613,0.457,0.2322,0.4633,0.4844,0.4979,0.742,0.2159,0.3924,1.041,2024,5,76,0.392,0.11,5,6.667,0,0
CZ-041,retablo,-11.906594,-77.0628,15613,0.457,0.2322,0.4633,0.4844,0.4979,0.742,0.2159,0.3924,1.041,2024,6,77,0.4878,0.0,9,8.667,6,1
CZ-041,retablo,-11.906594,-77.0628,15613,0.457,0.2322,0.4633,0.4844,0.4979,0.742,0.2159,0.3924,1.041,2024,7,78,0.4614,0.07,1,5.0,-11,0
CZ-041,retablo,-11.906594,-77.0628,15613,0.457,0.2322,0.4633,0.4844,0.4979,0.742,0.2159,0.3924,1.041,2024,8,79,0.3704,-0.1905,9,6.333,4,0
CZ-041,retablo,-11.906594,-77.0628,15613,0.457,0.2322,0.4633,0.4844,0.4979,0.742,0.2159,0.3924,1.041,2024,9,80,0.3554,-0.22,7,5.667,-2,0
CZ-041,retablo,-11.906594,-77.0628,15613,0.457,0.2322,0.4633,0.4844,0.4979,0.742,0.2159,0.3924,1.041,2024,10,81,0.3967,-0.1905,5,7.0,4,0
CZ-041,retablo,-11.906594,-77.0628,15613,0.457,0.2322,0.4633,0.4844,0.4979,0.742,0.2159,0.3924,1.041,2024,11,82,0.4598,-0.11,8,6.667,-1,0
CZ-041,retablo,-11.906594,-77.0628,15613,0.457,0.2322,0.4633,0.4844,0.4979,0.742,0.2159,0.3924,1.041,2024,12,83,0.4704,0.18,8,7.0,1,0
CZ-041,retablo,-11.906594,-77.0628,15613,0.457,0.2322,0.4633,0.4844,0.4979,0.742,0.2159,0.3924,1.041,2025,1,84,0.4199,0.11,6,7.333,1,0
CZ-041,retablo,-11.906594,-77.0628,15613,0.457,0.2322,0.4633,0.4844,0.4979,0.742,0.2159,0.3924,1.041,2025,2,85,0.4472,0.1905,5,6.333,-3,0
CZ-041,retablo,-11.906594,-77.0628,15613,0.457,0.2322,0.4633,0.4844,0.4979,0.742,0.2159,0.3924,1.041,2025,3,86,0.4009,0.22,5,5.333,-3,1
CZ-041,retablo,-11.906594,-77.0628,15613,0.457,0.2322,0.4633,0.4844,0.4979,0.742,0.2159,0.3924,1.041,2025,4,87,0.3815,0.1905,4,4.667,-2,0
CZ-041,retablo,-11.906594,-77.0628,15613,0.457,0.2322,0.4633,0.4844,0.4979,0.742,0.2159,0.3924,1.041,2025,5,88,0.4343,0.11,9,6.0,4,1
CZ-041,retablo,-11.906594,-77.0628,15613,0.457,0.2322,0.4633,0.4844,0.4979,0.742,0.2159,0.3924,1.041,2025,6,89,0.418,0.0,8,7.0,3,1
CZ-041,retablo,-11.906594,-77.0628,15613,0.457,0.2322,0.4633,0.4844,0.4979,0.742,0.2159,0.3924,1.041,2025,7,90,0.5358,0.07,10,9.0,6,0
CZ-041,retablo,-11.906594,-77.0628,15613,0.457,0.2322,0.4633,0.4844,0.4979,0.742,0.2159,0.3924,1.041,2025,8,91,0.442,-0.1905,11,9.667,2,0
CZ-041,retablo,-11.906594,-77.0628,15613,0.457,0.2322,0.4633,0.4844,0.4979,0.742,0.2159,0.3924,1.041,2025,9,92,0.5043,-0.22,6,9.0,-2,0
CZ-041,retablo,-11.906594,-77.0628,15613,0.457,0.2322,0.4633,0.4844,0.4979,0.742,0.2159,0.3924,1.041,2025,10,93,0.4701,-0.1905,3,6.667,-7,0
CZ-041,retablo,-11.906594,-77.0628,15613,0.457,0.2322,0.4633,0.4844,0.4979,0.742,0.2159,0.3924,1.041,2025,11,94,0.4154,-0.11,2,3.667,-9,0
CZ-042,santa_luzmila,-11.911233,-77.018297,10178,0.2229,0.2008,0.6463,0.5119,0.5617,0.7308,0.2936,0.3007,0.7875,2018,5,4,0.492,0.11,5,4.0,-4,0
CZ-042,santa_luzmila,-11.911233,-77.018297,10178,0.2229,0.2008,0.6463,0.5119,0.5617,0.7308,0.2936,0.3007,0.7875,2018,6,5,0.4699,0.0,1,3.0,-3,0
CZ-042,santa_luzmila,-11.911233,-77.018297,10178,0.2229,0.2008,0.6463,0.5119,0.5617,0.7308,0.2936,0.3007,0.7875,2018,7,6,0.5218,0.07,6,4.0,3,0
CZ-042,santa_luzmila,-11.911233,-77.018297,10178,0.2229,0.2008,0.6463,0.5119,0.5617,0.7308,0.2936,0.3007,0.7875,2018,8,7,0.5042,-0.1905,5,4.0,0,0
CZ-042,santa_luzmila,-11.911233,-77.018297,10178,0.2229,0.2008,0.6463,0.5119,0.5617,0.7308,0.2936,0.3007,0.7875,2018,9,8,0.5757,-0.22,4,5.0,3,0
CZ-042,santa_luzmila,-11.911233,-77.018297,10178,0.2229,0.2008,0.6463,0.5119,0.5617,0.7308,0.2936,0.3007,0.7875,2018,10,9,0.518,-0.1905,2,3.667,-4,0
CZ-042,santa_luzmila,-11.911233,-77.018297,10178,0.2229,0.2008,0.6463,0.5119,0.5617,0.7308,0.2936,0.3007,0.7875,2018,11,10,0.4719,-0.11,3,3.0,-2,0
CZ-042,santa_luzmila,-11.911233,-77.018297,10178,0.2229,0.2008,0.6463,0.5119,0.5617,0.7308,0.2936,0.3007,0.7875,2018,12,11,0.5822,0.18,3,2.667,-1,0
CZ-042,santa_luzmila,-11.911233,-77.018297,10178,0.2229,0.2008,0.6463,0.5119,0.5617,0.7308,0.2936,0.3007,0.7875,2019,1,12,0.4097,0.11,6,4.0,4,0
CZ-042,santa_luzmila,-11.911233,-77.018297,10178,0.2229,0.2008,0.6463,0.5119,0.5617,0.7308,0.2936,0.3007,0.7875,2019,2,13,0.4186,0.1905,6,5.0,3,0
CZ-042,santa_luzmila,-11.911233,-77.018297,10178,0.2229,0.2008,0.6463,0.5119,0.5617,0.7308,0.2936,0.3007,0.7875,2019,3,14,0.391,0.22,5,5.667,2,0
CZ-042,santa_luzmila,-11.911233,-77.018297,10178,0.2229,0.2008,0.6463,0.5119,0.5617,0.7308,0.2936,0.3007,0.7875,2019,4,15,0.511,0.1905,6,5.667,0,0
CZ-042,santa_luzmila,-11.911233,-77.018297,10178,0.2229,0.2008,0.6463,0.5119,0.5617,0.7308,0.2936,0.3007,0.7875,2019,5,16,0.4833,0.11,4,5.0,-2,0
CZ-042,santa_luzmila,-11.911233,-77.018297,10178,0.2229,0.2008,0.6463,0.5119,0.5617,0.7308,0.2936,0.3007,0.7875,2019,6,17,0.3868,0.0,7,5.667,2,0
CZ-042,santa_luzmila,-11.911233,-77.018297,10178,0.2229,0.2008,0.6463,0.5119,0.5617,0.7308,0.2936,0.3007,0.7875,2019,7,18,0.6147,0.07,6,5.667,0,0
CZ-042,santa_luzmila,-11.911233,-77.018297,10178,0.2229,0.2008,0.6463,0.5119,0.5617,0.7308,0.2936,0.3007,0.7875,2019,8,19,0.409,-0.1905,5,6.0,1,0
CZ-042,santa_luzmila,-11.911233,-77.018297,10178,0.2229,0.2008,0.6463,0.5119,0.5617,0.7308,0.2936,0.3007,0.7875,2019,9,20,0.4604,-0.22,5,5.333,-2,0
CZ-042,santa_luzmila,-11.911233,-77.018297,10178,0.2229,0.2008,0.6463,0.5119,0.5617,0.7308,0.2936,0.3007,0.7875,2019,10,21,0.469,-0.1905,6,5.333,0,0
CZ-042,santa_luzmila,-11.911233,-77.018297,10178,0.2229,0.2008,0.6463,0.5119,0.5617,0.7308,0.2936,0.3007,0.7875,2019,11,22,0.4439,-0.11,2,4.333,-3,0
CZ-042,santa_luzmila,-11.911233,-77.018297,10178,0.2229,0.2008,0.6463,0.5119,0.5617,0.7308,0.2936,0.3007,0.7875,2019,12,23,0.5586,0.18,6,4.667,1,1
CZ-042,santa_luzmila,-11.911233,-77.018297,10178,0.2229,0.2008,0.6463,0.5119,0.5617,0.7308,0.2936,0.3007,0.7875,2020,1,24,0.4757,0.11,6,4.667,0,0
CZ-042,santa_luzmila,-11.911233,-77.018297,10178,0.2229,0.2008,0.6463,0.5119,0.5617,0.7308,0.2936,0.3007,0.7875,2020,2,25,0.5664,0.1905,9,7.0,7,0
CZ-042,santa_luzmila,-11.911233,-77.018297,10178,0.2229,0.2008,0.6463,0.5119,0.5617,0.7308,0.2936,0.3007,0.7875,2020,3,26,0.5373,0.22,1,5.333,-5,1
CZ-042,santa_luzmila,-11.911233,-77.018297,10178,0.2229,0.2008,0.6463,0.5119,0.5617,0.7308,0.2936,0.3007,0.7875,2020,4,27,0.4673,0.1905,4,4.667,-2,0
CZ-042,santa_luzmila,-11.911233,-77.018297,10178,0.2229,0.2008,0.6463,0.5119,0.5617,0.7308,0.2936,0.3007,0.7875,2020,5,28,0.493,0.11,12,5.667,3,0
CZ-042,santa_luzmila,-11.911233,-77.018297,10178,0.2229,0.2008,0.6463,0.5119,0.5617,0.7308,0.2936,0.3007,0.7875,2020,6,29,0.4983,0.0,2,6.0,1,0
CZ-042,santa_luzmila,-11.911233,-77.018297,10178,0.2229,0.2008,0.6463,0.5119,0.5617,0.7308,0.2936,0.3007,0.7875,2020,7,30,0.508,0.07,3,5.667,-1,0
CZ-042,santa_luzmila,-11.911233,-77.018297,10178,0.2229,0.2008,0.6463,0.5119,0.5617,0.7308,0.2936,0.3007,0.7875,2020,8,31,0.4159,-0.1905,4,3.0,-8,0
CZ-042,santa_luzmila,-11.911233,-77.018297,10178,0.2229,0.2008,0.6463,0.5119,0.5617,0.7308,0.2936,0.3007,0.7875,2020,9,32,0.5389,-0.22,2,3.0,0,0
CZ-042,santa_luzmila,-11.911233,-77.018297,10178,0.2229,0.2008,0.6463,0.5119,0.5617,0.7308,0.2936,0.3007,0.7875,2020,10,33,0.4728,-0.1905,4,3.333,1,0
CZ-042,santa_luzmila,-11.911233,-77.018297,10178,0.2229,0.2008,0.6463,0.5119,0.5617,0.7308,0.2936,0.3007,0.7875,2020,11,34,0.4446,-0.11,3,3.0,-1,0
CZ-042,santa_luzmila,-11.911233,-77.018297,10178,0.2229,0.2008,0.6463,0.5119,0.5617,0.7308,0.2936,0.3007,0.7875,2020,12,35,0.5348,0.18,5,4.0,3,0
CZ-042,santa_luzmila,-11.911233,-77.018297,10178,0.2229,0.2008,0.6463,0.5119,0.5617,0.7308,0.2936,0.3007,0.7875,2021,1,36,0.4805,0.11,6,4.667,2,0
CZ-042,santa_luzmila,-11.911233,-77.018297,10178,0.2229,0.2008,0.6463,0.5119,0.5617,0.7308,0.2936,0.3007,0.7875,2021,2,37,0.5101,0.1905,3,4.667,0,0
CZ-042,santa_luzmila,-11.911233,-77.018297,10178,0.2229,0.2008,0.6463,0.5119,0.5617,0.7308,0.2936,0.3007,0.7875,2021,3,38,0.4646,0.22,4,4.333,-1,0
CZ-042,santa_luzmila,-11.911233,-77.018297,10178,0.2229,0.2008,0.6463,0.5119,0.5617,0.7308,0.2936,0.3007,0.7875,2021,4,39,0.4785,0.1905,3,3.333,-3,0
CZ-042,santa_luzmila,-11.911233,-77.018297,10178,0.2229,0.2008,0.6463,0.5119,0.5617,0.7308,0.2936,0.3007,0.7875,2021,5,40,0.4336,0.11,7,4.667,4,0
CZ-042,santa_luzmila,-11.911233,-77.018297,10178,0.2229,0.2008,0.6463,0.5119,0.5617,0.7308,0.2936,0.3007,0.7875,2021,6,41,0.4627,0.0,2,4.0,-2,0
CZ-042,santa_luzmila,-11.911233,-77.018297,10178,0.2229,0.2008,0.6463,0.5119,0.5617,0.7308,0.2936,0.3007,0.7875,2021,7,42,0.6584,0.07,1,3.333,-2,0
CZ-042,santa_luzmila,-11.911233,-77.018297,10178,0.2229,0.2008,0.6463,0.5119,0.5617,0.7308,0.2936,0.3007,0.7875,2021,8,43,0.4181,-0.1905,4,2.333,-3,0
CZ-042,santa_luzmila,-11.911233,-77.018297,10178,0.2229,0.2008,0.6463,0.5119,0.5617,0.7308,0.2936,0.3007,0.7875,2021,9,44,0.5227,-0.22,6,3.667,4,0
CZ-042,santa_luzmila,-11.911233,-77.018297,10178,0.2229,0.2008,0.6463,0.5119,0.5617,0.7308,0.2936,0.3007,0.7875,2021,10,45,0.4328,-0.1905,5,5.0,4,0
CZ-042,santa_luzmila,-11.911233,-77.018297,10178,0.2229,0.2008,0.6463,0.5119,0.5617,0.7308,0.2936,0.3007,0.7875,2021,11,46,0.4476,-0.11,2,4.333,-2,0
CZ-042,santa_luzmila,-11.911233,-77.018297,10178,0.2229,0.2008,0.6463,0.5119,0.5617,0.7308,0.2936,0.3007,0.7875,2021,12,47,0.6146,0.18,6,4.333,0,0
CZ-042,santa_luzmila,-11.911233,-77.018297,10178,0.2229,0.2008,0.6463,0.5119,0.5617,0.7308,0.2936,0.3007,0.7875,2022,1,48,0.4973,0.11,5,4.333,0,0
CZ-042,santa_luzmila,-11.911233,-77.018297,10178,0.2229,0.2008,0.6463,0.5119,0.5617,0.7308,0.2936,0.3007,0.7875,2022,2,49,0.4798,0.1905,5,5.333,3,0
CZ-042,santa_luzmila,-11.911233,-77.018297,10178,0.2229,0.2008,0.6463,0.5119,0.5617,0.7308,0.2936,0.3007,0.7875,2022,3,50,0.5769,0.22,8,6.0,2,1
CZ-042,santa_luzmila,-11.911233,-77.018297,10178,0.2229,0.2008,0.6463,0.5119,0.5617,0.7308,0.2936,0.3007,0.7875,2022,4,51,0.5356,0.1905,6,6.333,1,0
CZ-042,santa_luzmila,-11.911233,-77.018297,10178,0.2229,0.2008,0.6463,0.5119,0.5617,0.7308,0.2936,0.3007,0.7875,2022,5,52,0.4474,0.11,9,7.667,4,0
CZ-042,santa_luzmila,-11.911233,-77.018297,10178,0.2229,0.2008,0.6463,0.5119,0.5617,0.7308,0.2936,0.3007,0.7875,2022,6,53,0.4745,0.0,7,7.333,-1,0
CZ-042,santa_luzmila,-11.911233,-77.018297,10178,0.2229,0.2008,0.6463,0.5119,0.5617,0.7308,0.2936,0.3007,0.7875,2022,7,54,0.5723,0.07,4,6.667,-2,0
CZ-042,santa_luzmila,-11.911233,-77.018297,10178,0.2229,0.2008,0.6463,0.5119,0.5617,0.7308,0.2936,0.3007,0.7875,2022,8,55,0.3931,-0.1905,4,5.0,-5,0
CZ-042,santa_luzmila,-11.911233,-77.018297,10178,0.2229,0.2008,0.6463,0.5119,0.5617,0.7308,0.2936,0.3007,0.7875,2022,9,56,0.4978,-0.22,3,3.667,-4,0
CZ-042,santa_luzmila,-11.911233,-77.018297,10178,0.2229,0.2008,0.6463,0.5119,0.5617,0.7308,0.2936,0.3007,0.7875,2022,10,57,0.4692,-0.1905,2,3.0,-2,0
CZ-042,santa_luzmila,-11.911233,-77.018297,10178,0.2229,0.2008,0.6463,0.5119,0.5617,0.7308,0.2936,0.3007,0.7875,2022,11,58,0.5517,-0.11,5,3.333,1,1
CZ-042,santa_luzmila,-11.911233,-77.018297,10178,0.2229,0.2008,0.6463,0.5119,0.5617,0.7308,0.2936,0.3007,0.7875,2022,12,59,0.7204,0.18,5,4.0,2,0
CZ-042,santa_luzmila,-11.911233,-77.018297,10178,0.2229,0.2008,0.6463,0.5119,0.5617,0.7308,0.2936,0.3007,0.7875,2023,1,60,0.376,0.11,12,7.333,10,0
CZ-042,santa_luzmila,-11.911233,-77.018297,10178,0.2229,0.2008,0.6463,0.5119,0.5617,0.7308,0.2936,0.3007,0.7875,2023,2,61,0.4147,0.1905,0,5.667,-5,1
CZ-042,santa_luzmila,-11.911233,-77.018297,10178,0.2229,0.2008,0.6463,0.5119,0.5617,0.7308,0.2936,0.3007,0.7875,2023,3,62,0.4803,0.22,8,6.667,3,1
CZ-042,santa_luzmila,-11.911233,-77.018297,10178,0.2229,0.2008,0.6463,0.5119,0.5617,0.7308,0.2936,0.3007,0.7875,2023,4,63,0.5339,0.1905,10,6.0,-2,0
CZ-042,santa_luzmila,-11.911233,-77.018297,10178,0.2229,0.2008,0.6463,0.5119,0.5617,0.7308,0.2936,0.3007,0.7875,2023,5,64,0.4934,0.11,12,10.0,12,0
CZ-042,santa_luzmila,-11.911233,-77.018297,10178,0.2229,0.2008,0.6463,0.5119,0.5617,0.7308,0.2936,0.3007,0.7875,2023,6,65,0.4914,0.0,4,8.667,-4,0
CZ-042,santa_luzmila,-11.911233,-77.018297,10178,0.2229,0.2008,0.6463,0.5119,0.5617,0.7308,0.2936,0.3007,0.7875,2023,7,66,0.5965,0.07,3,6.333,-7,0
CZ-042,santa_luzmila,-11.911233,-77.018297,10178,0.2229,0.2008,0.6463,0.5119,0.5617,0.7308,0.2936,0.3007,0.7875,2023,8,67,0.4952,-0.1905,2,3.0,-10,0
CZ-042,santa_luzmila,-11.911233,-77.018297,10178,0.2229,0.2008,0.6463,0.5119,0.5617,0.7308,0.2936,0.3007,0.7875,2023,9,68,0.4851,-0.22,6,3.667,2,0
CZ-042,santa_luzmila,-11.911233,-77.018297,10178,0.2229,0.2008,0.6463,0.5119,0.5617,0.7308,0.2936,0.3007,0.7875,2023,10,69,0.5019,-0.1905,4,4.0,1,1
CZ-042,santa_luzmila,-11.911233,-77.018297,10178,0.2229,0.2008,0.6463,0.5119,0.5617,0.7308,0.2936,0.3007,0.7875,2023,11,70,0.5444,-0.11,4,4.667,2,1
CZ-042,santa_luzmila,-11.911233,-77.018297,10178,0.2229,0.2008,0.6463,0.5119,0.5617,0.7308,0.2936,0.3007,0.7875,2023,12,71,0.6453,0.18,9,5.667,3,0
CZ-042,santa_luzmila,-11.911233,-77.018297,10178,0.2229,0.2008,0.6463,0.5119,0.5617,0.7308,0.2936,0.3007,0.7875,2024,1,72,0.4044,0.11,9,7.333,5,1
CZ-042,santa_luzmila,-11.911233,-77.018297,10178,0.2229,0.2008,0.6463,0.5119,0.5617,0.7308,0.2936,0.3007,0.7875,2024,2,73,0.4926,0.1905,7,8.333,3,0
CZ-042,santa_luzmila,-11.911233,-77.018297,10178,0.2229,0.2008,0.6463,0.5119,0.5617,0.7308,0.2936,0.3007,0.7875,2024,3,74,0.4857,0.22,13,9.667,4,1
CZ-042,santa_luzmila,-11.911233,-77.018297,10178,0.2229,0.2008,0.6463,0.5119,0.5617,0.7308,0.2936,0.3007,0.7875,2024,4,75,0.4872,0.1905,6,8.667,-3,0
CZ-042,santa_luzmila,-11.911233,-77.018297,10178,0.2229,0.2008,0.6463,0.5119,0.5617,0.7308,0.2936,0.3007,0.7875,2024,5,76,0.497,0.11,10,9.667,3,0
CZ-042,santa_luzmila,-11.911233,-77.018297,10178,0.2229,0.2008,0.6463,0.5119,0.5617,0.7308,0.2936,0.3007,0.7875,2024,6,77,0.4203,0.0,5,7.0,-8,0
CZ-042,santa_luzmila,-11.911233,-77.018297,10178,0.2229,0.2008,0.6463,0.5119,0.5617,0.7308,0.2936,0.3007,0.7875,2024,7,78,0.4828,0.07,5,6.667,-1,0
CZ-042,santa_luzmila,-11.911233,-77.018297,10178,0.2229,0.2008,0.6463,0.5119,0.5617,0.7308,0.2936,0.3007,0.7875,2024,8,79,0.4461,-0.1905,7,5.667,-3,0
CZ-042,santa_luzmila,-11.911233,-77.018297,10178,0.2229,0.2008,0.6463,0.5119,0.5617,0.7308,0.2936,0.3007,0.7875,2024,9,80,0.4883,-0.22,6,6.0,1,0
CZ-042,santa_luzmila,-11.911233,-77.018297,10178,0.2229,0.2008,0.6463,0.5119,0.5617,0.7308,0.2936,0.3007,0.7875,2024,10,81,0.4851,-0.1905,3,5.333,-2,0
CZ-042,santa_luzmila,-11.911233,-77.018297,10178,0.2229,0.2008,0.6463,0.5119,0.5617,0.7308,0.2936,0.3007,0.7875,2024,11,82,0.4764,-0.11,6,5.0,-1,0
CZ-042,santa_luzmila,-11.911233,-77.018297,10178,0.2229,0.2008,0.6463,0.5119,0.5617,0.7308,0.2936,0.3007,0.7875,2024,12,83,0.5857,0.18,7,5.333,1,0
CZ-042,santa_luzmila,-11.911233,-77.018297,10178,0.2229,0.2008,0.6463,0.5119,0.5617,0.7308,0.2936,0.3007,0.7875,2025,1,84,0.4597,0.11,7,6.667,4,0
CZ-042,santa_luzmila,-11.911233,-77.018297,10178,0.2229,0.2008,0.6463,0.5119,0.5617,0.7308,0.2936,0.3007,0.7875,2025,2,85,0.4876,0.1905,7,7.0,1,1
CZ-042,santa_luzmila,-11.911233,-77.018297,10178,0.2229,0.2008,0.6463,0.5119,0.5617,0.7308,0.2936,0.3007,0.7875,2025,3,86,0.4847,0.22,7,7.0,0,0
CZ-042,santa_luzmila,-11.911233,-77.018297,10178,0.2229,0.2008,0.6463,0.5119,0.5617,0.7308,0.2936,0.3007,0.7875,2025,4,87,0.5255,0.1905,15,9.667,8,0
CZ-042,santa_luzmila,-11.911233,-77.018297,10178,0.2229,0.2008,0.6463,0.5119,0.5617,0.7308,0.2936,0.3007,0.7875,2025,5,88,0.5763,0.11,6,9.333,-1,0
CZ-042,santa_luzmila,-11.911233,-77.018297,10178,0.2229,0.2008,0.6463,0.5119,0.5617,0.7308,0.2936,0.3007,0.7875,2025,6,89,0.4536,0.0,6,9.0,-1,1
CZ-042,santa_luzmila,-11.911233,-77.018297,10178,0.2229,0.2008,0.6463,0.5119,0.5617,0.7308,0.2936,0.3007,0.7875,2025,7,90,0.575,0.07,8,6.667,-7,0
CZ-042,santa_luzmila,-11.911233,-77.018297,10178,0.2229,0.2008,0.6463,0.5119,0.5617,0.7308,0.2936,0.3007,0.7875,2025,8,91,0.557,-0.1905,12,8.667,6,0
CZ-042,santa_luzmila,-11.911233,-77.018297,10178,0.2229,0.2008,0.6463,0.5119,0.5617,0.7308,0.2936,0.3007,0.7875,2025,9,92,0.5333,-0.22,4,8.0,-2,0
CZ-042,santa_luzmila,-11.911233,-77.018297,10178,0.2229,0.2008,0.6463,0.5119,0.5617,0.7308,0.2936,0.3007,0.7875,2025,10,93,0.5034,-0.1905,3,6.333,-5,0
CZ-042,santa_luzmila,-11.911233,-77.018297,10178,0.2229,0.2008,0.6463,0.5119,0.5617,0.7308,0.2936,0.3007,0.7875,2025,11,94,0.5331,-0.11,4,3.667,-8,0
CZ-043,tahuantinsuyo,-11.931298,-77.064636,15524,0.5027,0.2234,0.5177,0.5863,0.5145,0.5863,0.1963,0.1554,0.5017,2018,5,4,0.3928,0.11,7,7.0,5,0
CZ-043,tahuantinsuyo,-11.931298,-77.064636,15524,0.5027,0.2234,0.5177,0.5863,0.5145,0.5863,0.1963,0.1554,0.5017,2018,6,5,0.3732,0.0,5,6.0,-3,0
CZ-043,tahuantinsuyo,-11.931298,-77.064636,15524,0.5027,0.2234,0.5177,0.5863,0.5145,0.5863,0.1963,0.1554,0.5017,2018,7,6,0.4254,0.07,3,5.0,-3,0
CZ-043,tahuantinsuyo,-11.931298,-77.064636,15524,0.5027,0.2234,0.5177,0.5863,0.5145,0.5863,0.1963,0.1554,0.5017,2018,8,7,0.3721,-0.1905,4,4.0,-3,0
CZ-043,tahuantinsuyo,-11.931298,-77.064636,15524,0.5027,0.2234,0.5177,0.5863,0.5145,0.5863,0.1963,0.1554,0.5017,2018,9,8,0.4509,-0.22,5,4.0,0,0
CZ-043,tahuantinsuyo,-11.931298,-77.064636,15524,0.5027,0.2234,0.5177,0.5863,0.5145,0.5863,0.1963,0.1554,0.5017,2018,10,9,0.4032,-0.1905,4,4.333,1,0
CZ-043,tahuantinsuyo,-11.931298,-77.064636,15524,0.5027,0.2234,0.5177,0.5863,0.5145,0.5863,0.1963,0.1554,0.5017,2018,11,10,0.3507,-0.11,2,3.667,-2,0
CZ-043,tahuantinsuyo,-11.931298,-77.064636,15524,0.5027,0.2234,0.5177,0.5863,0.5145,0.5863,0.1963,0.1554,0.5017,2018,12,11,0.592,0.18,6,4.0,1,0
CZ-043,tahuantinsuyo,-11.931298,-77.064636,15524,0.5027,0.2234,0.5177,0.5863,0.5145,0.5863,0.1963,0.1554,0.5017,2019,1,12,0.4459,0.11,6,4.667,2,1
CZ-043,tahuantinsuyo,-11.931298,-77.064636,15524,0.5027,0.2234,0.5177,0.5863,0.5145,0.5863,0.1963,0.1554,0.5017,2019,2,13,0.4056,0.1905,2,4.667,0,0
CZ-043,tahuantinsuyo,-11.931298,-77.064636,15524,0.5027,0.2234,0.5177,0.5863,0.5145,0.5863,0.1963,0.1554,0.5017,2019,3,14,0.444,0.22,10,6.0,4,0
CZ-043,tahuantinsuyo,-11.931298,-77.064636,15524,0.5027,0.2234,0.5177,0.5863,0.5145,0.5863,0.1963,0.1554,0.5017,2019,4,15,0.3585,0.1905,8,6.667,2,1
CZ-043,tahuantinsuyo,-11.931298,-77.064636,15524,0.5027,0.2234,0.5177,0.5863,0.5145,0.5863,0.1963,0.1554,0.5017,2019,5,16,0.4463,0.11,6,8.0,4,0
CZ-043,tahuantinsuyo,-11.931298,-77.064636,15524,0.5027,0.2234,0.5177,0.5863,0.5145,0.5863,0.1963,0.1554,0.5017,2019,6,17,0.4267,0.0,10,8.0,0,0
CZ-043,tahuantinsuyo,-11.931298,-77.064636,15524,0.5027,0.2234,0.5177,0.5863,0.5145,0.5863,0.1963,0.1554,0.5017,2019,7,18,0.6,0.07,5,7.0,-3,0
CZ-043,tahuantinsuyo,-11.931298,-77.064636,15524,0.5027,0.2234,0.5177,0.5863,0.5145,0.5863,0.1963,0.1554,0.5017,2019,8,19,0.4424,-0.1905,3,6.0,-3,0
CZ-043,tahuantinsuyo,-11.931298,-77.064636,15524,0.5027,0.2234,0.5177,0.5863,0.5145,0.5863,0.1963,0.1554,0.5017,2019,9,20,0.4587,-0.22,6,4.667,-4,0
CZ-043,tahuantinsuyo,-11.931298,-77.064636,15524,0.5027,0.2234,0.5177,0.5863,0.5145,0.5863,0.1963,0.1554,0.5017,2019,10,21,0.2907,-0.1905,3,4.0,-2,0
CZ-043,tahuantinsuyo,-11.931298,-77.064636,15524,0.5027,0.2234,0.5177,0.5863,0.5145,0.5863,0.1963,0.1554,0.5017,2019,11,22,0.3688,-0.11,2,3.667,-1,0
CZ-043,tahuantinsuyo,-11.931298,-77.064636,15524,0.5027,0.2234,0.5177,0.5863,0.5145,0.5863,0.1963,0.1554,0.5017,2019,12,23,0.5148,0.18,5,3.333,-1,0
CZ-043,tahuantinsuyo,-11.931298,-77.064636,15524,0.5027,0.2234,0.5177,0.5863,0.5145,0.5863,0.1963,0.1554,0.5017,2020,1,24,0.5428,0.11,6,4.333,3,0
CZ-043,tahuantinsuyo,-11.931298,-77.064636,15524,0.5027,0.2234,0.5177,0.5863,0.5145,0.5863,0.1963,0.1554,0.5017,2020,2,25,0.4286,0.1905,2,4.333,0,0
CZ-043,tahuantinsuyo,-11.931298,-77.064636,15524,0.5027,0.2234,0.5177,0.5863,0.5145,0.5863,0.1963,0.1554,0.5017,2020,3,26,0.4711,0.22,7,5.0,2,0
CZ-043,tahuantinsuyo,-11.931298,-77.064636,15524,0.5027,0.2234,0.5177,0.5863,0.5145,0.5863,0.1963,0.1554,0.5017,2020,4,27,0.4863,0.1905,3,4.0,-3,0
CZ-043,tahuantinsuyo,-11.931298,-77.064636,15524,0.5027,0.2234,0.5177,0.5863,0.5145,0.5863,0.1963,0.1554,0.5017,2020,5,28,0.4747,0.11,4,4.667,2,0
CZ-043,tahuantinsuyo,-11.931298,-77.064636,15524,0.5027,0.2234,0.5177,0.5863,0.5145,0.5863,0.1963,0.1554,0.5017,2020,6,29,0.5393,0.0,1,2.667,-6,0
CZ-043,tahuantinsuyo,-11.931298,-77.064636,15524,0.5027,0.2234,0.5177,0.5863,0.5145,0.5863,0.1963,0.1554,0.5017,2020,7,30,0.5152,0.07,5,3.333,2,0
CZ-043,tahuantinsuyo,-11.931298,-77.064636,15524,0.5027,0.2234,0.5177,0.5863,0.5145,0.5863,0.1963,0.1554,0.5017,2020,8,31,0.3913,-0.1905,8,4.667,4,0
CZ-043,tahuantinsuyo,-11.931298,-77.064636,15524,0.5027,0.2234,0.5177,0.5863,0.5145,0.5863,0.1963,0.1554,0.5017,2020,9,32,0.435,-0.22,5,6.0,4,0
CZ-043,tahuantinsuyo,-11.931298,-77.064636,15524,0.5027,0.2234,0.5177,0.5863,0.5145,0.5863,0.1963,0.1554,0.5017,2020,10,33,0.466,-0.1905,7,6.667,2,0
CZ-043,tahuantinsuyo,-11.931298,-77.064636,15524,0.5027,0.2234,0.5177,0.5863,0.5145,0.5863,0.1963,0.1554,0.5017,2020,11,34,0.4353,-0.11,4,5.333,-4,0
CZ-043,tahuantinsuyo,-11.931298,-77.064636,15524,0.5027,0.2234,0.5177,0.5863,0.5145,0.5863,0.1963,0.1554,0.5017,2020,12,35,0.5903,0.18,5,5.333,0,0
CZ-043,tahuantinsuyo,-11.931298,-77.064636,15524,0.5027,0.2234,0.5177,0.5863,0.5145,0.5863,0.1963,0.1554,0.5017,2021,1,36,0.5377,0.11,5,4.667,-2,0
CZ-043,tahuantinsuyo,-11.931298,-77.064636,15524,0.5027,0.2234,0.5177,0.5863,0.5145,0.5863,0.1963,0.1554,0.5017,2021,2,37,0.4232,0.1905,6,5.333,2,0
CZ-043,tahuantinsuyo,-11.931298,-77.064636,15524,0.5027,0.2234,0.5177,0.5863,0.5145,0.5863,0.1963,0.1554,0.5017,2021,3,38,0.3824,0.22,5,5.333,0,0
CZ-043,tahuantinsuyo,-11.931298,-77.064636,15524,0.5027,0.2234,0.5177,0.5863,0.5145,0.5863,0.1963,0.1554,0.5017,2021,4,39,0.3816,0.1905,4,5.0,-1,0
CZ-043,tahuantinsuyo,-11.931298,-77.064636,15524,0.5027,0.2234,0.5177,0.5863,0.5145,0.5863,0.1963,0.1554,0.5017,2021,5,40,0.4254,0.11,7,5.333,1,0
CZ-043,tahuantinsuyo,-11.931298,-77.064636,15524,0.5027,0.2234,0.5177,0.5863,0.5145,0.5863,0.1963,0.1554,0.5017,2021,6,41,0.4837,0.0,6,5.667,1,0
CZ-043,tahuantinsuyo,-11.931298,-77.064636,15524,0.5027,0.2234,0.5177,0.5863,0.5145,0.5863,0.1963,0.1554,0.5017,2021,7,42,0.5775,0.07,2,5.0,-2,0
CZ-043,tahuantinsuyo,-11.931298,-77.064636,15524,0.5027,0.2234,0.5177,0.5863,0.5145,0.5863,0.1963,0.1554,0.5017,2021,8,43,0.5011,-0.1905,4,4.0,-3,0
CZ-043,tahuantinsuyo,-11.931298,-77.064636,15524,0.5027,0.2234,0.5177,0.5863,0.5145,0.5863,0.1963,0.1554,0.5017,2021,9,44,0.4496,-0.22,5,3.667,-1,0
CZ-043,tahuantinsuyo,-11.931298,-77.064636,15524,0.5027,0.2234,0.5177,0.5863,0.5145,0.5863,0.1963,0.1554,0.5017,2021,10,45,0.4454,-0.1905,3,4.0,1,0
CZ-043,tahuantinsuyo,-11.931298,-77.064636,15524,0.5027,0.2234,0.5177,0.5863,0.5145,0.5863,0.1963,0.1554,0.5017,2021,11,46,0.4871,-0.11,4,4.0,0,0
CZ-043,tahuantinsuyo,-11.931298,-77.064636,15524,0.5027,0.2234,0.5177,0.5863,0.5145,0.5863,0.1963,0.1554,0.5017,2021,12,47,0.5878,0.18,3,3.333,-2,0
CZ-043,tahuantinsuyo,-11.931298,-77.064636,15524,0.5027,0.2234,0.5177,0.5863,0.5145,0.5863,0.1963,0.1554,0.5017,2022,1,48,0.4459,0.11,8,5.0,5,0
CZ-043,tahuantinsuyo,-11.931298,-77.064636,15524,0.5027,0.2234,0.5177,0.5863,0.5145,0.5863,0.1963,0.1554,0.5017,2022,2,49,0.4542,0.1905,6,5.667,2,0
CZ-043,tahuantinsuyo,-11.931298,-77.064636,15524,0.5027,0.2234,0.5177,0.5863,0.5145,0.5863,0.1963,0.1554,0.5017,2022,3,50,0.4629,0.22,6,6.667,3,1
CZ-043,tahuantinsuyo,-11.931298,-77.064636,15524,0.5027,0.2234,0.5177,0.5863,0.5145,0.5863,0.1963,0.1554,0.5017,2022,4,51,0.4588,0.1905,6,6.0,-2,0
CZ-043,tahuantinsuyo,-11.931298,-77.064636,15524,0.5027,0.2234,0.5177,0.5863,0.5145,0.5863,0.1963,0.1554,0.5017,2022,5,52,0.3992,0.11,11,7.667,5,1
CZ-043,tahuantinsuyo,-11.931298,-77.064636,15524,0.5027,0.2234,0.5177,0.5863,0.5145,0.5863,0.1963,0.1554,0.5017,2022,6,53,0.4267,0.0,1,6.0,-5,1
CZ-043,tahuantinsuyo,-11.931298,-77.064636,15524,0.5027,0.2234,0.5177,0.5863,0.5145,0.5863,0.1963,0.1554,0.5017,2022,7,54,0.4643,0.07,10,7.333,4,0
CZ-043,tahuantinsuyo,-11.931298,-77.064636,15524,0.5027,0.2234,0.5177,0.5863,0.5145,0.5863,0.1963,0.1554,0.5017,2022,8,55,0.4455,-0.1905,16,9.0,5,0
CZ-043,tahuantinsuyo,-11.931298,-77.064636,15524,0.5027,0.2234,0.5177,0.5863,0.5145,0.5863,0.1963,0.1554,0.5017,2022,9,56,0.4643,-0.22,2,9.333,1,0
CZ-043,tahuantinsuyo,-11.931298,-77.064636,15524,0.5027,0.2234,0.5177,0.5863,0.5145,0.5863,0.1963,0.1554,0.5017,2022,10,57,0.4869,-0.1905,6,8.0,-4,0
CZ-043,tahuantinsuyo,-11.931298,-77.064636,15524,0.5027,0.2234,0.5177,0.5863,0.5145,0.5863,0.1963,0.1554,0.5017,2022,11,58,0.4061,-0.11,5,4.333,-11,1
CZ-043,tahuantinsuyo,-11.931298,-77.064636,15524,0.5027,0.2234,0.5177,0.5863,0.5145,0.5863,0.1963,0.1554,0.5017,2022,12,59,0.499,0.18,1,4.0,-1,0
CZ-043,tahuantinsuyo,-11.931298,-77.064636,15524,0.5027,0.2234,0.5177,0.5863,0.5145,0.5863,0.1963,0.1554,0.5017,2023,1,60,0.5254,0.11,10,5.333,4,0
CZ-043,tahuantinsuyo,-11.931298,-77.064636,15524,0.5027,0.2234,0.5177,0.5863,0.5145,0.5863,0.1963,0.1554,0.5017,2023,2,61,0.5266,0.1905,4,5.0,-1,0
CZ-043,tahuantinsuyo,-11.931298,-77.064636,15524,0.5027,0.2234,0.5177,0.5863,0.5145,0.5863,0.1963,0.1554,0.5017,2023,3,62,0.5337,0.22,7,7.0,6,0
CZ-043,tahuantinsuyo,-11.931298,-77.064636,15524,0.5027,0.2234,0.5177,0.5863,0.5145,0.5863,0.1963,0.1554,0.5017,2023,4,63,0.4817,0.1905,8,6.333,-2,0
CZ-043,tahuantinsuyo,-11.931298,-77.064636,15524,0.5027,0.2234,0.5177,0.5863,0.5145,0.5863,0.1963,0.1554,0.5017,2023,5,64,0.4338,0.11,8,7.667,4,0
CZ-043,tahuantinsuyo,-11.931298,-77.064636,15524,0.5027,0.2234,0.5177,0.5863,0.5145,0.5863,0.1963,0.1554,0.5017,2023,6,65,0.5334,0.0,5,7.0,-2,0
CZ-043,tahuantinsuyo,-11.931298,-77.064636,15524,0.5027,0.2234,0.5177,0.5863,0.5145,0.5863,0.1963,0.1554,0.5017,2023,7,66,0.5403,0.07,3,5.333,-5,0
CZ-043,tahuantinsuyo,-11.931298,-77.064636,15524,0.5027,0.2234,0.5177,0.5863,0.5145,0.5863,0.1963,0.1554,0.5017,2023,8,67,0.5149,-0.1905,6,4.667,-2,0
CZ-043,tahuantinsuyo,-11.931298,-77.064636,15524,0.5027,0.2234,0.5177,0.5863,0.5145,0.5863,0.1963,0.1554,0.5017,2023,9,68,0.365,-0.22,6,5.0,1,0
CZ-043,tahuantinsuyo,-11.931298,-77.064636,15524,0.5027,0.2234,0.5177,0.5863,0.5145,0.5863,0.1963,0.1554,0.5017,2023,10,69,0.4808,-0.1905,7,6.333,4,0
CZ-043,tahuantinsuyo,-11.931298,-77.064636,15524,0.5027,0.2234,0.5177,0.5863,0.5145,0.5863,0.1963,0.1554,0.5017,2023,11,70,0.3781,-0.11,7,6.667,1,1
CZ-043,tahuantinsuyo,-11.931298,-77.064636,15524,0.5027,0.2234,0.5177,0.5863,0.5145,0.5863,0.1963,0.1554,0.5017,2023,12,71,0.4708,0.18,4,6.0,-2,0
CZ-043,tahuantinsuyo,-11.931298,-77.064636,15524,0.5027,0.2234,0.5177,0.5863,0.5145,0.5863,0.1963,0.1554,0.5017,2024,1,72,0.4568,0.11,13,8.0,6,0
CZ-043,tahuantinsuyo,-11.931298,-77.064636,15524,0.5027,0.2234,0.5177,0.5863,0.5145,0.5863,0.1963,0.1554,0.5017,2024,2,73,0.4384,0.1905,7,8.0,0,0
CZ-043,tahuantinsuyo,-11.931298,-77.064636,15524,0.5027,0.2234,0.5177,0.5863,0.5145,0.5863,0.1963,0.1554,0.5017,2024,3,74,0.5067,0.22,6,8.667,2,0
CZ-043,tahuantinsuyo,-11.931298,-77.064636,15524,0.5027,0.2234,0.5177,0.5863,0.5145,0.5863,0.1963,0.1554,0.5017,2024,4,75,0.4478,0.1905,5,6.0,-8,1
CZ-043,tahuantinsuyo,-11.931298,-77.064636,15524,0.5027,0.2234,0.5177,0.5863,0.5145,0.5863,0.1963,0.1554,0.5017,2024,5,76,0.504,0.11,7,6.0,0,0
CZ-043,tahuantinsuyo,-11.931298,-77.064636,15524,0.5027,0.2234,0.5177,0.5863,0.5145,0.5863,0.1963,0.1554,0.5017,2024,6,77,0.3917,0.0,15,9.0,9,1
CZ-043,tahuantinsuyo,-11.931298,-77.064636,15524,0.5027,0.2234,0.5177,0.5863,0.5145,0.5863,0.1963,0.1554,0.5017,2024,7,78,0.5099,0.07,2,8.0,-3,0
CZ-043,tahuantinsuyo,-11.931298,-77.064636,15524,0.5027,0.2234,0.5177,0.5863,0.5145,0.5863,0.1963,0.1554,0.5017,2024,8,79,0.4361,-0.1905,10,9.0,3,0
CZ-043,tahuantinsuyo,-11.931298,-77.064636,15524,0.5027,0.2234,0.5177,0.5863,0.5145,0.5863,0.1963,0.1554,0.5017,2024,9,80,0.4224,-0.22,7,6.333,-8,0
CZ-043,tahuantinsuyo,-11.931298,-77.064636,15524,0.5027,0.2234,0.5177,0.5863,0.5145,0.5863,0.1963,0.1554,0.5017,2024,10,81,0.4637,-0.1905,2,6.333,0,0
CZ-043,tahuantinsuyo,-11.931298,-77.064636,15524,0.5027,0.2234,0.5177,0.5863,0.5145,0.5863,0.1963,0.1554,0.5017,2024,11,82,0.4292,-0.11,0,3.0,-10,1
CZ-043,tahuantinsuyo,-11.931298,-77.064636,15524,0.5027,0.2234,0.5177,0.5863,0.5145,0.5863,0.1963,0.1554,0.5017,2024,12,83,0.6768,0.18,2,1.333,-5,0
CZ-043,tahuantinsuyo,-11.931298,-77.064636,15524,0.5027,0.2234,0.5177,0.5863,0.5145,0.5863,0.1963,0.1554,0.5017,2025,1,84,0.4709,0.11,10,4.0,8,0
CZ-043,tahuantinsuyo,-11.931298,-77.064636,15524,0.5027,0.2234,0.5177,0.5863,0.5145,0.5863,0.1963,0.1554,0.5017,2025,2,85,0.4299,0.1905,5,5.667,5,1
CZ-043,tahuantinsuyo,-11.931298,-77.064636,15524,0.5027,0.2234,0.5177,0.5863,0.5145,0.5863,0.1963,0.1554,0.5017,2025,3,86,0.4586,0.22,8,7.667,6,1
CZ-043,tahuantinsuyo,-11.931298,-77.064636,15524,0.5027,0.2234,0.5177,0.5863,0.5145,0.5863,0.1963,0.1554,0.5017,2025,4,87,0.4614,0.1905,10,7.667,0,0
CZ-043,tahuantinsuyo,-11.931298,-77.064636,15524,0.5027,0.2234,0.5177,0.5863,0.5145,0.5863,0.1963,0.1554,0.5017,2025,5,88,0.4642,0.11,13,10.333,8,0
CZ-043,tahuantinsuyo,-11.931298,-77.064636,15524,0.5027,0.2234,0.5177,0.5863,0.5145,0.5863,0.1963,0.1554,0.5017,2025,6,89,0.3974,0.0,5,9.333,-3,0
CZ-043,tahuantinsuyo,-11.931298,-77.064636,15524,0.5027,0.2234,0.5177,0.5863,0.5145,0.5863,0.1963,0.1554,0.5017,2025,7,90,0.5735,0.07,6,8.0,-4,0
CZ-043,tahuantinsuyo,-11.931298,-77.064636,15524,0.5027,0.2234,0.5177,0.5863,0.5145,0.5863,0.1963,0.1554,0.5017,2025,8,91,0.4561,-0.1905,3,4.667,-10,0
CZ-043,tahuantinsuyo,-11.931298,-77.064636,15524,0.5027,0.2234,0.5177,0.5863,0.5145,0.5863,0.1963,0.1554,0.5017,2025,9,92,0.3564,-0.22,6,5.0,1,0
CZ-043,tahuantinsuyo,-11.931298,-77.064636,15524,0.5027,0.2234,0.5177,0.5863,0.5145,0.5863,0.1963,0.1554,0.5017,2025,10,93,0.4674,-0.1905,4,4.333,-2,0
CZ-043,tahuantinsuyo,-11.931298,-77.064636,15524,0.5027,0.2234,0.5177,0.5863,0.5145,0.5863,0.1963,0.1554,0.5017,2025,11,94,0.3673,-0.11,2,4.0,-1,0
CZ-044,la_libertad,-11.944582,-77.048946,18162,0.6852,0.2674,0.6096,0.4831,0.5344,0.6767,0.2493,0.3068,0.787,2018,5,4,0.4865,0.11,13,8.0,8,0
CZ-044,la_libertad,-11.944582,-77.048946,18162,0.6852,0.2674,0.6096,0.4831,0.5344,0.6767,0.2493,0.3068,0.787,2018,6,5,0.4715,0.0,12,10.0,6,1
CZ-044,la_libertad,-11.944582,-77.048946,18162,0.6852,0.2674,0.6096,0.4831,0.5344,0.6767,0.2493,0.3068,0.787,2018,7,6,0.5193,0.07,3,9.333,-2,0
CZ-044,la_libertad,-11.944582,-77.048946,18162,0.6852,0.2674,0.6096,0.4831,0.5344,0.6767,0.2493,0.3068,0.787,2018,8,7,0.4913,-0.1905,13,9.333,0,1
CZ-044,la_libertad,-11.944582,-77.048946,18162,0.6852,0.2674,0.6096,0.4831,0.5344,0.6767,0.2493,0.3068,0.787,2018,9,8,0.3934,-0.22,2,6.0,-10,0
CZ-044,la_libertad,-11.944582,-77.048946,18162,0.6852,0.2674,0.6096,0.4831,0.5344,0.6767,0.2493,0.3068,0.787,2018,10,9,0.5637,-0.1905,9,8.0,6,0
CZ-044,la_libertad,-11.944582,-77.048946,18162,0.6852,0.2674,0.6096,0.4831,0.5344,0.6767,0.2493,0.3068,0.787,2018,11,10,0.3803,-0.11,3,4.667,-10,1
CZ-044,la_libertad,-11.944582,-77.048946,18162,0.6852,0.2674,0.6096,0.4831,0.5344,0.6767,0.2493,0.3068,0.787,2018,12,11,0.5543,0.18,6,6.0,4,1
CZ-044,la_libertad,-11.944582,-77.048946,18162,0.6852,0.2674,0.6096,0.4831,0.5344,0.6767,0.2493,0.3068,0.787,2019,1,12,0.5037,0.11,12,7.0,3,1
CZ-044,la_libertad,-11.944582,-77.048946,18162,0.6852,0.2674,0.6096,0.4831,0.5344,0.6767,0.2493,0.3068,0.787,2019,2,13,0.4579,0.1905,11,9.667,8,0
CZ-044,la_libertad,-11.944582,-77.048946,18162,0.6852,0.2674,0.6096,0.4831,0.5344,0.6767,0.2493,0.3068,0.787,2019,3,14,0.471,0.22,14,12.333,8,1
CZ-044,la_libertad,-11.944582,-77.048946,18162,0.6852,0.2674,0.6096,0.4831,0.5344,0.6767,0.2493,0.3068,0.787,2019,4,15,0.4853,0.1905,6,10.333,-6,1
CZ-044,la_libertad,-11.944582,-77.048946,18162,0.6852,0.2674,0.6096,0.4831,0.5344,0.6767,0.2493,0.3068,0.787,2019,5,16,0.5126,0.11,11,10.333,0,0
CZ-044,la_libertad,-11.944582,-77.048946,18162,0.6852,0.2674,0.6096,0.4831,0.5344,0.6767,0.2493,0.3068,0.787,2019,6,17,0.5253,0.0,15,10.667,1,0
CZ-044,la_libertad,-11.944582,-77.048946,18162,0.6852,0.2674,0.6096,0.4831,0.5344,0.6767,0.2493,0.3068,0.787,2019,7,18,0.5844,0.07,7,11.0,1,0
CZ-044,la_libertad,-11.944582,-77.048946,18162,0.6852,0.2674,0.6096,0.4831,0.5344,0.6767,0.2493,0.3068,0.787,2019,8,19,0.4131,-0.1905,8,10.0,-3,0
CZ-044,la_libertad,-11.944582,-77.048946,18162,0.6852,0.2674,0.6096,0.4831,0.5344,0.6767,0.2493,0.3068,0.787,2019,9,20,0.4812,-0.22,5,6.667,-10,1
CZ-044,la_libertad,-11.944582,-77.048946,18162,0.6852,0.2674,0.6096,0.4831,0.5344,0.6767,0.2493,0.3068,0.787,2019,10,21,0.506,-0.1905,7,6.667,0,1
CZ-044,la_libertad,-11.944582,-77.048946,18162,0.6852,0.2674,0.6096,0.4831,0.5344,0.6767,0.2493,0.3068,0.787,2019,11,22,0.4679,-0.11,9,7.0,1,1
CZ-044,la_libertad,-11.944582,-77.048946,18162,0.6852,0.2674,0.6096,0.4831,0.5344,0.6767,0.2493,0.3068,0.787,2019,12,23,0.5499,0.18,11,9.0,6,0
CZ-044,la_libertad,-11.944582,-77.048946,18162,0.6852,0.2674,0.6096,0.4831,0.5344,0.6767,0.2493,0.3068,0.787,2020,1,24,0.3376,0.11,9,9.667,2,0
CZ-044,la_libertad,-11.944582,-77.048946,18162,0.6852,0.2674,0.6096,0.4831,0.5344,0.6767,0.2493,0.3068,0.787,2020,2,25,0.5164,0.1905,6,8.667,-3,1
CZ-044,la_libertad,-11.944582,-77.048946,18162,0.6852,0.2674,0.6096,0.4831,0.5344,0.6767,0.2493,0.3068,0.787,2020,3,26,0.4675,0.22,6,7.0,-5,1
CZ-044,la_libertad,-11.944582,-77.048946,18162,0.6852,0.2674,0.6096,0.4831,0.5344,0.6767,0.2493,0.3068,0.787,2020,4,27,0.4263,0.1905,11,7.667,2,0
CZ-044,la_libertad,-11.944582,-77.048946,18162,0.6852,0.2674,0.6096,0.4831,0.5344,0.6767,0.2493,0.3068,0.787,2020,5,28,0.3933,0.11,11,9.333,5,1
CZ-044,la_libertad,-11.944582,-77.048946,18162,0.6852,0.2674,0.6096,0.4831,0.5344,0.6767,0.2493,0.3068,0.787,2020,6,29,0.4887,0.0,8,10.0,2,1
CZ-044,la_libertad,-11.944582,-77.048946,18162,0.6852,0.2674,0.6096,0.4831,0.5344,0.6767,0.2493,0.3068,0.787,2020,7,30,0.585,0.07,12,10.333,1,0
CZ-044,la_libertad,-11.944582,-77.048946,18162,0.6852,0.2674,0.6096,0.4831,0.5344,0.6767,0.2493,0.3068,0.787,2020,8,31,0.5325,-0.1905,9,9.667,-2,1
CZ-044,la_libertad,-11.944582,-77.048946,18162,0.6852,0.2674,0.6096,0.4831,0.5344,0.6767,0.2493,0.3068,0.787,2020,9,32,0.5419,-0.22,5,8.667,-3,0
CZ-044,la_libertad,-11.944582,-77.048946,18162,0.6852,0.2674,0.6096,0.4831,0.5344,0.6767,0.2493,0.3068,0.787,2020,10,33,0.5357,-0.1905,13,9.0,1,0
CZ-044,la_libertad,-11.944582,-77.048946,18162,0.6852,0.2674,0.6096,0.4831,0.5344,0.6767,0.2493,0.3068,0.787,2020,11,34,0.4585,-0.11,8,8.667,-1,1
CZ-044,la_libertad,-11.944582,-77.048946,18162,0.6852,0.2674,0.6096,0.4831,0.5344,0.6767,0.2493,0.3068,0.787,2020,12,35,0.6152,0.18,8,9.667,3,1
CZ-044,la_libertad,-11.944582,-77.048946,18162,0.6852,0.2674,0.6096,0.4831,0.5344,0.6767,0.2493,0.3068,0.787,2021,1,36,0.4482,0.11,10,8.667,-3,1
CZ-044,la_libertad,-11.944582,-77.048946,18162,0.6852,0.2674,0.6096,0.4831,0.5344,0.6767,0.2493,0.3068,0.787,2021,2,37,0.4417,0.1905,12,10.0,4,1
CZ-044,la_libertad,-11.944582,-77.048946,18162,0.6852,0.2674,0.6096,0.4831,0.5344,0.6767,0.2493,0.3068,0.787,2021,3,38,0.454,0.22,12,11.333,4,1
CZ-044,la_libertad,-11.944582,-77.048946,18162,0.6852,0.2674,0.6096,0.4831,0.5344,0.6767,0.2493,0.3068,0.787,2021,4,39,0.4771,0.1905,16,13.333,6,0
CZ-044,la_libertad,-11.944582,-77.048946,18162,0.6852,0.2674,0.6096,0.4831,0.5344,0.6767,0.2493,0.3068,0.787,2021,5,40,0.4171,0.11,11,13.0,-1,1
CZ-044,la_libertad,-11.944582,-77.048946,18162,0.6852,0.2674,0.6096,0.4831,0.5344,0.6767,0.2493,0.3068,0.787,2021,6,41,0.5034,0.0,5,10.667,-7,1
CZ-044,la_libertad,-11.944582,-77.048946,18162,0.6852,0.2674,0.6096,0.4831,0.5344,0.6767,0.2493,0.3068,0.787,2021,7,42,0.5321,0.07,12,9.333,-4,0
CZ-044,la_libertad,-11.944582,-77.048946,18162,0.6852,0.2674,0.6096,0.4831,0.5344,0.6767,0.2493,0.3068,0.787,2021,8,43,0.3896,-0.1905,9,8.667,-2,0
CZ-044,la_libertad,-11.944582,-77.048946,18162,0.6852,0.2674,0.6096,0.4831,0.5344,0.6767,0.2493,0.3068,0.787,2021,9,44,0.4661,-0.22,3,8.0,-2,0
CZ-044,la_libertad,-11.944582,-77.048946,18162,0.6852,0.2674,0.6096,0.4831,0.5344,0.6767,0.2493,0.3068,0.787,2021,10,45,0.48,-0.1905,6,6.0,-6,0
CZ-044,la_libertad,-11.944582,-77.048946,18162,0.6852,0.2674,0.6096,0.4831,0.5344,0.6767,0.2493,0.3068,0.787,2021,11,46,0.3861,-0.11,7,5.333,-2,1
CZ-044,la_libertad,-11.944582,-77.048946,18162,0.6852,0.2674,0.6096,0.4831,0.5344,0.6767,0.2493,0.3068,0.787,2021,12,47,0.5961,0.18,5,6.0,2,1
CZ-044,la_libertad,-11.944582,-77.048946,18162,0.6852,0.2674,0.6096,0.4831,0.5344,0.6767,0.2493,0.3068,0.787,2022,1,48,0.5212,0.11,13,8.333,7,1
CZ-044,la_libertad,-11.944582,-77.048946,18162,0.6852,0.2674,0.6096,0.4831,0.5344,0.6767,0.2493,0.3068,0.787,2022,2,49,0.5237,0.1905,10,9.333,3,1
CZ-044,la_libertad,-11.944582,-77.048946,18162,0.6852,0.2674,0.6096,0.4831,0.5344,0.6767,0.2493,0.3068,0.787,2022,3,50,0.4736,0.22,14,12.333,9,1
CZ-044,la_libertad,-11.944582,-77.048946,18162,0.6852,0.2674,0.6096,0.4831,0.5344,0.6767,0.2493,0.3068,0.787,2022,4,51,0.5024,0.1905,9,11.0,-4,0
CZ-044,la_libertad,-11.944582,-77.048946,18162,0.6852,0.2674,0.6096,0.4831,0.5344,0.6767,0.2493,0.3068,0.787,2022,5,52,0.4444,0.11,12,11.667,2,1
CZ-044,la_libertad,-11.944582,-77.048946,18162,0.6852,0.2674,0.6096,0.4831,0.5344,0.6767,0.2493,0.3068,0.787,2022,6,53,0.4411,0.0,3,8.0,-11,1
CZ-044,la_libertad,-11.944582,-77.048946,18162,0.6852,0.2674,0.6096,0.4831,0.5344,0.6767,0.2493,0.3068,0.787,2022,7,54,0.6318,0.07,9,8.0,0,0
CZ-044,la_libertad,-11.944582,-77.048946,18162,0.6852,0.2674,0.6096,0.4831,0.5344,0.6767,0.2493,0.3068,0.787,2022,8,55,0.4148,-0.1905,9,7.0,-3,1
CZ-044,la_libertad,-11.944582,-77.048946,18162,0.6852,0.2674,0.6096,0.4831,0.5344,0.6767,0.2493,0.3068,0.787,2022,9,56,0.3653,-0.22,7,8.333,4,0
CZ-044,la_libertad,-11.944582,-77.048946,18162,0.6852,0.2674,0.6096,0.4831,0.5344,0.6767,0.2493,0.3068,0.787,2022,10,57,0.4431,-0.1905,9,8.333,0,0
CZ-044,la_libertad,-11.944582,-77.048946,18162,0.6852,0.2674,0.6096,0.4831,0.5344,0.6767,0.2493,0.3068,0.787,2022,11,58,0.4622,-0.11,3,6.333,-6,0
CZ-044,la_libertad,-11.944582,-77.048946,18162,0.6852,0.2674,0.6096,0.4831,0.5344,0.6767,0.2493,0.3068,0.787,2022,12,59,0.4972,0.18,8,6.667,1,1
CZ-044,la_libertad,-11.944582,-77.048946,18162,0.6852,0.2674,0.6096,0.4831,0.5344,0.6767,0.2493,0.3068,0.787,2023,1,60,0.5212,0.11,8,6.333,-1,1
CZ-044,la_libertad,-11.944582,-77.048946,18162,0.6852,0.2674,0.6096,0.4831,0.5344,0.6767,0.2493,0.3068,0.787,2023,2,61,0.5211,0.1905,13,9.667,10,0
CZ-044,la_libertad,-11.944582,-77.048946,18162,0.6852,0.2674,0.6096,0.4831,0.5344,0.6767,0.2493,0.3068,0.787,2023,3,62,0.3042,0.22,10,10.333,2,1
CZ-044,la_libertad,-11.944582,-77.048946,18162,0.6852,0.2674,0.6096,0.4831,0.5344,0.6767,0.2493,0.3068,0.787,2023,4,63,0.5109,0.1905,8,10.333,0,1
CZ-044,la_libertad,-11.944582,-77.048946,18162,0.6852,0.2674,0.6096,0.4831,0.5344,0.6767,0.2493,0.3068,0.787,2023,5,64,0.4973,0.11,11,9.667,-2,1
CZ-044,la_libertad,-11.944582,-77.048946,18162,0.6852,0.2674,0.6096,0.4831,0.5344,0.6767,0.2493,0.3068,0.787,2023,6,65,0.4891,0.0,14,11.0,4,1
CZ-044,la_libertad,-11.944582,-77.048946,18162,0.6852,0.2674,0.6096,0.4831,0.5344,0.6767,0.2493,0.3068,0.787,2023,7,66,0.4797,0.07,11,12.0,3,0
CZ-044,la_libertad,-11.944582,-77.048946,18162,0.6852,0.2674,0.6096,0.4831,0.5344,0.6767,0.2493,0.3068,0.787,2023,8,67,0.5367,-0.1905,11,12.0,0,0
CZ-044,la_libertad,-11.944582,-77.048946,18162,0.6852,0.2674,0.6096,0.4831,0.5344,0.6767,0.2493,0.3068,0.787,2023,9,68,0.4615,-0.22,5,9.0,-9,0
CZ-044,la_libertad,-11.944582,-77.048946,18162,0.6852,0.2674,0.6096,0.4831,0.5344,0.6767,0.2493,0.3068,0.787,2023,10,69,0.5445,-0.1905,6,7.333,-5,1
CZ-044,la_libertad,-11.944582,-77.048946,18162,0.6852,0.2674,0.6096,0.4831,0.5344,0.6767,0.2493,0.3068,0.787,2023,11,70,0.5495,-0.11,2,4.333,-9,1
CZ-044,la_libertad,-11.944582,-77.048946,18162,0.6852,0.2674,0.6096,0.4831,0.5344,0.6767,0.2493,0.3068,0.787,2023,12,71,0.5173,0.18,9,5.667,4,1
CZ-044,la_libertad,-11.944582,-77.048946,18162,0.6852,0.2674,0.6096,0.4831,0.5344,0.6767,0.2493,0.3068,0.787,2024,1,72,0.4885,0.11,12,7.667,6,1
CZ-044,la_libertad,-11.944582,-77.048946,18162,0.6852,0.2674,0.6096,0.4831,0.5344,0.6767,0.2493,0.3068,0.787,2024,2,73,0.3994,0.1905,14,11.667,12,1
CZ-044,la_libertad,-11.944582,-77.048946,18162,0.6852,0.2674,0.6096,0.4831,0.5344,0.6767,0.2493,0.3068,0.787,2024,3,74,0.5166,0.22,10,12.0,1,1
CZ-044,la_libertad,-11.944582,-77.048946,18162,0.6852,0.2674,0.6096,0.4831,0.5344,0.6767,0.2493,0.3068,0.787,2024,4,75,0.4531,0.1905,18,14.0,6,1
CZ-044,la_libertad,-11.944582,-77.048946,18162,0.6852,0.2674,0.6096,0.4831,0.5344,0.6767,0.2493,0.3068,0.787,2024,5,76,0.4322,0.11,14,14.0,0,1
CZ-044,la_libertad,-11.944582,-77.048946,18162,0.6852,0.2674,0.6096,0.4831,0.5344,0.6767,0.2493,0.3068,0.787,2024,6,77,0.4709,0.0,9,13.667,-1,1
CZ-044,la_libertad,-11.944582,-77.048946,18162,0.6852,0.2674,0.6096,0.4831,0.5344,0.6767,0.2493,0.3068,0.787,2024,7,78,0.5125,0.07,9,10.667,-9,1
CZ-044,la_libertad,-11.944582,-77.048946,18162,0.6852,0.2674,0.6096,0.4831,0.5344,0.6767,0.2493,0.3068,0.787,2024,8,79,0.5216,-0.1905,17,11.667,3,1
CZ-044,la_libertad,-11.944582,-77.048946,18162,0.6852,0.2674,0.6096,0.4831,0.5344,0.6767,0.2493,0.3068,0.787,2024,9,80,0.54,-0.22,9,11.667,0,0
CZ-044,la_libertad,-11.944582,-77.048946,18162,0.6852,0.2674,0.6096,0.4831,0.5344,0.6767,0.2493,0.3068,0.787,2024,10,81,0.4412,-0.1905,14,13.333,5,1
CZ-044,la_libertad,-11.944582,-77.048946,18162,0.6852,0.2674,0.6096,0.4831,0.5344,0.6767,0.2493,0.3068,0.787,2024,11,82,0.4379,-0.11,7,10.0,-10,1
CZ-044,la_libertad,-11.944582,-77.048946,18162,0.6852,0.2674,0.6096,0.4831,0.5344,0.6767,0.2493,0.3068,0.787,2024,12,83,0.5865,0.18,12,11.0,3,1
CZ-044,la_libertad,-11.944582,-77.048946,18162,0.6852,0.2674,0.6096,0.4831,0.5344,0.6767,0.2493,0.3068,0.787,2025,1,84,0.4373,0.11,16,11.667,2,1
CZ-044,la_libertad,-11.944582,-77.048946,18162,0.6852,0.2674,0.6096,0.4831,0.5344,0.6767,0.2493,0.3068,0.787,2025,2,85,0.4781,0.1905,9,12.333,2,1
CZ-044,la_libertad,-11.944582,-77.048946,18162,0.6852,0.2674,0.6096,0.4831,0.5344,0.6767,0.2493,0.3068,0.787,2025,3,86,0.3737,0.22,14,13.0,2,0
CZ-044,la_libertad,-11.944582,-77.048946,18162,0.6852,0.2674,0.6096,0.4831,0.5344,0.6767,0.2493,0.3068,0.787,2025,4,87,0.4661,0.1905,13,12.0,-3,1
CZ-044,la_libertad,-11.944582,-77.048946,18162,0.6852,0.2674,0.6096,0.4831,0.5344,0.6767,0.2493,0.3068,0.787,2025,5,88,0.5135,0.11,7,11.333,-2,1
CZ-044,la_libertad,-11.944582,-77.048946,18162,0.6852,0.2674,0.6096,0.4831,0.5344,0.6767,0.2493,0.3068,0.787,2025,6,89,0.4825,0.0,14,11.333,0,1
CZ-044,la_libertad,-11.944582,-77.048946,18162,0.6852,0.2674,0.6096,0.4831,0.5344,0.6767,0.2493,0.3068,0.787,2025,7,90,0.5638,0.07,12,11.0,-1,1
CZ-044,la_libertad,-11.944582,-77.048946,18162,0.6852,0.2674,0.6096,0.4831,0.5344,0.6767,0.2493,0.3068,0.787,2025,8,91,0.4695,-0.1905,9,11.667,2,0
CZ-044,la_libertad,-11.944582,-77.048946,18162,0.6852,0.2674,0.6096,0.4831,0.5344,0.6767,0.2493,0.3068,0.787,2025,9,92,0.4572,-0.22,9,10.0,-5,1
CZ-044,la_libertad,-11.944582,-77.048946,18162,0.6852,0.2674,0.6096,0.4831,0.5344,0.6767,0.2493,0.3068,0.787,2025,10,93,0.5172,-0.1905,6,8.0,-6,0
CZ-044,la_libertad,-11.944582,-77.048946,18162,0.6852,0.2674,0.6096,0.4831,0.5344,0.6767,0.2493,0.3068,0.787,2025,11,94,0.3822,-0.11,9,8.0,0,1
CZ-045,santa_luzmila,-11.957771,-77.067082,15519,0.4365,0.2409,0.6328,0.6779,0.7199,0.7335,0.2761,0.4192,0.6595,2018,5,4,0.4373,0.11,5,7.333,-1,0
CZ-045,santa_luzmila,-11.957771,-77.067082,15519,0.4365,0.2409,0.6328,0.6779,0.7199,0.7335,0.2761,0.4192,0.6595,2018,6,5,0.4152,0.0,4,5.667,-5,0
CZ-045,santa_luzmila,-11.957771,-77.067082,15519,0.4365,0.2409,0.6328,0.6779,0.7199,0.7335,0.2761,0.4192,0.6595,2018,7,6,0.5946,0.07,3,4.0,-5,0
CZ-045,santa_luzmila,-11.957771,-77.067082,15519,0.4365,0.2409,0.6328,0.6779,0.7199,0.7335,0.2761,0.4192,0.6595,2018,8,7,0.3908,-0.1905,8,5.0,3,0
CZ-045,santa_luzmila,-11.957771,-77.067082,15519,0.4365,0.2409,0.6328,0.6779,0.7199,0.7335,0.2761,0.4192,0.6595,2018,9,8,0.5381,-0.22,5,5.333,1,0
CZ-045,santa_luzmila,-11.957771,-77.067082,15519,0.4365,0.2409,0.6328,0.6779,0.7199,0.7335,0.2761,0.4192,0.6595,2018,10,9,0.5104,-0.1905,2,5.0,-1,0
CZ-045,santa_luzmila,-11.957771,-77.067082,15519,0.4365,0.2409,0.6328,0.6779,0.7199,0.7335,0.2761,0.4192,0.6595,2018,11,10,0.4613,-0.11,8,5.0,0,0
CZ-045,santa_luzmila,-11.957771,-77.067082,15519,0.4365,0.2409,0.6328,0.6779,0.7199,0.7335,0.2761,0.4192,0.6595,2018,12,11,0.4977,0.18,6,5.333,1,1
CZ-045,santa_luzmila,-11.957771,-77.067082,15519,0.4365,0.2409,0.6328,0.6779,0.7199,0.7335,0.2761,0.4192,0.6595,2019,1,12,0.5244,0.11,3,5.667,1,0
CZ-045,santa_luzmila,-11.957771,-77.067082,15519,0.4365,0.2409,0.6328,0.6779,0.7199,0.7335,0.2761,0.4192,0.6595,2019,2,13,0.4186,0.1905,9,6.0,1,1
CZ-045,santa_luzmila,-11.957771,-77.067082,15519,0.4365,0.2409,0.6328,0.6779,0.7199,0.7335,0.2761,0.4192,0.6595,2019,3,14,0.6049,0.22,6,6.0,0,1
CZ-045,santa_luzmila,-11.957771,-77.067082,15519,0.4365,0.2409,0.6328,0.6779,0.7199,0.7335,0.2761,0.4192,0.6595,2019,4,15,0.4555,0.1905,10,8.333,7,0
CZ-045,santa_luzmila,-11.957771,-77.067082,15519,0.4365,0.2409,0.6328,0.6779,0.7199,0.7335,0.2761,0.4192,0.6595,2019,5,16,0.4857,0.11,10,8.667,1,0
CZ-045,santa_luzmila,-11.957771,-77.067082,15519,0.4365,0.2409,0.6328,0.6779,0.7199,0.7335,0.2761,0.4192,0.6595,2019,6,17,0.471,0.0,7,9.0,1,1
CZ-045,santa_luzmila,-11.957771,-77.067082,15519,0.4365,0.2409,0.6328,0.6779,0.7199,0.7335,0.2761,0.4192,0.6595,2019,7,18,0.5959,0.07,4,7.0,-6,0
CZ-045,santa_luzmila,-11.957771,-77.067082,15519,0.4365,0.2409,0.6328,0.6779,0.7199,0.7335,0.2761,0.4192,0.6595,2019,8,19,0.5316,-0.1905,9,6.667,-1,0
CZ-045,santa_luzmila,-11.957771,-77.067082,15519,0.4365,0.2409,0.6328,0.6779,0.7199,0.7335,0.2761,0.4192,0.6595,2019,9,20,0.4384,-0.22,3,5.333,-4,0
CZ-045,santa_luzmila,-11.957771,-77.067082,15519,0.4365,0.2409,0.6328,0.6779,0.7199,0.7335,0.2761,0.4192,0.6595,2019,10,21,0.575,-0.1905,4,5.333,0,0
CZ-045,santa_luzmila,-11.957771,-77.067082,15519,0.4365,0.2409,0.6328,0.6779,0.7199,0.7335,0.2761,0.4192,0.6595,2019,11,22,0.4371,-0.11,8,5.0,-1,0
CZ-045,santa_luzmila,-11.957771,-77.067082,15519,0.4365,0.2409,0.6328,0.6779,0.7199,0.7335,0.2761,0.4192,0.6595,2019,12,23,0.5181,0.18,6,6.0,3,0
CZ-045,santa_luzmila,-11.957771,-77.067082,15519,0.4365,0.2409,0.6328,0.6779,0.7199,0.7335,0.2761,0.4192,0.6595,2020,1,24,0.4048,0.11,6,6.667,2,0
CZ-045,santa_luzmila,-11.957771,-77.067082,15519,0.4365,0.2409,0.6328,0.6779,0.7199,0.7335,0.2761,0.4192,0.6595,2020,2,25,0.4162,0.1905,4,5.333,-4,1
CZ-045,santa_luzmila,-11.957771,-77.067082,15519,0.4365,0.2409,0.6328,0.6779,0.7199,0.7335,0.2761,0.4192,0.6595,2020,3,26,0.4451,0.22,7,5.667,1,0
CZ-045,santa_luzmila,-11.957771,-77.067082,15519,0.4365,0.2409,0.6328,0.6779,0.7199,0.7335,0.2761,0.4192,0.6595,2020,4,27,0.4709,0.1905,9,6.667,3,0
CZ-045,santa_luzmila,-11.957771,-77.067082,15519,0.4365,0.2409,0.6328,0.6779,0.7199,0.7335,0.2761,0.4192,0.6595,2020,5,28,0.4087,0.11,8,8.0,4,0
CZ-045,santa_luzmila,-11.957771,-77.067082,15519,0.4365,0.2409,0.6328,0.6779,0.7199,0.7335,0.2761,0.4192,0.6595,2020,6,29,0.4963,0.0,6,7.667,-1,1
CZ-045,santa_luzmila,-11.957771,-77.067082,15519,0.4365,0.2409,0.6328,0.6779,0.7199,0.7335,0.2761,0.4192,0.6595,2020,7,30,0.5679,0.07,4,6.0,-5,0
CZ-045,santa_luzmila,-11.957771,-77.067082,15519,0.4365,0.2409,0.6328,0.6779,0.7199,0.7335,0.2761,0.4192,0.6595,2020,8,31,0.4817,-0.1905,13,7.667,5,0
CZ-045,santa_luzmila,-11.957771,-77.067082,15519,0.4365,0.2409,0.6328,0.6779,0.7199,0.7335,0.2761,0.4192,0.6595,2020,9,32,0.5297,-0.22,3,6.667,-3,0
CZ-045,santa_luzmila,-11.957771,-77.067082,15519,0.4365,0.2409,0.6328,0.6779,0.7199,0.7335,0.2761,0.4192,0.6595,2020,10,33,0.4186,-0.1905,7,7.667,3,0
CZ-045,santa_luzmila,-11.957771,-77.067082,15519,0.4365,0.2409,0.6328,0.6779,0.7199,0.7335,0.2761,0.4192,0.6595,2020,11,34,0.5598,-0.11,8,6.0,-5,0
CZ-045,santa_luzmila,-11.957771,-77.067082,15519,0.4365,0.2409,0.6328,0.6779,0.7199,0.7335,0.2761,0.4192,0.6595,2020,12,35,0.4859,0.18,4,6.333,1,0
CZ-045,santa_luzmila,-11.957771,-77.067082,15519,0.4365,0.2409,0.6328,0.6779,0.7199,0.7335,0.2761,0.4192,0.6595,2021,1,36,0.5338,0.11,8,6.667,1,1
CZ-045,santa_luzmila,-11.957771,-77.067082,15519,0.4365,0.2409,0.6328,0.6779,0.7199,0.7335,0.2761,0.4192,0.6595,2021,2,37,0.5002,0.1905,8,6.667,0,0
CZ-045,santa_luzmila,-11.957771,-77.067082,15519,0.4365,0.2409,0.6328,0.6779,0.7199,0.7335,0.2761,0.4192,0.6595,2021,3,38,0.4859,0.22,10,8.667,6,0
CZ-045,santa_luzmila,-11.957771,-77.067082,15519,0.4365,0.2409,0.6328,0.6779,0.7199,0.7335,0.2761,0.4192,0.6595,2021,4,39,0.5105,0.1905,7,8.333,-1,1
CZ-045,santa_luzmila,-11.957771,-77.067082,15519,0.4365,0.2409,0.6328,0.6779,0.7199,0.7335,0.2761,0.4192,0.6595,2021,5,40,0.5218,0.11,7,8.0,-1,0
CZ-045,santa_luzmila,-11.957771,-77.067082,15519,0.4365,0.2409,0.6328,0.6779,0.7199,0.7335,0.2761,0.4192,0.6595,2021,6,41,0.5402,0.0,10,8.0,0,0
CZ-045,santa_luzmila,-11.957771,-77.067082,15519,0.4365,0.2409,0.6328,0.6779,0.7199,0.7335,0.2761,0.4192,0.6595,2021,7,42,0.563,0.07,4,7.0,-3,0
CZ-045,santa_luzmila,-11.957771,-77.067082,15519,0.4365,0.2409,0.6328,0.6779,0.7199,0.7335,0.2761,0.4192,0.6595,2021,8,43,0.4197,-0.1905,4,6.0,-3,0
CZ-045,santa_luzmila,-11.957771,-77.067082,15519,0.4365,0.2409,0.6328,0.6779,0.7199,0.7335,0.2761,0.4192,0.6595,2021,9,44,0.4462,-0.22,5,4.333,-5,0
CZ-045,santa_luzmila,-11.957771,-77.067082,15519,0.4365,0.2409,0.6328,0.6779,0.7199,0.7335,0.2761,0.4192,0.6595,2021,10,45,0.4379,-0.1905,3,4.0,-1,0
CZ-045,santa_luzmila,-11.957771,-77.067082,15519,0.4365,0.2409,0.6328,0.6779,0.7199,0.7335,0.2761,0.4192,0.6595,2021,11,46,0.4733,-0.11,2,3.333,-2,1
CZ-045,santa_luzmila,-11.957771,-77.067082,15519,0.4365,0.2409,0.6328,0.6779,0.7199,0.7335,0.2761,0.4192,0.6595,2021,12,47,0.6259,0.18,5,3.333,0,1
CZ-045,santa_luzmila,-11.957771,-77.067082,15519,0.4365,0.2409,0.6328,0.6779,0.7199,0.7335,0.2761,0.4192,0.6595,2022,1,48,0.4937,0.11,11,6.0,8,0
CZ-045,santa_luzmila,-11.957771,-77.067082,15519,0.4365,0.2409,0.6328,0.6779,0.7199,0.7335,0.2761,0.4192,0.6595,2022,2,49,0.4641,0.1905,13,9.667,11,0
CZ-045,santa_luzmila,-11.957771,-77.067082,15519,0.4365,0.2409,0.6328,0.6779,0.7199,0.7335,0.2761,0.4192,0.6595,2022,3,50,0.4556,0.22,6,10.0,1,0
CZ-045,santa_luzmila,-11.957771,-77.067082,15519,0.4365,0.2409,0.6328,0.6779,0.7199,0.7335,0.2761,0.4192,0.6595,2022,4,51,0.4376,0.1905,5,8.0,-6,1
CZ-045,santa_luzmila,-11.957771,-77.067082,15519,0.4365,0.2409,0.6328,0.6779,0.7199,0.7335,0.2761,0.4192,0.6595,2022,5,52,0.4252,0.11,2,4.333,-11,0
CZ-045,santa_luzmila,-11.957771,-77.067082,15519,0.4365,0.2409,0.6328,0.6779,0.7199,0.7335,0.2761,0.4192,0.6595,2022,6,53,0.5539,0.0,12,6.333,6,0
CZ-045,santa_luzmila,-11.957771,-77.067082,15519,0.4365,0.2409,0.6328,0.6779,0.7199,0.7335,0.2761,0.4192,0.6595,2022,7,54,0.5379,0.07,6,6.667,1,0
CZ-045,santa_luzmila,-11.957771,-77.067082,15519,0.4365,0.2409,0.6328,0.6779,0.7199,0.7335,0.2761,0.4192,0.6595,2022,8,55,0.4317,-0.1905,5,7.667,3,0
CZ-045,santa_luzmila,-11.957771,-77.067082,15519,0.4365,0.2409,0.6328,0.6779,0.7199,0.7335,0.2761,0.4192,0.6595,2022,9,56,0.4609,-0.22,7,6.0,-5,0
CZ-045,santa_luzmila,-11.957771,-77.067082,15519,0.4365,0.2409,0.6328,0.6779,0.7199,0.7335,0.2761,0.4192,0.6595,2022,10,57,0.4303,-0.1905,3,5.0,-3,0
CZ-045,santa_luzmila,-11.957771,-77.067082,15519,0.4365,0.2409,0.6328,0.6779,0.7199,0.7335,0.2761,0.4192,0.6595,2022,11,58,0.4783,-0.11,8,6.0,3,0
CZ-045,santa_luzmila,-11.957771,-77.067082,15519,0.4365,0.2409,0.6328,0.6779,0.7199,0.7335,0.2761,0.4192,0.6595,2022,12,59,0.5213,0.18,8,6.333,1,0
CZ-045,santa_luzmila,-11.957771,-77.067082,15519,0.4365,0.2409,0.6328,0.6779,0.7199,0.7335,0.2761,0.4192,0.6595,2023,1,60,0.5779,0.11,4,6.667,1,0
CZ-045,santa_luzmila,-11.957771,-77.067082,15519,0.4365,0.2409,0.6328,0.6779,0.7199,0.7335,0.2761,0.4192,0.6595,2023,2,61,0.4864,0.1905,3,5.0,-5,1
CZ-045,santa_luzmila,-11.957771,-77.067082,15519,0.4365,0.2409,0.6328,0.6779,0.7199,0.7335,0.2761,0.4192,0.6595,2023,3,62,0.401,0.22,6,4.333,-2,0
CZ-045,santa_luzmila,-11.957771,-77.067082,15519,0.4365,0.2409,0.6328,0.6779,0.7199,0.7335,0.2761,0.4192,0.6595,2023,4,63,0.4376,0.1905,9,6.0,5,1
CZ-045,santa_luzmila,-11.957771,-77.067082,15519,0.4365,0.2409,0.6328,0.6779,0.7199,0.7335,0.2761,0.4192,0.6595,2023,5,64,0.4049,0.11,8,7.667,5,0
CZ-045,santa_luzmila,-11.957771,-77.067082,15519,0.4365,0.2409,0.6328,0.6779,0.7199,0.7335,0.2761,0.4192,0.6595,2023,6,65,0.4965,0.0,13,10.0,7,1
CZ-045,santa_luzmila,-11.957771,-77.067082,15519,0.4365,0.2409,0.6328,0.6779,0.7199,0.7335,0.2761,0.4192,0.6595,2023,7,66,0.6072,0.07,4,8.333,-5,0
CZ-045,santa_luzmila,-11.957771,-77.067082,15519,0.4365,0.2409,0.6328,0.6779,0.7199,0.7335,0.2761,0.4192,0.6595,2023,8,67,0.514,-0.1905,9,8.667,1,0
CZ-045,santa_luzmila,-11.957771,-77.067082,15519,0.4365,0.2409,0.6328,0.6779,0.7199,0.7335,0.2761,0.4192,0.6595,2023,9,68,0.4944,-0.22,5,6.0,-8,0
CZ-045,santa_luzmila,-11.957771,-77.067082,15519,0.4365,0.2409,0.6328,0.6779,0.7199,0.7335,0.2761,0.4192,0.6595,2023,10,69,0.4374,-0.1905,2,5.333,-2,1
CZ-045,santa_luzmila,-11.957771,-77.067082,15519,0.4365,0.2409,0.6328,0.6779,0.7199,0.7335,0.2761,0.4192,0.6595,2023,11,70,0.4767,-0.11,3,3.333,-6,1
CZ-045,santa_luzmila,-11.957771,-77.067082,15519,0.4365,0.2409,0.6328,0.6779,0.7199,0.7335,0.2761,0.4192,0.6595,2023,12,71,0.4814,0.18,13,6.0,8,1
CZ-045,santa_luzmila,-11.957771,-77.067082,15519,0.4365,0.2409,0.6328,0.6779,0.7199,0.7335,0.2761,0.4192,0.6595,2024,1,72,0.471,0.11,11,9.0,9,1
CZ-045,santa_luzmila,-11.957771,-77.067082,15519,0.4365,0.2409,0.6328,0.6779,0.7199,0.7335,0.2761,0.4192,0.6595,2024,2,73,0.4792,0.1905,10,11.333,7,0
CZ-045,santa_luzmila,-11.957771,-77.067082,15519,0.4365,0.2409,0.6328,0.6779,0.7199,0.7335,0.2761,0.4192,0.6595,2024,3,74,0.5313,0.22,18,13.0,5,1
CZ-045,santa_luzmila,-11.957771,-77.067082,15519,0.4365,0.2409,0.6328,0.6779,0.7199,0.7335,0.2761,0.4192,0.6595,2024,4,75,0.4506,0.1905,8,12.0,-3,0
CZ-045,santa_luzmila,-11.957771,-77.067082,15519,0.4365,0.2409,0.6328,0.6779,0.7199,0.7335,0.2761,0.4192,0.6595,2024,5,76,0.4134,0.11,9,11.667,-1,1
CZ-045,santa_luzmila,-11.957771,-77.067082,15519,0.4365,0.2409,0.6328,0.6779,0.7199,0.7335,0.2761,0.4192,0.6595,2024,6,77,0.5088,0.0,5,7.333,-13,1
CZ-045,santa_luzmila,-11.957771,-77.067082,15519,0.4365,0.2409,0.6328,0.6779,0.7199,0.7335,0.2761,0.4192,0.6595,2024,7,78,0.5047,0.07,11,8.333,3,0
CZ-045,santa_luzmila,-11.957771,-77.067082,15519,0.4365,0.2409,0.6328,0.6779,0.7199,0.7335,0.2761,0.4192,0.6595,2024,8,79,0.4061,-0.1905,9,8.333,0,0
CZ-045,santa_luzmila,-11.957771,-77.067082,15519,0.4365,0.2409,0.6328,0.6779,0.7199,0.7335,0.2761,0.4192,0.6595,2024,9,80,0.4999,-0.22,4,8.0,-1,0
CZ-045,santa_luzmila,-11.957771,-77.067082,15519,0.4365,0.2409,0.6328,0.6779,0.7199,0.7335,0.2761,0.4192,0.6595,2024,10,81,0.47,-0.1905,5,6.0,-6,1
CZ-045,santa_luzmila,-11.957771,-77.067082,15519,0.4365,0.2409,0.6328,0.6779,0.7199,0.7335,0.2761,0.4192,0.6595,2024,11,82,0.4646,-0.11,5,4.667,-4,1
CZ-045,santa_luzmila,-11.957771,-77.067082,15519,0.4365,0.2409,0.6328,0.6779,0.7199,0.7335,0.2761,0.4192,0.6595,2024,12,83,0.5364,0.18,9,6.333,5,1
CZ-045,santa_luzmila,-11.957771,-77.067082,15519,0.4365,0.2409,0.6328,0.6779,0.7199,0.7335,0.2761,0.4192,0.6595,2025,1,84,0.4525,0.11,9,7.667,4,1
CZ-045,santa_luzmila,-11.957771,-77.067082,15519,0.4365,0.2409,0.6328,0.6779,0.7199,0.7335,0.2761,0.4192,0.6595,2025,2,85,0.5051,0.1905,12,10.0,7,1
CZ-045,santa_luzmila,-11.957771,-77.067082,15519,0.4365,0.2409,0.6328,0.6779,0.7199,0.7335,0.2761,0.4192,0.6595,2025,3,86,0.4485,0.22,17,12.667,8,0
CZ-045,santa_luzmila,-11.957771,-77.067082,15519,0.4365,0.2409,0.6328,0.6779,0.7199,0.7335,0.2761,0.4192,0.6595,2025,4,87,0.5171,0.1905,11,13.333,2,1
CZ-045,santa_luzmila,-11.957771,-77.067082,15519,0.4365,0.2409,0.6328,0.6779,0.7199,0.7335,0.2761,0.4192,0.6595,2025,5,88,0.4026,0.11,8,12.0,-4,0
CZ-045,santa_luzmila,-11.957771,-77.067082,15519,0.4365,0.2409,0.6328,0.6779,0.7199,0.7335,0.2761,0.4192,0.6595,2025,6,89,0.3791,0.0,9,9.333,-8,0
CZ-045,santa_luzmila,-11.957771,-77.067082,15519,0.4365,0.2409,0.6328,0.6779,0.7199,0.7335,0.2761,0.4192,0.6595,2025,7,90,0.5534,0.07,7,8.0,-4,0
CZ-045,santa_luzmila,-11.957771,-77.067082,15519,0.4365,0.2409,0.6328,0.6779,0.7199,0.7335,0.2761,0.4192,0.6595,2025,8,91,0.486,-0.1905,8,8.0,0,1
CZ-045,santa_luzmila,-11.957771,-77.067082,15519,0.4365,0.2409,0.6328,0.6779,0.7199,0.7335,0.2761,0.4192,0.6595,2025,9,92,0.4978,-0.22,8,7.667,-1,0
CZ-045,santa_luzmila,-11.957771,-77.067082,15519,0.4365,0.2409,0.6328,0.6779,0.7199,0.7335,0.2761,0.4192,0.6595,2025,10,93,0.5217,-0.1905,12,9.333,5,0
CZ-045,santa_luzmila,-11.957771,-77.067082,15519,0.4365,0.2409,0.6328,0.6779,0.7199,0.7335,0.2761,0.4192,0.6595,2025,11,94,0.4725,-0.11,5,8.333,-3,1
CZ-046,santa_luzmila,-11.897305,-77.019477,14384,0.2817,0.2452,0.4943,0.6521,0.4385,0.7238,0.2872,0.4773,0.6137,2018,5,4,0.4521,0.11,4,3.0,2,0
CZ-046,santa_luzmila,-11.897305,-77.019477,14384,0.2817,0.2452,0.4943,0.6521,0.4385,0.7238,0.2872,0.4773,0.6137,2018,6,5,0.4571,0.0,2,3.333,1,0
CZ-046,santa_luzmila,-11.897305,-77.019477,14384,0.2817,0.2452,0.4943,0.6521,0.4385,0.7238,0.2872,0.4773,0.6137,2018,7,6,0.5529,0.07,2,2.667,-2,0
CZ-046,santa_luzmila,-11.897305,-77.019477,14384,0.2817,0.2452,0.4943,0.6521,0.4385,0.7238,0.2872,0.4773,0.6137,2018,8,7,0.3741,-0.1905,5,3.0,1,0
CZ-046,santa_luzmila,-11.897305,-77.019477,14384,0.2817,0.2452,0.4943,0.6521,0.4385,0.7238,0.2872,0.4773,0.6137,2018,9,8,0.5289,-0.22,2,3.0,0,0
CZ-046,santa_luzmila,-11.897305,-77.019477,14384,0.2817,0.2452,0.4943,0.6521,0.4385,0.7238,0.2872,0.4773,0.6137,2018,10,9,0.4034,-0.1905,1,2.667,-1,0
CZ-046,santa_luzmila,-11.897305,-77.019477,14384,0.2817,0.2452,0.4943,0.6521,0.4385,0.7238,0.2872,0.4773,0.6137,2018,11,10,0.3787,-0.11,4,2.333,-1,0
CZ-046,santa_luzmila,-11.897305,-77.019477,14384,0.2817,0.2452,0.4943,0.6521,0.4385,0.7238,0.2872,0.4773,0.6137,2018,12,11,0.5714,0.18,3,2.667,1,0
CZ-046,santa_luzmila,-11.897305,-77.019477,14384,0.2817,0.2452,0.4943,0.6521,0.4385,0.7238,0.2872,0.4773,0.6137,2019,1,12,0.3841,0.11,2,3.0,1,0
CZ-046,santa_luzmila,-11.897305,-77.019477,14384,0.2817,0.2452,0.4943,0.6521,0.4385,0.7238,0.2872,0.4773,0.6137,2019,2,13,0.4728,0.1905,3,2.667,-1,0
CZ-046,santa_luzmila,-11.897305,-77.019477,14384,0.2817,0.2452,0.4943,0.6521,0.4385,0.7238,0.2872,0.4773,0.6137,2019,3,14,0.3401,0.22,4,3.0,1,0
CZ-046,santa_luzmila,-11.897305,-77.019477,14384,0.2817,0.2452,0.4943,0.6521,0.4385,0.7238,0.2872,0.4773,0.6137,2019,4,15,0.4254,0.1905,5,4.0,3,0
CZ-046,santa_luzmila,-11.897305,-77.019477,14384,0.2817,0.2452,0.4943,0.6521,0.4385,0.7238,0.2872,0.4773,0.6137,2019,5,16,0.4896,0.11,1,3.333,-2,0
CZ-046,santa_luzmila,-11.897305,-77.019477,14384,0.2817,0.2452,0.4943,0.6521,0.4385,0.7238,0.2872,0.4773,0.6137,2019,6,17,0.4758,0.0,4,3.333,0,0
CZ-046,santa_luzmila,-11.897305,-77.019477,14384,0.2817,0.2452,0.4943,0.6521,0.4385,0.7238,0.2872,0.4773,0.6137,2019,7,18,0.4139,0.07,1,2.0,-4,0
CZ-046,santa_luzmila,-11.897305,-77.019477,14384,0.2817,0.2452,0.4943,0.6521,0.4385,0.7238,0.2872,0.4773,0.6137,2019,8,19,0.4675,-0.1905,6,3.667,5,0
CZ-046,santa_luzmila,-11.897305,-77.019477,14384,0.2817,0.2452,0.4943,0.6521,0.4385,0.7238,0.2872,0.4773,0.6137,2019,9,20,0.4372,-0.22,4,3.667,0,0
CZ-046,santa_luzmila,-11.897305,-77.019477,14384,0.2817,0.2452,0.4943,0.6521,0.4385,0.7238,0.2872,0.4773,0.6137,2019,10,21,0.4566,-0.1905,2,4.0,1,0
CZ-046,santa_luzmila,-11.897305,-77.019477,14384,0.2817,0.2452,0.4943,0.6521,0.4385,0.7238,0.2872,0.4773,0.6137,2019,11,22,0.4303,-0.11,1,2.333,-5,0
CZ-046,santa_luzmila,-11.897305,-77.019477,14384,0.2817,0.2452,0.4943,0.6521,0.4385,0.7238,0.2872,0.4773,0.6137,2019,12,23,0.5258,0.18,0,1.0,-4,0
CZ-046,santa_luzmila,-11.897305,-77.019477,14384,0.2817,0.2452,0.4943,0.6521,0.4385,0.7238,0.2872,0.4773,0.6137,2020,1,24,0.4465,0.11,5,2.0,3,0
CZ-046,santa_luzmila,-11.897305,-77.019477,14384,0.2817,0.2452,0.4943,0.6521,0.4385,0.7238,0.2872,0.4773,0.6137,2020,2,25,0.3128,0.1905,4,3.0,3,0
CZ-046,santa_luzmila,-11.897305,-77.019477,14384,0.2817,0.2452,0.4943,0.6521,0.4385,0.7238,0.2872,0.4773,0.6137,2020,3,26,0.3581,0.22,2,3.667,2,0
CZ-046,santa_luzmila,-11.897305,-77.019477,14384,0.2817,0.2452,0.4943,0.6521,0.4385,0.7238,0.2872,0.4773,0.6137,2020,4,27,0.5667,0.1905,3,3.0,-2,0
CZ-046,santa_luzmila,-11.897305,-77.019477,14384,0.2817,0.2452,0.4943,0.6521,0.4385,0.7238,0.2872,0.4773,0.6137,2020,5,28,0.4341,0.11,3,2.667,-1,0
CZ-046,santa_luzmila,-11.897305,-77.019477,14384,0.2817,0.2452,0.4943,0.6521,0.4385,0.7238,0.2872,0.4773,0.6137,2020,6,29,0.3494,0.0,4,3.333,2,0
CZ-046,santa_luzmila,-11.897305,-77.019477,14384,0.2817,0.2452,0.4943,0.6521,0.4385,0.7238,0.2872,0.4773,0.6137,2020,7,30,0.488,0.07,5,4.0,2,0
CZ-046,santa_luzmila,-11.897305,-77.019477,14384,0.2817,0.2452,0.4943,0.6521,0.4385,0.7238,0.2872,0.4773,0.6137,2020,8,31,0.4587,-0.1905,5,4.667,2,0
CZ-046,santa_luzmila,-11.897305,-77.019477,14384,0.2817,0.2452,0.4943,0.6521,0.4385,0.7238,0.2872,0.4773,0.6137,2020,9,32,0.4359,-0.22,2,4.0,-2,0
CZ-046,santa_luzmila,-11.897305,-77.019477,14384,0.2817,0.2452,0.4943,0.6521,0.4385,0.7238,0.2872,0.4773,0.6137,2020,10,33,0.3397,-0.1905,2,3.0,-3,0
CZ-046,santa_luzmila,-11.897305,-77.019477,14384,0.2817,0.2452,0.4943,0.6521,0.4385,0.7238,0.2872,0.4773,0.6137,2020,11,34,0.4128,-0.11,0,1.333,-5,0
CZ-046,santa_luzmila,-11.897305,-77.019477,14384,0.2817,0.2452,0.4943,0.6521,0.4385,0.7238,0.2872,0.4773,0.6137,2020,12,35,0.4953,0.18,3,1.667,1,0
CZ-046,santa_luzmila,-11.897305,-77.019477,14384,0.2817,0.2452,0.4943,0.6521,0.4385,0.7238,0.2872,0.4773,0.6137,2021,1,36,0.3805,0.11,4,2.333,2,0
CZ-046,santa_luzmila,-11.897305,-77.019477,14384,0.2817,0.2452,0.4943,0.6521,0.4385,0.7238,0.2872,0.4773,0.6137,2021,2,37,0.4534,0.1905,1,2.667,1,0
CZ-046,santa_luzmila,-11.897305,-77.019477,14384,0.2817,0.2452,0.4943,0.6521,0.4385,0.7238,0.2872,0.4773,0.6137,2021,3,38,0.4669,0.22,4,3.0,1,0
CZ-046,santa_luzmila,-11.897305,-77.019477,14384,0.2817,0.2452,0.4943,0.6521,0.4385,0.7238,0.2872,0.4773,0.6137,2021,4,39,0.515,0.1905,6,3.667,2,0
CZ-046,santa_luzmila,-11.897305,-77.019477,14384,0.2817,0.2452,0.4943,0.6521,0.4385,0.7238,0.2872,0.4773,0.6137,2021,5,40,0.46,0.11,2,4.0,1,0
CZ-046,santa_luzmila,-11.897305,-77.019477,14384,0.2817,0.2452,0.4943,0.6521,0.4385,0.7238,0.2872,0.4773,0.6137,2021,6,41,0.33,0.0,1,3.0,-3,0
CZ-046,santa_luzmila,-11.897305,-77.019477,14384,0.2817,0.2452,0.4943,0.6521,0.4385,0.7238,0.2872,0.4773,0.6137,2021,7,42,0.487,0.07,0,1.0,-6,0
CZ-046,santa_luzmila,-11.897305,-77.019477,14384,0.2817,0.2452,0.4943,0.6521,0.4385,0.7238,0.2872,0.4773,0.6137,2021,8,43,0.5038,-0.1905,2,1.0,0,0
CZ-046,santa_luzmila,-11.897305,-77.019477,14384,0.2817,0.2452,0.4943,0.6521,0.4385,0.7238,0.2872,0.4773,0.6137,2021,9,44,0.4896,-0.22,1,1.0,0,0
CZ-046,santa_luzmila,-11.897305,-77.019477,14384,0.2817,0.2452,0.4943,0.6521,0.4385,0.7238,0.2872,0.4773,0.6137,2021,10,45,0.3991,-0.1905,1,1.333,1,0
CZ-046,santa_luzmila,-11.897305,-77.019477,14384,0.2817,0.2452,0.4943,0.6521,0.4385,0.7238,0.2872,0.4773,0.6137,2021,11,46,0.4453,-0.11,2,1.333,0,0
CZ-046,santa_luzmila,-11.897305,-77.019477,14384,0.2817,0.2452,0.4943,0.6521,0.4385,0.7238,0.2872,0.4773,0.6137,2021,12,47,0.4682,0.18,2,1.667,1,0
CZ-046,santa_luzmila,-11.897305,-77.019477,14384,0.2817,0.2452,0.4943,0.6521,0.4385,0.7238,0.2872,0.4773,0.6137,2022,1,48,0.4531,0.11,7,3.667,6,0
CZ-046,santa_luzmila,-11.897305,-77.019477,14384,0.2817,0.2452,0.4943,0.6521,0.4385,0.7238,0.2872,0.4773,0.6137,2022,2,49,0.394,0.1905,7,5.333,5,0
CZ-046,santa_luzmila,-11.897305,-77.019477,14384,0.2817,0.2452,0.4943,0.6521,0.4385,0.7238,0.2872,0.4773,0.6137,2022,3,50,0.424,0.22,4,6.0,2,0
CZ-046,santa_luzmila,-11.897305,-77.019477,14384,0.2817,0.2452,0.4943,0.6521,0.4385,0.7238,0.2872,0.4773,0.6137,2022,4,51,0.417,0.1905,5,5.333,-2,0
CZ-046,santa_luzmila,-11.897305,-77.019477,14384,0.2817,0.2452,0.4943,0.6521,0.4385,0.7238,0.2872,0.4773,0.6137,2022,5,52,0.4973,0.11,4,4.333,-3,0
CZ-046,santa_luzmila,-11.897305,-77.019477,14384,0.2817,0.2452,0.4943,0.6521,0.4385,0.7238,0.2872,0.4773,0.6137,2022,6,53,0.4458,0.0,4,4.333,0,0
CZ-046,santa_luzmila,-11.897305,-77.019477,14384,0.2817,0.2452,0.4943,0.6521,0.4385,0.7238,0.2872,0.4773,0.6137,2022,7,54,0.488,0.07,3,3.667,-2,0
CZ-046,santa_luzmila,-11.897305,-77.019477,14384,0.2817,0.2452,0.4943,0.6521,0.4385,0.7238,0.2872,0.4773,0.6137,2022,8,55,0.4219,-0.1905,3,3.333,-1,0
CZ-046,santa_luzmila,-11.897305,-77.019477,14384,0.2817,0.2452,0.4943,0.6521,0.4385,0.7238,0.2872,0.4773,0.6137,2022,9,56,0.4047,-0.22,2,2.667,-2,0
CZ-046,santa_luzmila,-11.897305,-77.019477,14384,0.2817,0.2452,0.4943,0.6521,0.4385,0.7238,0.2872,0.4773,0.6137,2022,10,57,0.4609,-0.1905,1,2.0,-2,0
CZ-046,santa_luzmila,-11.897305,-77.019477,14384,0.2817,0.2452,0.4943,0.6521,0.4385,0.7238,0.2872,0.4773,0.6137,2022,11,58,0.4299,-0.11,2,1.667,-1,0
CZ-046,santa_luzmila,-11.897305,-77.019477,14384,0.2817,0.2452,0.4943,0.6521,0.4385,0.7238,0.2872,0.4773,0.6137,2022,12,59,0.545,0.18,2,1.667,0,0
CZ-046,santa_luzmila,-11.897305,-77.019477,14384,0.2817,0.2452,0.4943,0.6521,0.4385,0.7238,0.2872,0.4773,0.6137,2023,1,60,0.4355,0.11,0,1.333,-1,0
CZ-046,santa_luzmila,-11.897305,-77.019477,14384,0.2817,0.2452,0.4943,0.6521,0.4385,0.7238,0.2872,0.4773,0.6137,2023,2,61,0.4471,0.1905,1,1.0,-1,0
CZ-046,santa_luzmila,-11.897305,-77.019477,14384,0.2817,0.2452,0.4943,0.6521,0.4385,0.7238,0.2872,0.4773,0.6137,2023,3,62,0.4583,0.22,1,0.667,-1,0
CZ-046,santa_luzmila,-11.897305,-77.019477,14384,0.2817,0.2452,0.4943,0.6521,0.4385,0.7238,0.2872,0.4773,0.6137,2023,4,63,0.4237,0.1905,4,2.0,4,0
CZ-046,santa_luzmila,-11.897305,-77.019477,14384,0.2817,0.2452,0.4943,0.6521,0.4385,0.7238,0.2872,0.4773,0.6137,2023,5,64,0.3434,0.11,5,3.333,4,0
CZ-046,santa_luzmila,-11.897305,-77.019477,14384,0.2817,0.2452,0.4943,0.6521,0.4385,0.7238,0.2872,0.4773,0.6137,2023,6,65,0.3207,0.0,1,3.333,0,0
CZ-046,santa_luzmila,-11.897305,-77.019477,14384,0.2817,0.2452,0.4943,0.6521,0.4385,0.7238,0.2872,0.4773,0.6137,2023,7,66,0.3863,0.07,3,3.0,-1,0
CZ-046,santa_luzmila,-11.897305,-77.019477,14384,0.2817,0.2452,0.4943,0.6521,0.4385,0.7238,0.2872,0.4773,0.6137,2023,8,67,0.4611,-0.1905,3,2.333,-2,0
CZ-046,santa_luzmila,-11.897305,-77.019477,14384,0.2817,0.2452,0.4943,0.6521,0.4385,0.7238,0.2872,0.4773,0.6137,2023,9,68,0.4081,-0.22,1,2.333,0,0
CZ-046,santa_luzmila,-11.897305,-77.019477,14384,0.2817,0.2452,0.4943,0.6521,0.4385,0.7238,0.2872,0.4773,0.6137,2023,10,69,0.463,-0.1905,4,2.667,1,0
CZ-046,santa_luzmila,-11.897305,-77.019477,14384,0.2817,0.2452,0.4943,0.6521,0.4385,0.7238,0.2872,0.4773,0.6137,2023,11,70,0.4203,-0.11,3,2.667,0,0
CZ-046,santa_luzmila,-11.897305,-77.019477,14384,0.2817,0.2452,0.4943,0.6521,0.4385,0.7238,0.2872,0.4773,0.6137,2023,12,71,0.4663,0.18,3,3.333,2,0
CZ-046,santa_luzmila,-11.897305,-77.019477,14384,0.2817,0.2452,0.4943,0.6521,0.4385,0.7238,0.2872,0.4773,0.6137,2024,1,72,0.4032,0.11,5,3.667,1,0
CZ-046,santa_luzmila,-11.897305,-77.019477,14384,0.2817,0.2452,0.4943,0.6521,0.4385,0.7238,0.2872,0.4773,0.6137,2024,2,73,0.4554,0.1905,3,3.667,0,0
CZ-046,santa_luzmila,-11.897305,-77.019477,14384,0.2817,0.2452,0.4943,0.6521,0.4385,0.7238,0.2872,0.4773,0.6137,2024,3,74,0.4548,0.22,2,3.333,-1,0
CZ-046,santa_luzmila,-11.897305,-77.019477,14384,0.2817,0.2452,0.4943,0.6521,0.4385,0.7238,0.2872,0.4773,0.6137,2024,4,75,0.4349,0.1905,4,3.0,-1,0
CZ-046,santa_luzmila,-11.897305,-77.019477,14384,0.2817,0.2452,0.4943,0.6521,0.4385,0.7238,0.2872,0.4773,0.6137,2024,5,76,0.3728,0.11,4,3.333,1,0
CZ-046,santa_luzmila,-11.897305,-77.019477,14384,0.2817,0.2452,0.4943,0.6521,0.4385,0.7238,0.2872,0.4773,0.6137,2024,6,77,0.3662,0.0,3,3.667,1,0
CZ-046,santa_luzmila,-11.897305,-77.019477,14384,0.2817,0.2452,0.4943,0.6521,0.4385,0.7238,0.2872,0.4773,0.6137,2024,7,78,0.5059,0.07,1,2.667,-3,0
CZ-046,santa_luzmila,-11.897305,-77.019477,14384,0.2817,0.2452,0.4943,0.6521,0.4385,0.7238,0.2872,0.4773,0.6137,2024,8,79,0.4163,-0.1905,2,2.0,-2,0
CZ-046,santa_luzmila,-11.897305,-77.019477,14384,0.2817,0.2452,0.4943,0.6521,0.4385,0.7238,0.2872,0.4773,0.6137,2024,9,80,0.4508,-0.22,7,3.333,4,0
CZ-046,santa_luzmila,-11.897305,-77.019477,14384,0.2817,0.2452,0.4943,0.6521,0.4385,0.7238,0.2872,0.4773,0.6137,2024,10,81,0.4273,-0.1905,2,3.667,1,0
CZ-046,santa_luzmila,-11.897305,-77.019477,14384,0.2817,0.2452,0.4943,0.6521,0.4385,0.7238,0.2872,0.4773,0.6137,2024,11,82,0.4147,-0.11,4,4.333,2,0
CZ-046,santa_luzmila,-11.897305,-77.019477,14384,0.2817,0.2452,0.4943,0.6521,0.4385,0.7238,0.2872,0.4773,0.6137,2024,12,83,0.5674,0.18,0,2.0,-7,0
CZ-046,santa_luzmila,-11.897305,-77.019477,14384,0.2817,0.2452,0.4943,0.6521,0.4385,0.7238,0.2872,0.4773,0.6137,2025,1,84,0.4196,0.11,1,1.667,-1,0
CZ-046,santa_luzmila,-11.897305,-77.019477,14384,0.2817,0.2452,0.4943,0.6521,0.4385,0.7238,0.2872,0.4773,0.6137,2025,2,85,0.5196,0.1905,3,1.333,-1,0
CZ-046,santa_luzmila,-11.897305,-77.019477,14384,0.2817,0.2452,0.4943,0.6521,0.4385,0.7238,0.2872,0.4773,0.6137,2025,3,86,0.4351,0.22,3,2.333,3,0
CZ-046,santa_luzmila,-11.897305,-77.019477,14384,0.2817,0.2452,0.4943,0.6521,0.4385,0.7238,0.2872,0.4773,0.6137,2025,4,87,0.4075,0.1905,1,2.333,0,0
CZ-046,santa_luzmila,-11.897305,-77.019477,14384,0.2817,0.2452,0.4943,0.6521,0.4385,0.7238,0.2872,0.4773,0.6137,2025,5,88,0.5233,0.11,0,1.333,-3,0
CZ-046,santa_luzmila,-11.897305,-77.019477,14384,0.2817,0.2452,0.4943,0.6521,0.4385,0.7238,0.2872,0.4773,0.6137,2025,6,89,0.4547,0.0,5,2.0,2,0
CZ-046,santa_luzmila,-11.897305,-77.019477,14384,0.2817,0.2452,0.4943,0.6521,0.4385,0.7238,0.2872,0.4773,0.6137,2025,7,90,0.5175,0.07,2,2.333,1,0
CZ-046,santa_luzmila,-11.897305,-77.019477,14384,0.2817,0.2452,0.4943,0.6521,0.4385,0.7238,0.2872,0.4773,0.6137,2025,8,91,0.3958,-0.1905,2,3.0,2,0
CZ-046,santa_luzmila,-11.897305,-77.019477,14384,0.2817,0.2452,0.4943,0.6521,0.4385,0.7238,0.2872,0.4773,0.6137,2025,9,92,0.4489,-0.22,2,2.0,-3,0
CZ-046,santa_luzmila,-11.897305,-77.019477,14384,0.2817,0.2452,0.4943,0.6521,0.4385,0.7238,0.2872,0.4773,0.6137,2025,10,93,0.353,-0.1905,2,2.0,0,0
CZ-046,santa_luzmila,-11.897305,-77.019477,14384,0.2817,0.2452,0.4943,0.6521,0.4385,0.7238,0.2872,0.4773,0.6137,2025,11,94,0.3665,-0.11,2,2.0,0,0
CZ-047,la_libertad,-11.930817,-77.073477,15406,0.6077,0.3202,0.6128,0.631,0.4757,0.7652,0.1926,0.3534,0.5703,2018,5,4,0.5149,0.11,4,3.667,0,0
CZ-047,la_libertad,-11.930817,-77.073477,15406,0.6077,0.3202,0.6128,0.631,0.4757,0.7652,0.1926,0.3534,0.5703,2018,6,5,0.4844,0.0,5,4.333,2,0
CZ-047,la_libertad,-11.930817,-77.073477,15406,0.6077,0.3202,0.6128,0.631,0.4757,0.7652,0.1926,0.3534,0.5703,2018,7,6,0.5189,0.07,1,3.333,-3,0
CZ-047,la_libertad,-11.930817,-77.073477,15406,0.6077,0.3202,0.6128,0.631,0.4757,0.7652,0.1926,0.3534,0.5703,2018,8,7,0.4236,-0.1905,2,2.667,-2,0
CZ-047,la_libertad,-11.930817,-77.073477,15406,0.6077,0.3202,0.6128,0.631,0.4757,0.7652,0.1926,0.3534,0.5703,2018,9,8,0.3754,-0.22,2,1.667,-3,0
CZ-047,la_libertad,-11.930817,-77.073477,15406,0.6077,0.3202,0.6128,0.631,0.4757,0.7652,0.1926,0.3534,0.5703,2018,10,9,0.4077,-0.1905,1,1.667,0,0
CZ-047,la_libertad,-11.930817,-77.073477,15406,0.6077,0.3202,0.6128,0.631,0.4757,0.7652,0.1926,0.3534,0.5703,2018,11,10,0.5136,-0.11,5,2.667,3,0
CZ-047,la_libertad,-11.930817,-77.073477,15406,0.6077,0.3202,0.6128,0.631,0.4757,0.7652,0.1926,0.3534,0.5703,2018,12,11,0.5321,0.18,3,3.0,1,0
CZ-047,la_libertad,-11.930817,-77.073477,15406,0.6077,0.3202,0.6128,0.631,0.4757,0.7652,0.1926,0.3534,0.5703,2019,1,12,0.5086,0.11,4,4.0,3,1
CZ-047,la_libertad,-11.930817,-77.073477,15406,0.6077,0.3202,0.6128,0.631,0.4757,0.7652,0.1926,0.3534,0.5703,2019,2,13,0.4721,0.1905,5,4.0,0,0
CZ-047,la_libertad,-11.930817,-77.073477,15406,0.6077,0.3202,0.6128,0.631,0.4757,0.7652,0.1926,0.3534,0.5703,2019,3,14,0.497,0.22,9,6.0,6,0
CZ-047,la_libertad,-11.930817,-77.073477,15406,0.6077,0.3202,0.6128,0.631,0.4757,0.7652,0.1926,0.3534,0.5703,2019,4,15,0.5228,0.1905,5,6.333,1,0
CZ-047,la_libertad,-11.930817,-77.073477,15406,0.6077,0.3202,0.6128,0.631,0.4757,0.7652,0.1926,0.3534,0.5703,2019,5,16,0.5376,0.11,6,6.667,1,0
CZ-047,la_libertad,-11.930817,-77.073477,15406,0.6077,0.3202,0.6128,0.631,0.4757,0.7652,0.1926,0.3534,0.5703,2019,6,17,0.544,0.0,6,5.667,-3,0
CZ-047,la_libertad,-11.930817,-77.073477,15406,0.6077,0.3202,0.6128,0.631,0.4757,0.7652,0.1926,0.3534,0.5703,2019,7,18,0.596,0.07,4,5.333,-1,0
CZ-047,la_libertad,-11.930817,-77.073477,15406,0.6077,0.3202,0.6128,0.631,0.4757,0.7652,0.1926,0.3534,0.5703,2019,8,19,0.4734,-0.1905,4,4.667,-2,0
CZ-047,la_libertad,-11.930817,-77.073477,15406,0.6077,0.3202,0.6128,0.631,0.4757,0.7652,0.1926,0.3534,0.5703,2019,9,20,0.4294,-0.22,2,3.333,-4,0
CZ-047,la_libertad,-11.930817,-77.073477,15406,0.6077,0.3202,0.6128,0.631,0.4757,0.7652,0.1926,0.3534,0.5703,2019,10,21,0.5096,-0.1905,4,3.333,0,0
CZ-047,la_libertad,-11.930817,-77.073477,15406,0.6077,0.3202,0.6128,0.631,0.4757,0.7652,0.1926,0.3534,0.5703,2019,11,22,0.4038,-0.11,5,3.667,1,0
CZ-047,la_libertad,-11.930817,-77.073477,15406,0.6077,0.3202,0.6128,0.631,0.4757,0.7652,0.1926,0.3534,0.5703,2019,12,23,0.5322,0.18,4,4.333,2,0
CZ-047,la_libertad,-11.930817,-77.073477,15406,0.6077,0.3202,0.6128,0.631,0.4757,0.7652,0.1926,0.3534,0.5703,2020,1,24,0.4534,0.11,5,4.667,1,0
CZ-047,la_libertad,-11.930817,-77.073477,15406,0.6077,0.3202,0.6128,0.631,0.4757,0.7652,0.1926,0.3534,0.5703,2020,2,25,0.3782,0.1905,1,3.333,-4,0
CZ-047,la_libertad,-11.930817,-77.073477,15406,0.6077,0.3202,0.6128,0.631,0.4757,0.7652,0.1926,0.3534,0.5703,2020,3,26,0.4357,0.22,6,4.0,2,0
CZ-047,la_libertad,-11.930817,-77.073477,15406,0.6077,0.3202,0.6128,0.631,0.4757,0.7652,0.1926,0.3534,0.5703,2020,4,27,0.4236,0.1905,7,4.667,2,0
CZ-047,la_libertad,-11.930817,-77.073477,15406,0.6077,0.3202,0.6128,0.631,0.4757,0.7652,0.1926,0.3534,0.5703,2020,5,28,0.3555,0.11,6,6.333,5,0
CZ-047,la_libertad,-11.930817,-77.073477,15406,0.6077,0.3202,0.6128,0.631,0.4757,0.7652,0.1926,0.3534,0.5703,2020,6,29,0.5076,0.0,3,5.333,-3,0
CZ-047,la_libertad,-11.930817,-77.073477,15406,0.6077,0.3202,0.6128,0.631,0.4757,0.7652,0.1926,0.3534,0.5703,2020,7,30,0.5279,0.07,7,5.333,0,0
CZ-047,la_libertad,-11.930817,-77.073477,15406,0.6077,0.3202,0.6128,0.631,0.4757,0.7652,0.1926,0.3534,0.5703,2020,8,31,0.519,-0.1905,5,5.0,-1,0
CZ-047,la_libertad,-11.930817,-77.073477,15406,0.6077,0.3202,0.6128,0.631,0.4757,0.7652,0.1926,0.3534,0.5703,2020,9,32,0.5114,-0.22,4,5.333,1,0
CZ-047,la_libertad,-11.930817,-77.073477,15406,0.6077,0.3202,0.6128,0.631,0.4757,0.7652,0.1926,0.3534,0.5703,2020,10,33,0.5588,-0.1905,2,3.667,-5,0
CZ-047,la_libertad,-11.930817,-77.073477,15406,0.6077,0.3202,0.6128,0.631,0.4757,0.7652,0.1926,0.3534,0.5703,2020,11,34,0.4805,-0.11,5,3.667,0,0
CZ-047,la_libertad,-11.930817,-77.073477,15406,0.6077,0.3202,0.6128,0.631,0.4757,0.7652,0.1926,0.3534,0.5703,2020,12,35,0.5157,0.18,1,2.667,-3,0
CZ-047,la_libertad,-11.930817,-77.073477,15406,0.6077,0.3202,0.6128,0.631,0.4757,0.7652,0.1926,0.3534,0.5703,2021,1,36,0.51,0.11,5,3.667,3,0
CZ-047,la_libertad,-11.930817,-77.073477,15406,0.6077,0.3202,0.6128,0.631,0.4757,0.7652,0.1926,0.3534,0.5703,2021,2,37,0.4803,0.1905,6,4.0,1,0
CZ-047,la_libertad,-11.930817,-77.073477,15406,0.6077,0.3202,0.6128,0.631,0.4757,0.7652,0.1926,0.3534,0.5703,2021,3,38,0.4161,0.22,3,4.667,2,0
CZ-047,la_libertad,-11.930817,-77.073477,15406,0.6077,0.3202,0.6128,0.631,0.4757,0.7652,0.1926,0.3534,0.5703,2021,4,39,0.4297,0.1905,8,5.667,3,0
CZ-047,la_libertad,-11.930817,-77.073477,15406,0.6077,0.3202,0.6128,0.631,0.4757,0.7652,0.1926,0.3534,0.5703,2021,5,40,0.4761,0.11,4,5.0,-2,0
CZ-047,la_libertad,-11.930817,-77.073477,15406,0.6077,0.3202,0.6128,0.631,0.4757,0.7652,0.1926,0.3534,0.5703,2021,6,41,0.49,0.0,4,5.333,1,0
CZ-047,la_libertad,-11.930817,-77.073477,15406,0.6077,0.3202,0.6128,0.631,0.4757,0.7652,0.1926,0.3534,0.5703,2021,7,42,0.5977,0.07,5,4.333,-3,0
CZ-047,la_libertad,-11.930817,-77.073477,15406,0.6077,0.3202,0.6128,0.631,0.4757,0.7652,0.1926,0.3534,0.5703,2021,8,43,0.3906,-0.1905,8,5.667,4,0
CZ-047,la_libertad,-11.930817,-77.073477,15406,0.6077,0.3202,0.6128,0.631,0.4757,0.7652,0.1926,0.3534,0.5703,2021,9,44,0.5008,-0.22,5,6.0,1,0
CZ-047,la_libertad,-11.930817,-77.073477,15406,0.6077,0.3202,0.6128,0.631,0.4757,0.7652,0.1926,0.3534,0.5703,2021,10,45,0.4852,-0.1905,1,4.667,-4,0
CZ-047,la_libertad,-11.930817,-77.073477,15406,0.6077,0.3202,0.6128,0.631,0.4757,0.7652,0.1926,0.3534,0.5703,2021,11,46,0.4506,-0.11,4,3.333,-4,0
CZ-047,la_libertad,-11.930817,-77.073477,15406,0.6077,0.3202,0.6128,0.631,0.4757,0.7652,0.1926,0.3534,0.5703,2021,12,47,0.5204,0.18,7,4.0,2,0
CZ-047,la_libertad,-11.930817,-77.073477,15406,0.6077,0.3202,0.6128,0.631,0.4757,0.7652,0.1926,0.3534,0.5703,2022,1,48,0.4404,0.11,3,4.667,2,0
CZ-047,la_libertad,-11.930817,-77.073477,15406,0.6077,0.3202,0.6128,0.631,0.4757,0.7652,0.1926,0.3534,0.5703,2022,2,49,0.4847,0.1905,3,4.333,-1,0
CZ-047,la_libertad,-11.930817,-77.073477,15406,0.6077,0.3202,0.6128,0.631,0.4757,0.7652,0.1926,0.3534,0.5703,2022,3,50,0.4668,0.22,4,3.333,-3,0
CZ-047,la_libertad,-11.930817,-77.073477,15406,0.6077,0.3202,0.6128,0.631,0.4757,0.7652,0.1926,0.3534,0.5703,2022,4,51,0.5251,0.1905,6,4.333,3,0
CZ-047,la_libertad,-11.930817,-77.073477,15406,0.6077,0.3202,0.6128,0.631,0.4757,0.7652,0.1926,0.3534,0.5703,2022,5,52,0.4804,0.11,4,4.667,1,0
CZ-047,la_libertad,-11.930817,-77.073477,15406,0.6077,0.3202,0.6128,0.631,0.4757,0.7652,0.1926,0.3534,0.5703,2022,6,53,0.4443,0.0,7,5.667,3,0
CZ-047,la_libertad,-11.930817,-77.073477,15406,0.6077,0.3202,0.6128,0.631,0.4757,0.7652,0.1926,0.3534,0.5703,2022,7,54,0.6041,0.07,3,4.667,-3,0
CZ-047,la_libertad,-11.930817,-77.073477,15406,0.6077,0.3202,0.6128,0.631,0.4757,0.7652,0.1926,0.3534,0.5703,2022,8,55,0.4061,-0.1905,4,4.667,0,0
CZ-047,la_libertad,-11.930817,-77.073477,15406,0.6077,0.3202,0.6128,0.631,0.4757,0.7652,0.1926,0.3534,0.5703,2022,9,56,0.5499,-0.22,4,3.667,-3,0
CZ-047,la_libertad,-11.930817,-77.073477,15406,0.6077,0.3202,0.6128,0.631,0.4757,0.7652,0.1926,0.3534,0.5703,2022,10,57,0.4381,-0.1905,7,5.0,4,0
CZ-047,la_libertad,-11.930817,-77.073477,15406,0.6077,0.3202,0.6128,0.631,0.4757,0.7652,0.1926,0.3534,0.5703,2022,11,58,0.5131,-0.11,4,5.0,0,0
CZ-047,la_libertad,-11.930817,-77.073477,15406,0.6077,0.3202,0.6128,0.631,0.4757,0.7652,0.1926,0.3534,0.5703,2022,12,59,0.5372,0.18,3,4.667,-1,0
CZ-047,la_libertad,-11.930817,-77.073477,15406,0.6077,0.3202,0.6128,0.631,0.4757,0.7652,0.1926,0.3534,0.5703,2023,1,60,0.4475,0.11,6,4.333,-1,0
CZ-047,la_libertad,-11.930817,-77.073477,15406,0.6077,0.3202,0.6128,0.631,0.4757,0.7652,0.1926,0.3534,0.5703,2023,2,61,0.5453,0.1905,3,4.0,-1,1
CZ-047,la_libertad,-11.930817,-77.073477,15406,0.6077,0.3202,0.6128,0.631,0.4757,0.7652,0.1926,0.3534,0.5703,2023,3,62,0.556,0.22,5,4.667,2,0
CZ-047,la_libertad,-11.930817,-77.073477,15406,0.6077,0.3202,0.6128,0.631,0.4757,0.7652,0.1926,0.3534,0.5703,2023,4,63,0.4311,0.1905,9,5.667,3,0
CZ-047,la_libertad,-11.930817,-77.073477,15406,0.6077,0.3202,0.6128,0.631,0.4757,0.7652,0.1926,0.3534,0.5703,2023,5,64,0.5147,0.11,6,6.667,3,0
CZ-047,la_libertad,-11.930817,-77.073477,15406,0.6077,0.3202,0.6128,0.631,0.4757,0.7652,0.1926,0.3534,0.5703,2023,6,65,0.4404,0.0,4,6.333,-1,0
CZ-047,la_libertad,-11.930817,-77.073477,15406,0.6077,0.3202,0.6128,0.631,0.4757,0.7652,0.1926,0.3534,0.5703,2023,7,66,0.5211,0.07,8,6.0,-1,0
CZ-047,la_libertad,-11.930817,-77.073477,15406,0.6077,0.3202,0.6128,0.631,0.4757,0.7652,0.1926,0.3534,0.5703,2023,8,67,0.463,-0.1905,4,5.333,-2,0
CZ-047,la_libertad,-11.930817,-77.073477,15406,0.6077,0.3202,0.6128,0.631,0.4757,0.7652,0.1926,0.3534,0.5703,2023,9,68,0.509,-0.22,5,5.667,1,0
CZ-047,la_libertad,-11.930817,-77.073477,15406,0.6077,0.3202,0.6128,0.631,0.4757,0.7652,0.1926,0.3534,0.5703,2023,10,69,0.4467,-0.1905,2,3.667,-6,0
CZ-047,la_libertad,-11.930817,-77.073477,15406,0.6077,0.3202,0.6128,0.631,0.4757,0.7652,0.1926,0.3534,0.5703,2023,11,70,0.4876,-0.11,7,4.667,3,0
CZ-047,la_libertad,-11.930817,-77.073477,15406,0.6077,0.3202,0.6128,0.631,0.4757,0.7652,0.1926,0.3534,0.5703,2023,12,71,0.5953,0.18,4,4.333,-1,0
CZ-047,la_libertad,-11.930817,-77.073477,15406,0.6077,0.3202,0.6128,0.631,0.4757,0.7652,0.1926,0.3534,0.5703,2024,1,72,0.4187,0.11,8,6.333,6,0
CZ-047,la_libertad,-11.930817,-77.073477,15406,0.6077,0.3202,0.6128,0.631,0.4757,0.7652,0.1926,0.3534,0.5703,2024,2,73,0.4695,0.1905,3,5.0,-4,0
CZ-047,la_libertad,-11.930817,-77.073477,15406,0.6077,0.3202,0.6128,0.631,0.4757,0.7652,0.1926,0.3534,0.5703,2024,3,74,0.4384,0.22,6,5.667,2,0
CZ-047,la_libertad,-11.930817,-77.073477,15406,0.6077,0.3202,0.6128,0.631,0.4757,0.7652,0.1926,0.3534,0.5703,2024,4,75,0.6254,0.1905,2,3.667,-6,0
CZ-047,la_libertad,-11.930817,-77.073477,15406,0.6077,0.3202,0.6128,0.631,0.4757,0.7652,0.1926,0.3534,0.5703,2024,5,76,0.4603,0.11,7,5.0,4,0
CZ-047,la_libertad,-11.930817,-77.073477,15406,0.6077,0.3202,0.6128,0.631,0.4757,0.7652,0.1926,0.3534,0.5703,2024,6,77,0.5107,0.0,5,4.667,-1,0
CZ-047,la_libertad,-11.930817,-77.073477,15406,0.6077,0.3202,0.6128,0.631,0.4757,0.7652,0.1926,0.3534,0.5703,2024,7,78,0.5103,0.07,3,5.0,1,0
CZ-047,la_libertad,-11.930817,-77.073477,15406,0.6077,0.3202,0.6128,0.631,0.4757,0.7652,0.1926,0.3534,0.5703,2024,8,79,0.4874,-0.1905,4,4.0,-3,0
CZ-047,la_libertad,-11.930817,-77.073477,15406,0.6077,0.3202,0.6128,0.631,0.4757,0.7652,0.1926,0.3534,0.5703,2024,9,80,0.5404,-0.22,6,4.333,1,0
CZ-047,la_libertad,-11.930817,-77.073477,15406,0.6077,0.3202,0.6128,0.631,0.4757,0.7652,0.1926,0.3534,0.5703,2024,10,81,0.537,-0.1905,3,4.333,0,1
CZ-047,la_libertad,-11.930817,-77.073477,15406,0.6077,0.3202,0.6128,0.631,0.4757,0.7652,0.1926,0.3534,0.5703,2024,11,82,0.4574,-0.11,4,4.333,0,1
CZ-047,la_libertad,-11.930817,-77.073477,15406,0.6077,0.3202,0.6128,0.631,0.4757,0.7652,0.1926,0.3534,0.5703,2024,12,83,0.5353,0.18,9,5.333,3,0
CZ-047,la_libertad,-11.930817,-77.073477,15406,0.6077,0.3202,0.6128,0.631,0.4757,0.7652,0.1926,0.3534,0.5703,2025,1,84,0.4742,0.11,9,7.333,6,1
CZ-047,la_libertad,-11.930817,-77.073477,15406,0.6077,0.3202,0.6128,0.631,0.4757,0.7652,0.1926,0.3534,0.5703,2025,2,85,0.3725,0.1905,4,7.333,0,0
CZ-047,la_libertad,-11.930817,-77.073477,15406,0.6077,0.3202,0.6128,0.631,0.4757,0.7652,0.1926,0.3534,0.5703,2025,3,86,0.4337,0.22,10,7.667,1,0
CZ-047,la_libertad,-11.930817,-77.073477,15406,0.6077,0.3202,0.6128,0.631,0.4757,0.7652,0.1926,0.3534,0.5703,2025,4,87,0.4791,0.1905,8,7.333,-1,1
CZ-047,la_libertad,-11.930817,-77.073477,15406,0.6077,0.3202,0.6128,0.631,0.4757,0.7652,0.1926,0.3534,0.5703,2025,5,88,0.3992,0.11,5,7.667,1,1
CZ-047,la_libertad,-11.930817,-77.073477,15406,0.6077,0.3202,0.6128,0.631,0.4757,0.7652,0.1926,0.3534,0.5703,2025,6,89,0.4752,0.0,9,7.333,-1,0
CZ-047,la_libertad,-11.930817,-77.073477,15406,0.6077,0.3202,0.6128,0.631,0.4757,0.7652,0.1926,0.3534,0.5703,2025,7,90,0.5905,0.07,9,7.667,1,1
CZ-047,la_libertad,-11.930817,-77.073477,15406,0.6077,0.3202,0.6128,0.631,0.4757,0.7652,0.1926,0.3534,0.5703,2025,8,91,0.4545,-0.1905,5,7.667,0,0
CZ-047,la_libertad,-11.930817,-77.073477,15406,0.6077,0.3202,0.6128,0.631,0.4757,0.7652,0.1926,0.3534,0.5703,2025,9,92,0.5272,-0.22,9,7.667,0,0
CZ-047,la_libertad,-11.930817,-77.073477,15406,0.6077,0.3202,0.6128,0.631,0.4757,0.7652,0.1926,0.3534,0.5703,2025,10,93,0.5626,-0.1905,3,5.667,-6,0
CZ-047,la_libertad,-11.930817,-77.073477,15406,0.6077,0.3202,0.6128,0.631,0.4757,0.7652,0.1926,0.3534,0.5703,2025,11,94,0.4098,-0.11,0,4.0,-5,0
CZ-048,la_libertad,-11.949823,-77.081856,15354,0.4882,0.2236,0.7527,0.6297,0.501,0.6592,0.2504,0.3379,0.7214,2018,5,4,0.5264,0.11,3,7.0,-1,0
CZ-048,la_libertad,-11.949823,-77.081856,15354,0.4882,0.2236,0.7527,0.6297,0.501,0.6592,0.2504,0.3379,0.7214,2018,6,5,0.5719,0.0,1,4.333,-8,0
CZ-048,la_libertad,-11.949823,-77.081856,15354,0.4882,0.2236,0.7527,0.6297,0.501,0.6592,0.2504,0.3379,0.7214,2018,7,6,0.5515,0.07,5,3.0,-4,0
CZ-048,la_libertad,-11.949823,-77.081856,15354,0.4882,0.2236,0.7527,0.6297,0.501,0.6592,0.2504,0.3379,0.7214,2018,8,7,0.4299,-0.1905,5,3.667,2,0
CZ-048,la_libertad,-11.949823,-77.081856,15354,0.4882,0.2236,0.7527,0.6297,0.501,0.6592,0.2504,0.3379,0.7214,2018,9,8,0.4545,-0.22,3,4.333,2,0
CZ-048,la_libertad,-11.949823,-77.081856,15354,0.4882,0.2236,0.7527,0.6297,0.501,0.6592,0.2504,0.3379,0.7214,2018,10,9,0.4821,-0.1905,2,3.333,-3,0
CZ-048,la_libertad,-11.949823,-77.081856,15354,0.4882,0.2236,0.7527,0.6297,0.501,0.6592,0.2504,0.3379,0.7214,2018,11,10,0.4377,-0.11,3,2.667,-2,0
CZ-048,la_libertad,-11.949823,-77.081856,15354,0.4882,0.2236,0.7527,0.6297,0.501,0.6592,0.2504,0.3379,0.7214,2018,12,11,0.657,0.18,4,3.0,1,0
CZ-048,la_libertad,-11.949823,-77.081856,15354,0.4882,0.2236,0.7527,0.6297,0.501,0.6592,0.2504,0.3379,0.7214,2019,1,12,0.4742,0.11,5,4.0,3,0
CZ-048,la_libertad,-11.949823,-77.081856,15354,0.4882,0.2236,0.7527,0.6297,0.501,0.6592,0.2504,0.3379,0.7214,2019,2,13,0.5192,0.1905,7,5.333,4,0
CZ-048,la_libertad,-11.949823,-77.081856,15354,0.4882,0.2236,0.7527,0.6297,0.501,0.6592,0.2504,0.3379,0.7214,2019,3,14,0.4515,0.22,7,6.333,3,1
CZ-048,la_libertad,-11.949823,-77.081856,15354,0.4882,0.2236,0.7527,0.6297,0.501,0.6592,0.2504,0.3379,0.7214,2019,4,15,0.4941,0.1905,3,5.667,-2,0
CZ-048,la_libertad,-11.949823,-77.081856,15354,0.4882,0.2236,0.7527,0.6297,0.501,0.6592,0.2504,0.3379,0.7214,2019,5,16,0.5018,0.11,10,6.667,3,0
CZ-048,la_libertad,-11.949823,-77.081856,15354,0.4882,0.2236,0.7527,0.6297,0.501,0.6592,0.2504,0.3379,0.7214,2019,6,17,0.3898,0.0,8,7.0,1,0
CZ-048,la_libertad,-11.949823,-77.081856,15354,0.4882,0.2236,0.7527,0.6297,0.501,0.6592,0.2504,0.3379,0.7214,2019,7,18,0.5751,0.07,6,8.0,3,0
CZ-048,la_libertad,-11.949823,-77.081856,15354,0.4882,0.2236,0.7527,0.6297,0.501,0.6592,0.2504,0.3379,0.7214,2019,8,19,0.5142,-0.1905,8,7.333,-2,0
CZ-048,la_libertad,-11.949823,-77.081856,15354,0.4882,0.2236,0.7527,0.6297,0.501,0.6592,0.2504,0.3379,0.7214,2019,9,20,0.4958,-0.22,5,6.333,-3,0
CZ-048,la_libertad,-11.949823,-77.081856,15354,0.4882,0.2236,0.7527,0.6297,0.501,0.6592,0.2504,0.3379,0.7214,2019,10,21,0.5658,-0.1905,8,7.0,2,0
CZ-048,la_libertad,-11.949823,-77.081856,15354,0.4882,0.2236,0.7527,0.6297,0.501,0.6592,0.2504,0.3379,0.7214,2019,11,22,0.4928,-0.11,4,5.667,-4,0
CZ-048,la_libertad,-11.949823,-77.081856,15354,0.4882,0.2236,0.7527,0.6297,0.501,0.6592,0.2504,0.3379,0.7214,2019,12,23,0.5924,0.18,8,6.667,3,1
CZ-048,la_libertad,-11.949823,-77.081856,15354,0.4882,0.2236,0.7527,0.6297,0.501,0.6592,0.2504,0.3379,0.7214,2020,1,24,0.4425,0.11,7,6.333,-1,0
CZ-048,la_libertad,-11.949823,-77.081856,15354,0.4882,0.2236,0.7527,0.6297,0.501,0.6592,0.2504,0.3379,0.7214,2020,2,25,0.4199,0.1905,10,8.333,6,0
CZ-048,la_libertad,-11.949823,-77.081856,15354,0.4882,0.2236,0.7527,0.6297,0.501,0.6592,0.2504,0.3379,0.7214,2020,3,26,0.5317,0.22,6,7.667,-2,1
CZ-048,la_libertad,-11.949823,-77.081856,15354,0.4882,0.2236,0.7527,0.6297,0.501,0.6592,0.2504,0.3379,0.7214,2020,4,27,0.5544,0.1905,5,7.0,-2,0
CZ-048,la_libertad,-11.949823,-77.081856,15354,0.4882,0.2236,0.7527,0.6297,0.501,0.6592,0.2504,0.3379,0.7214,2020,5,28,0.5161,0.11,9,6.667,-1,0
CZ-048,la_libertad,-11.949823,-77.081856,15354,0.4882,0.2236,0.7527,0.6297,0.501,0.6592,0.2504,0.3379,0.7214,2020,6,29,0.4283,0.0,6,6.667,0,0
CZ-048,la_libertad,-11.949823,-77.081856,15354,0.4882,0.2236,0.7527,0.6297,0.501,0.6592,0.2504,0.3379,0.7214,2020,7,30,0.5658,0.07,5,6.667,0,0
CZ-048,la_libertad,-11.949823,-77.081856,15354,0.4882,0.2236,0.7527,0.6297,0.501,0.6592,0.2504,0.3379,0.7214,2020,8,31,0.4851,-0.1905,5,5.333,-4,0
CZ-048,la_libertad,-11.949823,-77.081856,15354,0.4882,0.2236,0.7527,0.6297,0.501,0.6592,0.2504,0.3379,0.7214,2020,9,32,0.5104,-0.22,3,4.333,-3,0
CZ-048,la_libertad,-11.949823,-77.081856,15354,0.4882,0.2236,0.7527,0.6297,0.501,0.6592,0.2504,0.3379,0.7214,2020,10,33,0.5237,-0.1905,5,4.333,0,1
CZ-048,la_libertad,-11.949823,-77.081856,15354,0.4882,0.2236,0.7527,0.6297,0.501,0.6592,0.2504,0.3379,0.7214,2020,11,34,0.4747,-0.11,3,3.667,-2,0
CZ-048,la_libertad,-11.949823,-77.081856,15354,0.4882,0.2236,0.7527,0.6297,0.501,0.6592,0.2504,0.3379,0.7214,2020,12,35,0.6202,0.18,10,6.0,7,1
CZ-048,la_libertad,-11.949823,-77.081856,15354,0.4882,0.2236,0.7527,0.6297,0.501,0.6592,0.2504,0.3379,0.7214,2021,1,36,0.5027,0.11,6,6.333,1,0
CZ-048,la_libertad,-11.949823,-77.081856,15354,0.4882,0.2236,0.7527,0.6297,0.501,0.6592,0.2504,0.3379,0.7214,2021,2,37,0.5006,0.1905,9,8.333,6,0
CZ-048,la_libertad,-11.949823,-77.081856,15354,0.4882,0.2236,0.7527,0.6297,0.501,0.6592,0.2504,0.3379,0.7214,2021,3,38,0.3664,0.22,6,7.0,-4,0
CZ-048,la_libertad,-11.949823,-77.081856,15354,0.4882,0.2236,0.7527,0.6297,0.501,0.6592,0.2504,0.3379,0.7214,2021,4,39,0.5026,0.1905,3,6.0,-3,0
CZ-048,la_libertad,-11.949823,-77.081856,15354,0.4882,0.2236,0.7527,0.6297,0.501,0.6592,0.2504,0.3379,0.7214,2021,5,40,0.492,0.11,6,5.0,-3,0
CZ-048,la_libertad,-11.949823,-77.081856,15354,0.4882,0.2236,0.7527,0.6297,0.501,0.6592,0.2504,0.3379,0.7214,2021,6,41,0.4595,0.0,7,5.333,1,0
CZ-048,la_libertad,-11.949823,-77.081856,15354,0.4882,0.2236,0.7527,0.6297,0.501,0.6592,0.2504,0.3379,0.7214,2021,7,42,0.5752,0.07,4,5.667,1,1
CZ-048,la_libertad,-11.949823,-77.081856,15354,0.4882,0.2236,0.7527,0.6297,0.501,0.6592,0.2504,0.3379,0.7214,2021,8,43,0.5502,-0.1905,6,5.667,0,1
CZ-048,la_libertad,-11.949823,-77.081856,15354,0.4882,0.2236,0.7527,0.6297,0.501,0.6592,0.2504,0.3379,0.7214,2021,9,44,0.363,-0.22,9,6.333,2,0
CZ-048,la_libertad,-11.949823,-77.081856,15354,0.4882,0.2236,0.7527,0.6297,0.501,0.6592,0.2504,0.3379,0.7214,2021,10,45,0.5714,-0.1905,9,8.0,5,0
CZ-048,la_libertad,-11.949823,-77.081856,15354,0.4882,0.2236,0.7527,0.6297,0.501,0.6592,0.2504,0.3379,0.7214,2021,11,46,0.4464,-0.11,5,7.667,-1,1
CZ-048,la_libertad,-11.949823,-77.081856,15354,0.4882,0.2236,0.7527,0.6297,0.501,0.6592,0.2504,0.3379,0.7214,2021,12,47,0.6202,0.18,2,5.333,-7,0
CZ-048,la_libertad,-11.949823,-77.081856,15354,0.4882,0.2236,0.7527,0.6297,0.501,0.6592,0.2504,0.3379,0.7214,2022,1,48,0.4604,0.11,14,7.0,5,1
CZ-048,la_libertad,-11.949823,-77.081856,15354,0.4882,0.2236,0.7527,0.6297,0.501,0.6592,0.2504,0.3379,0.7214,2022,2,49,0.484,0.1905,8,8.0,3,1
CZ-048,la_libertad,-11.949823,-77.081856,15354,0.4882,0.2236,0.7527,0.6297,0.501,0.6592,0.2504,0.3379,0.7214,2022,3,50,0.514,0.22,9,10.333,7,1
CZ-048,la_libertad,-11.949823,-77.081856,15354,0.4882,0.2236,0.7527,0.6297,0.501,0.6592,0.2504,0.3379,0.7214,2022,4,51,0.4486,0.1905,11,9.333,-3,1
CZ-048,la_libertad,-11.949823,-77.081856,15354,0.4882,0.2236,0.7527,0.6297,0.501,0.6592,0.2504,0.3379,0.7214,2022,5,52,0.492,0.11,9,9.667,1,0
CZ-048,la_libertad,-11.949823,-77.081856,15354,0.4882,0.2236,0.7527,0.6297,0.501,0.6592,0.2504,0.3379,0.7214,2022,6,53,0.5308,0.0,10,10.0,1,1
CZ-048,la_libertad,-11.949823,-77.081856,15354,0.4882,0.2236,0.7527,0.6297,0.501,0.6592,0.2504,0.3379,0.7214,2022,7,54,0.471,0.07,5,8.0,-6,1
CZ-048,la_libertad,-11.949823,-77.081856,15354,0.4882,0.2236,0.7527,0.6297,0.501,0.6592,0.2504,0.3379,0.7214,2022,8,55,0.4332,-0.1905,9,8.0,0,1
CZ-048,la_libertad,-11.949823,-77.081856,15354,0.4882,0.2236,0.7527,0.6297,0.501,0.6592,0.2504,0.3379,0.7214,2022,9,56,0.4882,-0.22,9,7.667,-1,0
CZ-048,la_libertad,-11.949823,-77.081856,15354,0.4882,0.2236,0.7527,0.6297,0.501,0.6592,0.2504,0.3379,0.7214,2022,10,57,0.514,-0.1905,9,9.0,4,0
CZ-048,la_libertad,-11.949823,-77.081856,15354,0.4882,0.2236,0.7527,0.6297,0.501,0.6592,0.2504,0.3379,0.7214,2022,11,58,0.5449,-0.11,5,7.667,-4,1
CZ-048,la_libertad,-11.949823,-77.081856,15354,0.4882,0.2236,0.7527,0.6297,0.501,0.6592,0.2504,0.3379,0.7214,2022,12,59,0.5408,0.18,4,6.0,-5,0
CZ-048,la_libertad,-11.949823,-77.081856,15354,0.4882,0.2236,0.7527,0.6297,0.501,0.6592,0.2504,0.3379,0.7214,2023,1,60,0.5626,0.11,11,6.667,2,1
CZ-048,la_libertad,-11.949823,-77.081856,15354,0.4882,0.2236,0.7527,0.6297,0.501,0.6592,0.2504,0.3379,0.7214,2023,2,61,0.5142,0.1905,6,7.0,1,0
CZ-048,la_libertad,-11.949823,-77.081856,15354,0.4882,0.2236,0.7527,0.6297,0.501,0.6592,0.2504,0.3379,0.7214,2023,3,62,0.5022,0.22,16,11.0,12,1
CZ-048,la_libertad,-11.949823,-77.081856,15354,0.4882,0.2236,0.7527,0.6297,0.501,0.6592,0.2504,0.3379,0.7214,2023,4,63,0.4611,0.1905,8,10.0,-3,1
CZ-048,la_libertad,-11.949823,-77.081856,15354,0.4882,0.2236,0.7527,0.6297,0.501,0.6592,0.2504,0.3379,0.7214,2023,5,64,0.4449,0.11,10,11.333,4,1
CZ-048,la_libertad,-11.949823,-77.081856,15354,0.4882,0.2236,0.7527,0.6297,0.501,0.6592,0.2504,0.3379,0.7214,2023,6,65,0.5562,0.0,12,10.0,-4,0
CZ-048,la_libertad,-11.949823,-77.081856,15354,0.4882,0.2236,0.7527,0.6297,0.501,0.6592,0.2504,0.3379,0.7214,2023,7,66,0.6302,0.07,9,10.333,1,0
CZ-048,la_libertad,-11.949823,-77.081856,15354,0.4882,0.2236,0.7527,0.6297,0.501,0.6592,0.2504,0.3379,0.7214,2023,8,67,0.4363,-0.1905,6,9.0,-4,0
CZ-048,la_libertad,-11.949823,-77.081856,15354,0.4882,0.2236,0.7527,0.6297,0.501,0.6592,0.2504,0.3379,0.7214,2023,9,68,0.4748,-0.22,8,7.667,-4,1
CZ-048,la_libertad,-11.949823,-77.081856,15354,0.4882,0.2236,0.7527,0.6297,0.501,0.6592,0.2504,0.3379,0.7214,2023,10,69,0.4894,-0.1905,7,7.0,-2,0
CZ-048,la_libertad,-11.949823,-77.081856,15354,0.4882,0.2236,0.7527,0.6297,0.501,0.6592,0.2504,0.3379,0.7214,2023,11,70,0.5584,-0.11,10,8.333,4,1
CZ-048,la_libertad,-11.949823,-77.081856,15354,0.4882,0.2236,0.7527,0.6297,0.501,0.6592,0.2504,0.3379,0.7214,2023,12,71,0.6318,0.18,7,8.0,-1,1
CZ-048,la_libertad,-11.949823,-77.081856,15354,0.4882,0.2236,0.7527,0.6297,0.501,0.6592,0.2504,0.3379,0.7214,2024,1,72,0.4629,0.11,13,10.0,6,1
CZ-048,la_libertad,-11.949823,-77.081856,15354,0.4882,0.2236,0.7527,0.6297,0.501,0.6592,0.2504,0.3379,0.7214,2024,2,73,0.5535,0.1905,11,10.333,1,1
CZ-048,la_libertad,-11.949823,-77.081856,15354,0.4882,0.2236,0.7527,0.6297,0.501,0.6592,0.2504,0.3379,0.7214,2024,3,74,0.5263,0.22,12,12.0,5,0
CZ-048,la_libertad,-11.949823,-77.081856,15354,0.4882,0.2236,0.7527,0.6297,0.501,0.6592,0.2504,0.3379,0.7214,2024,4,75,0.4786,0.1905,10,11.0,-3,0
CZ-048,la_libertad,-11.949823,-77.081856,15354,0.4882,0.2236,0.7527,0.6297,0.501,0.6592,0.2504,0.3379,0.7214,2024,5,76,0.4943,0.11,8,10.0,-3,1
CZ-048,la_libertad,-11.949823,-77.081856,15354,0.4882,0.2236,0.7527,0.6297,0.501,0.6592,0.2504,0.3379,0.7214,2024,6,77,0.4787,0.0,5,7.667,-7,1
CZ-048,la_libertad,-11.949823,-77.081856,15354,0.4882,0.2236,0.7527,0.6297,0.501,0.6592,0.2504,0.3379,0.7214,2024,7,78,0.604,0.07,11,8.0,1,1
CZ-048,la_libertad,-11.949823,-77.081856,15354,0.4882,0.2236,0.7527,0.6297,0.501,0.6592,0.2504,0.3379,0.7214,2024,8,79,0.4461,-0.1905,10,8.667,2,0
CZ-048,la_libertad,-11.949823,-77.081856,15354,0.4882,0.2236,0.7527,0.6297,0.501,0.6592,0.2504,0.3379,0.7214,2024,9,80,0.4959,-0.22,9,10.0,4,0
CZ-048,la_libertad,-11.949823,-77.081856,15354,0.4882,0.2236,0.7527,0.6297,0.501,0.6592,0.2504,0.3379,0.7214,2024,10,81,0.5053,-0.1905,7,8.667,-4,0
CZ-048,la_libertad,-11.949823,-77.081856,15354,0.4882,0.2236,0.7527,0.6297,0.501,0.6592,0.2504,0.3379,0.7214,2024,11,82,0.4294,-0.11,2,6.0,-8,1
CZ-048,la_libertad,-11.949823,-77.081856,15354,0.4882,0.2236,0.7527,0.6297,0.501,0.6592,0.2504,0.3379,0.7214,2024,12,83,0.4906,0.18,8,5.667,-1,1
CZ-048,la_libertad,-11.949823,-77.081856,15354,0.4882,0.2236,0.7527,0.6297,0.501,0.6592,0.2504,0.3379,0.7214,2025,1,84,0.4814,0.11,19,9.667,12,1
CZ-048,la_libertad,-11.949823,-77.081856,15354,0.4882,0.2236,0.7527,0.6297,0.501,0.6592,0.2504,0.3379,0.7214,2025,2,85,0.5134,0.1905,17,14.667,15,1
CZ-048,la_libertad,-11.949823,-77.081856,15354,0.4882,0.2236,0.7527,0.6297,0.501,0.6592,0.2504,0.3379,0.7214,2025,3,86,0.5031,0.22,20,18.667,12,1
CZ-048,la_libertad,-11.949823,-77.081856,15354,0.4882,0.2236,0.7527,0.6297,0.501,0.6592,0.2504,0.3379,0.7214,2025,4,87,0.5482,0.1905,19,18.667,0,1
CZ-048,la_libertad,-11.949823,-77.081856,15354,0.4882,0.2236,0.7527,0.6297,0.501,0.6592,0.2504,0.3379,0.7214,2025,5,88,0.4889,0.11,15,18.0,-2,0
CZ-048,la_libertad,-11.949823,-77.081856,15354,0.4882,0.2236,0.7527,0.6297,0.501,0.6592,0.2504,0.3379,0.7214,2025,6,89,0.4562,0.0,10,14.667,-10,1
CZ-048,la_libertad,-11.949823,-77.081856,15354,0.4882,0.2236,0.7527,0.6297,0.501,0.6592,0.2504,0.3379,0.7214,2025,7,90,0.5784,0.07,8,11.0,-11,1
CZ-048,la_libertad,-11.949823,-77.081856,15354,0.4882,0.2236,0.7527,0.6297,0.501,0.6592,0.2504,0.3379,0.7214,2025,8,91,0.4124,-0.1905,17,11.667,2,0
CZ-048,la_libertad,-11.949823,-77.081856,15354,0.4882,0.2236,0.7527,0.6297,0.501,0.6592,0.2504,0.3379,0.7214,2025,9,92,0.4793,-0.22,10,11.667,0,0
CZ-048,la_libertad,-11.949823,-77.081856,15354,0.4882,0.2236,0.7527,0.6297,0.501,0.6592,0.2504,0.3379,0.7214,2025,10,93,0.5248,-0.1905,6,11.0,-2,1
CZ-048,la_libertad,-11.949823,-77.081856,15354,0.4882,0.2236,0.7527,0.6297,0.501,0.6592,0.2504,0.3379,0.7214,2025,11,94,0.5161,-0.11,7,7.667,-10,1
CZ-049,tahuantinsuyo,-11.942053,-77.054543,18953,0.537,0.2757,0.3466,0.4951,0.2701,0.6785,0.1287,0.1828,0.7399,2018,5,4,0.3886,0.11,3,2.667,-2,0
CZ-049,tahuantinsuyo,-11.942053,-77.054543,18953,0.537,0.2757,0.3466,0.4951,0.2701,0.6785,0.1287,0.1828,0.7399,2018,6,5,0.3555,0.0,4,3.333,2,0
CZ-049,tahuantinsuyo,-11.942053,-77.054543,18953,0.537,0.2757,0.3466,0.4951,0.2701,0.6785,0.1287,0.1828,0.7399,2018,7,6,0.4847,0.07,2,3.0,-1,0
CZ-049,tahuantinsuyo,-11.942053,-77.054543,18953,0.537,0.2757,0.3466,0.4951,0.2701,0.6785,0.1287,0.1828,0.7399,2018,8,7,0.4843,-0.1905,4,3.333,1,0
CZ-049,tahuantinsuyo,-11.942053,-77.054543,18953,0.537,0.2757,0.3466,0.4951,0.2701,0.6785,0.1287,0.1828,0.7399,2018,9,8,0.4503,-0.22,3,3.0,-1,0
CZ-049,tahuantinsuyo,-11.942053,-77.054543,18953,0.537,0.2757,0.3466,0.4951,0.2701,0.6785,0.1287,0.1828,0.7399,2018,10,9,0.4483,-0.1905,3,3.333,1,0
CZ-049,tahuantinsuyo,-11.942053,-77.054543,18953,0.537,0.2757,0.3466,0.4951,0.2701,0.6785,0.1287,0.1828,0.7399,2018,11,10,0.3819,-0.11,1,2.333,-3,0
CZ-049,tahuantinsuyo,-11.942053,-77.054543,18953,0.537,0.2757,0.3466,0.4951,0.2701,0.6785,0.1287,0.1828,0.7399,2018,12,11,0.5626,0.18,3,2.333,0,0
CZ-049,tahuantinsuyo,-11.942053,-77.054543,18953,0.537,0.2757,0.3466,0.4951,0.2701,0.6785,0.1287,0.1828,0.7399,2019,1,12,0.2995,0.11,8,4.0,5,0
CZ-049,tahuantinsuyo,-11.942053,-77.054543,18953,0.537,0.2757,0.3466,0.4951,0.2701,0.6785,0.1287,0.1828,0.7399,2019,2,13,0.2845,0.1905,4,5.0,3,0
CZ-049,tahuantinsuyo,-11.942053,-77.054543,18953,0.537,0.2757,0.3466,0.4951,0.2701,0.6785,0.1287,0.1828,0.7399,2019,3,14,0.4913,0.22,6,6.0,3,0
CZ-049,tahuantinsuyo,-11.942053,-77.054543,18953,0.537,0.2757,0.3466,0.4951,0.2701,0.6785,0.1287,0.1828,0.7399,2019,4,15,0.4489,0.1905,5,5.0,-3,0
CZ-049,tahuantinsuyo,-11.942053,-77.054543,18953,0.537,0.2757,0.3466,0.4951,0.2701,0.6785,0.1287,0.1828,0.7399,2019,5,16,0.4267,0.11,3,4.667,-1,0
CZ-049,tahuantinsuyo,-11.942053,-77.054543,18953,0.537,0.2757,0.3466,0.4951,0.2701,0.6785,0.1287,0.1828,0.7399,2019,6,17,0.4306,0.0,2,3.333,-4,0
CZ-049,tahuantinsuyo,-11.942053,-77.054543,18953,0.537,0.2757,0.3466,0.4951,0.2701,0.6785,0.1287,0.1828,0.7399,2019,7,18,0.4717,0.07,3,2.667,-2,0
CZ-049,tahuantinsuyo,-11.942053,-77.054543,18953,0.537,0.2757,0.3466,0.4951,0.2701,0.6785,0.1287,0.1828,0.7399,2019,8,19,0.3619,-0.1905,4,3.0,1,0
CZ-049,tahuantinsuyo,-11.942053,-77.054543,18953,0.537,0.2757,0.3466,0.4951,0.2701,0.6785,0.1287,0.1828,0.7399,2019,9,20,0.2989,-0.22,4,3.667,2,0
CZ-049,tahuantinsuyo,-11.942053,-77.054543,18953,0.537,0.2757,0.3466,0.4951,0.2701,0.6785,0.1287,0.1828,0.7399,2019,10,21,0.334,-0.1905,1,3.0,-2,0
CZ-049,tahuantinsuyo,-11.942053,-77.054543,18953,0.537,0.2757,0.3466,0.4951,0.2701,0.6785,0.1287,0.1828,0.7399,2019,11,22,0.4593,-0.11,2,2.333,-2,0
CZ-049,tahuantinsuyo,-11.942053,-77.054543,18953,0.537,0.2757,0.3466,0.4951,0.2701,0.6785,0.1287,0.1828,0.7399,2019,12,23,0.4666,0.18,6,3.0,2,0
CZ-049,tahuantinsuyo,-11.942053,-77.054543,18953,0.537,0.2757,0.3466,0.4951,0.2701,0.6785,0.1287,0.1828,0.7399,2020,1,24,0.3606,0.11,6,4.667,5,0
CZ-049,tahuantinsuyo,-11.942053,-77.054543,18953,0.537,0.2757,0.3466,0.4951,0.2701,0.6785,0.1287,0.1828,0.7399,2020,2,25,0.4331,0.1905,2,4.667,0,0
CZ-049,tahuantinsuyo,-11.942053,-77.054543,18953,0.537,0.2757,0.3466,0.4951,0.2701,0.6785,0.1287,0.1828,0.7399,2020,3,26,0.4157,0.22,1,3.0,-5,0
CZ-049,tahuantinsuyo,-11.942053,-77.054543,18953,0.537,0.2757,0.3466,0.4951,0.2701,0.6785,0.1287,0.1828,0.7399,2020,4,27,0.4343,0.1905,8,3.667,2,0
CZ-049,tahuantinsuyo,-11.942053,-77.054543,18953,0.537,0.2757,0.3466,0.4951,0.2701,0.6785,0.1287,0.1828,0.7399,2020,5,28,0.4187,0.11,8,5.667,6,0
CZ-049,tahuantinsuyo,-11.942053,-77.054543,18953,0.537,0.2757,0.3466,0.4951,0.2701,0.6785,0.1287,0.1828,0.7399,2020,6,29,0.4371,0.0,4,6.667,3,0
CZ-049,tahuantinsuyo,-11.942053,-77.054543,18953,0.537,0.2757,0.3466,0.4951,0.2701,0.6785,0.1287,0.1828,0.7399,2020,7,30,0.3213,0.07,1,4.333,-7,0
CZ-049,tahuantinsuyo,-11.942053,-77.054543,18953,0.537,0.2757,0.3466,0.4951,0.2701,0.6785,0.1287,0.1828,0.7399,2020,8,31,0.4521,-0.1905,3,2.667,-5,0
CZ-049,tahuantinsuyo,-11.942053,-77.054543,18953,0.537,0.2757,0.3466,0.4951,0.2701,0.6785,0.1287,0.1828,0.7399,2020,9,32,0.3894,-0.22,7,3.667,3,0
CZ-049,tahuantinsuyo,-11.942053,-77.054543,18953,0.537,0.2757,0.3466,0.4951,0.2701,0.6785,0.1287,0.1828,0.7399,2020,10,33,0.3543,-0.1905,5,5.0,4,0
CZ-049,tahuantinsuyo,-11.942053,-77.054543,18953,0.537,0.2757,0.3466,0.4951,0.2701,0.6785,0.1287,0.1828,0.7399,2020,11,34,0.4649,-0.11,7,6.333,4,0
CZ-049,tahuantinsuyo,-11.942053,-77.054543,18953,0.537,0.2757,0.3466,0.4951,0.2701,0.6785,0.1287,0.1828,0.7399,2020,12,35,0.4081,0.18,5,5.667,-2,0
CZ-049,tahuantinsuyo,-11.942053,-77.054543,18953,0.537,0.2757,0.3466,0.4951,0.2701,0.6785,0.1287,0.1828,0.7399,2021,1,36,0.3377,0.11,4,5.333,-1,0
CZ-049,tahuantinsuyo,-11.942053,-77.054543,18953,0.537,0.2757,0.3466,0.4951,0.2701,0.6785,0.1287,0.1828,0.7399,2021,2,37,0.3994,0.1905,6,5.0,-1,0
CZ-049,tahuantinsuyo,-11.942053,-77.054543,18953,0.537,0.2757,0.3466,0.4951,0.2701,0.6785,0.1287,0.1828,0.7399,2021,3,38,0.4231,0.22,4,4.667,-1,0
CZ-049,tahuantinsuyo,-11.942053,-77.054543,18953,0.537,0.2757,0.3466,0.4951,0.2701,0.6785,0.1287,0.1828,0.7399,2021,4,39,0.3942,0.1905,3,4.333,-1,0
CZ-049,tahuantinsuyo,-11.942053,-77.054543,18953,0.537,0.2757,0.3466,0.4951,0.2701,0.6785,0.1287,0.1828,0.7399,2021,5,40,0.3553,0.11,6,4.333,0,0
CZ-049,tahuantinsuyo,-11.942053,-77.054543,18953,0.537,0.2757,0.3466,0.4951,0.2701,0.6785,0.1287,0.1828,0.7399,2021,6,41,0.3772,0.0,2,3.667,-2,0
CZ-049,tahuantinsuyo,-11.942053,-77.054543,18953,0.537,0.2757,0.3466,0.4951,0.2701,0.6785,0.1287,0.1828,0.7399,2021,7,42,0.5478,0.07,4,4.0,1,0
CZ-049,tahuantinsuyo,-11.942053,-77.054543,18953,0.537,0.2757,0.3466,0.4951,0.2701,0.6785,0.1287,0.1828,0.7399,2021,8,43,0.493,-0.1905,7,4.333,1,0
CZ-049,tahuantinsuyo,-11.942053,-77.054543,18953,0.537,0.2757,0.3466,0.4951,0.2701,0.6785,0.1287,0.1828,0.7399,2021,9,44,0.4037,-0.22,3,4.667,1,0
CZ-049,tahuantinsuyo,-11.942053,-77.054543,18953,0.537,0.2757,0.3466,0.4951,0.2701,0.6785,0.1287,0.1828,0.7399,2021,10,45,0.4579,-0.1905,3,4.333,-1,0
CZ-049,tahuantinsuyo,-11.942053,-77.054543,18953,0.537,0.2757,0.3466,0.4951,0.2701,0.6785,0.1287,0.1828,0.7399,2021,11,46,0.4189,-0.11,1,2.333,-6,0
CZ-049,tahuantinsuyo,-11.942053,-77.054543,18953,0.537,0.2757,0.3466,0.4951,0.2701,0.6785,0.1287,0.1828,0.7399,2021,12,47,0.4595,0.18,1,1.667,-2,0
CZ-049,tahuantinsuyo,-11.942053,-77.054543,18953,0.537,0.2757,0.3466,0.4951,0.2701,0.6785,0.1287,0.1828,0.7399,2022,1,48,0.4079,0.11,4,2.0,1,0
CZ-049,tahuantinsuyo,-11.942053,-77.054543,18953,0.537,0.2757,0.3466,0.4951,0.2701,0.6785,0.1287,0.1828,0.7399,2022,2,49,0.3825,0.1905,7,4.0,6,0
CZ-049,tahuantinsuyo,-11.942053,-77.054543,18953,0.537,0.2757,0.3466,0.4951,0.2701,0.6785,0.1287,0.1828,0.7399,2022,3,50,0.4161,0.22,6,5.667,5,0
CZ-049,tahuantinsuyo,-11.942053,-77.054543,18953,0.537,0.2757,0.3466,0.4951,0.2701,0.6785,0.1287,0.1828,0.7399,2022,4,51,0.3325,0.1905,6,6.333,2,0
CZ-049,tahuantinsuyo,-11.942053,-77.054543,18953,0.537,0.2757,0.3466,0.4951,0.2701,0.6785,0.1287,0.1828,0.7399,2022,5,52,0.4009,0.11,6,6.0,-1,0
CZ-049,tahuantinsuyo,-11.942053,-77.054543,18953,0.537,0.2757,0.3466,0.4951,0.2701,0.6785,0.1287,0.1828,0.7399,2022,6,53,0.353,0.0,5,5.667,-1,0
CZ-049,tahuantinsuyo,-11.942053,-77.054543,18953,0.537,0.2757,0.3466,0.4951,0.2701,0.6785,0.1287,0.1828,0.7399,2022,7,54,0.4088,0.07,4,5.0,-2,0
CZ-049,tahuantinsuyo,-11.942053,-77.054543,18953,0.537,0.2757,0.3466,0.4951,0.2701,0.6785,0.1287,0.1828,0.7399,2022,8,55,0.4584,-0.1905,3,4.0,-3,0
CZ-049,tahuantinsuyo,-11.942053,-77.054543,18953,0.537,0.2757,0.3466,0.4951,0.2701,0.6785,0.1287,0.1828,0.7399,2022,9,56,0.5029,-0.22,3,3.333,-2,0
CZ-049,tahuantinsuyo,-11.942053,-77.054543,18953,0.537,0.2757,0.3466,0.4951,0.2701,0.6785,0.1287,0.1828,0.7399,2022,10,57,0.3818,-0.1905,5,3.667,1,0
CZ-049,tahuantinsuyo,-11.942053,-77.054543,18953,0.537,0.2757,0.3466,0.4951,0.2701,0.6785,0.1287,0.1828,0.7399,2022,11,58,0.469,-0.11,5,4.333,2,0
CZ-049,tahuantinsuyo,-11.942053,-77.054543,18953,0.537,0.2757,0.3466,0.4951,0.2701,0.6785,0.1287,0.1828,0.7399,2022,12,59,0.4291,0.18,6,5.333,3,0
CZ-049,tahuantinsuyo,-11.942053,-77.054543,18953,0.537,0.2757,0.3466,0.4951,0.2701,0.6785,0.1287,0.1828,0.7399,2023,1,60,0.3777,0.11,7,6.0,2,1
CZ-049,tahuantinsuyo,-11.942053,-77.054543,18953,0.537,0.2757,0.3466,0.4951,0.2701,0.6785,0.1287,0.1828,0.7399,2023,2,61,0.4021,0.1905,5,6.0,0,0
CZ-049,tahuantinsuyo,-11.942053,-77.054543,18953,0.537,0.2757,0.3466,0.4951,0.2701,0.6785,0.1287,0.1828,0.7399,2023,3,62,0.3965,0.22,9,7.0,3,0
CZ-049,tahuantinsuyo,-11.942053,-77.054543,18953,0.537,0.2757,0.3466,0.4951,0.2701,0.6785,0.1287,0.1828,0.7399,2023,4,63,0.3905,0.1905,7,7.0,0,0
CZ-049,tahuantinsuyo,-11.942053,-77.054543,18953,0.537,0.2757,0.3466,0.4951,0.2701,0.6785,0.1287,0.1828,0.7399,2023,5,64,0.4649,0.11,7,7.667,2,0
CZ-049,tahuantinsuyo,-11.942053,-77.054543,18953,0.537,0.2757,0.3466,0.4951,0.2701,0.6785,0.1287,0.1828,0.7399,2023,6,65,0.3907,0.0,6,6.667,-3,0
CZ-049,tahuantinsuyo,-11.942053,-77.054543,18953,0.537,0.2757,0.3466,0.4951,0.2701,0.6785,0.1287,0.1828,0.7399,2023,7,66,0.4127,0.07,5,6.0,-2,1
CZ-049,tahuantinsuyo,-11.942053,-77.054543,18953,0.537,0.2757,0.3466,0.4951,0.2701,0.6785,0.1287,0.1828,0.7399,2023,8,67,0.3411,-0.1905,2,4.333,-5,0
CZ-049,tahuantinsuyo,-11.942053,-77.054543,18953,0.537,0.2757,0.3466,0.4951,0.2701,0.6785,0.1287,0.1828,0.7399,2023,9,68,0.5113,-0.22,9,5.333,3,0
CZ-049,tahuantinsuyo,-11.942053,-77.054543,18953,0.537,0.2757,0.3466,0.4951,0.2701,0.6785,0.1287,0.1828,0.7399,2023,10,69,0.4238,-0.1905,5,5.333,0,0
CZ-049,tahuantinsuyo,-11.942053,-77.054543,18953,0.537,0.2757,0.3466,0.4951,0.2701,0.6785,0.1287,0.1828,0.7399,2023,11,70,0.3988,-0.11,7,7.0,5,0
CZ-049,tahuantinsuyo,-11.942053,-77.054543,18953,0.537,0.2757,0.3466,0.4951,0.2701,0.6785,0.1287,0.1828,0.7399,2023,12,71,0.3989,0.18,6,6.0,-3,0
CZ-049,tahuantinsuyo,-11.942053,-77.054543,18953,0.537,0.2757,0.3466,0.4951,0.2701,0.6785,0.1287,0.1828,0.7399,2024,1,72,0.3758,0.11,3,5.333,-2,0
CZ-049,tahuantinsuyo,-11.942053,-77.054543,18953,0.537,0.2757,0.3466,0.4951,0.2701,0.6785,0.1287,0.1828,0.7399,2024,2,73,0.4006,0.1905,5,4.667,-2,0
CZ-049,tahuantinsuyo,-11.942053,-77.054543,18953,0.537,0.2757,0.3466,0.4951,0.2701,0.6785,0.1287,0.1828,0.7399,2024,3,74,0.4745,0.22,8,5.333,2,1
CZ-049,tahuantinsuyo,-11.942053,-77.054543,18953,0.537,0.2757,0.3466,0.4951,0.2701,0.6785,0.1287,0.1828,0.7399,2024,4,75,0.4144,0.1905,7,6.667,4,0
CZ-049,tahuantinsuyo,-11.942053,-77.054543,18953,0.537,0.2757,0.3466,0.4951,0.2701,0.6785,0.1287,0.1828,0.7399,2024,5,76,0.4432,0.11,9,8.0,4,0
CZ-049,tahuantinsuyo,-11.942053,-77.054543,18953,0.537,0.2757,0.3466,0.4951,0.2701,0.6785,0.1287,0.1828,0.7399,2024,6,77,0.4251,0.0,6,7.333,-2,0
CZ-049,tahuantinsuyo,-11.942053,-77.054543,18953,0.537,0.2757,0.3466,0.4951,0.2701,0.6785,0.1287,0.1828,0.7399,2024,7,78,0.4928,0.07,4,6.333,-3,0
CZ-049,tahuantinsuyo,-11.942053,-77.054543,18953,0.537,0.2757,0.3466,0.4951,0.2701,0.6785,0.1287,0.1828,0.7399,2024,8,79,0.5069,-0.1905,8,6.0,-1,0
CZ-049,tahuantinsuyo,-11.942053,-77.054543,18953,0.537,0.2757,0.3466,0.4951,0.2701,0.6785,0.1287,0.1828,0.7399,2024,9,80,0.3896,-0.22,1,4.333,-5,0
CZ-049,tahuantinsuyo,-11.942053,-77.054543,18953,0.537,0.2757,0.3466,0.4951,0.2701,0.6785,0.1287,0.1828,0.7399,2024,10,81,0.4024,-0.1905,4,4.333,0,0
CZ-049,tahuantinsuyo,-11.942053,-77.054543,18953,0.537,0.2757,0.3466,0.4951,0.2701,0.6785,0.1287,0.1828,0.7399,2024,11,82,0.386,-0.11,3,2.667,-5,1
CZ-049,tahuantinsuyo,-11.942053,-77.054543,18953,0.537,0.2757,0.3466,0.4951,0.2701,0.6785,0.1287,0.1828,0.7399,2024,12,83,0.5948,0.18,5,4.0,4,0
CZ-049,tahuantinsuyo,-11.942053,-77.054543,18953,0.537,0.2757,0.3466,0.4951,0.2701,0.6785,0.1287,0.1828,0.7399,2025,1,84,0.3406,0.11,9,5.667,5,0
CZ-049,tahuantinsuyo,-11.942053,-77.054543,18953,0.537,0.2757,0.3466,0.4951,0.2701,0.6785,0.1287,0.1828,0.7399,2025,2,85,0.4702,0.1905,3,5.667,0,0
CZ-049,tahuantinsuyo,-11.942053,-77.054543,18953,0.537,0.2757,0.3466,0.4951,0.2701,0.6785,0.1287,0.1828,0.7399,2025,3,86,0.3043,0.22,7,6.333,2,0
CZ-049,tahuantinsuyo,-11.942053,-77.054543,18953,0.537,0.2757,0.3466,0.4951,0.2701,0.6785,0.1287,0.1828,0.7399,2025,4,87,0.4026,0.1905,6,5.333,-3,0
CZ-049,tahuantinsuyo,-11.942053,-77.054543,18953,0.537,0.2757,0.3466,0.4951,0.2701,0.6785,0.1287,0.1828,0.7399,2025,5,88,0.4535,0.11,8,7.0,5,0
CZ-049,tahuantinsuyo,-11.942053,-77.054543,18953,0.537,0.2757,0.3466,0.4951,0.2701,0.6785,0.1287,0.1828,0.7399,2025,6,89,0.3815,0.0,7,7.0,0,0
CZ-049,tahuantinsuyo,-11.942053,-77.054543,18953,0.537,0.2757,0.3466,0.4951,0.2701,0.6785,0.1287,0.1828,0.7399,2025,7,90,0.5506,0.07,7,7.333,1,0
CZ-049,tahuantinsuyo,-11.942053,-77.054543,18953,0.537,0.2757,0.3466,0.4951,0.2701,0.6785,0.1287,0.1828,0.7399,2025,8,91,0.3833,-0.1905,7,7.0,-1,0
CZ-049,tahuantinsuyo,-11.942053,-77.054543,18953,0.537,0.2757,0.3466,0.4951,0.2701,0.6785,0.1287,0.1828,0.7399,2025,9,92,0.4499,-0.22,2,5.333,-5,0
CZ-049,tahuantinsuyo,-11.942053,-77.054543,18953,0.537,0.2757,0.3466,0.4951,0.2701,0.6785,0.1287,0.1828,0.7399,2025,10,93,0.3914,-0.1905,3,4.0,-4,0
CZ-049,tahuantinsuyo,-11.942053,-77.054543,18953,0.537,0.2757,0.3466,0.4951,0.2701,0.6785,0.1287,0.1828,0.7399,2025,11,94,0.4621,-0.11,3,2.667,-4,0
CZ-050,collique,-11.921559,-77.015534,16369,0.635,0.2556,0.5364,0.508,0.3437,0.6602,0.2335,0.2888,0.7028,2018,5,4,0.4823,0.11,4,4.333,-3,0
CZ-050,collique,-11.921559,-77.015534,16369,0.635,0.2556,0.5364,0.508,0.3437,0.6602,0.2335,0.2888,0.7028,2018,6,5,0.4279,0.0,5,4.667,1,0
CZ-050,collique,-11.921559,-77.015534,16369,0.635,0.2556,0.5364,0.508,0.3437,0.6602,0.2335,0.2888,0.7028,2018,7,6,0.4855,0.07,4,4.333,-1,0
CZ-050,collique,-11.921559,-77.015534,16369,0.635,0.2556,0.5364,0.508,0.3437,0.6602,0.2335,0.2888,0.7028,2018,8,7,0.4464,-0.1905,4,4.333,0,0
CZ-050,collique,-11.921559,-77.015534,16369,0.635,0.2556,0.5364,0.508,0.3437,0.6602,0.2335,0.2888,0.7028,2018,9,8,0.3865,-0.22,3,3.667,-2,0
CZ-050,collique,-11.921559,-77.015534,16369,0.635,0.2556,0.5364,0.508,0.3437,0.6602,0.2335,0.2888,0.7028,2018,10,9,0.3571,-0.1905,5,4.0,1,0
CZ-050,collique,-11.921559,-77.015534,16369,0.635,0.2556,0.5364,0.508,0.3437,0.6602,0.2335,0.2888,0.7028,2018,11,10,0.4597,-0.11,4,4.0,0,0
CZ-050,collique,-11.921559,-77.015534,16369,0.635,0.2556,0.5364,0.508,0.3437,0.6602,0.2335,0.2888,0.7028,2018,12,11,0.5801,0.18,3,4.0,0,0
CZ-050,collique,-11.921559,-77.015534,16369,0.635,0.2556,0.5364,0.508,0.3437,0.6602,0.2335,0.2888,0.7028,2019,1,12,0.3434,0.11,5,4.0,0,0
CZ-050,collique,-11.921559,-77.015534,16369,0.635,0.2556,0.5364,0.508,0.3437,0.6602,0.2335,0.2888,0.7028,2019,2,13,0.4555,0.1905,6,4.667,2,0
CZ-050,collique,-11.921559,-77.015534,16369,0.635,0.2556,0.5364,0.508,0.3437,0.6602,0.2335,0.2888,0.7028,2019,3,14,0.4198,0.22,7,6.0,4,0
CZ-050,collique,-11.921559,-77.015534,16369,0.635,0.2556,0.5364,0.508,0.3437,0.6602,0.2335,0.2888,0.7028,2019,4,15,0.3938,0.1905,7,6.667,2,0
CZ-050,collique,-11.921559,-77.015534,16369,0.635,0.2556,0.5364,0.508,0.3437,0.6602,0.2335,0.2888,0.7028,2019,5,16,0.4695,0.11,6,6.667,0,0
CZ-050,collique,-11.921559,-77.015534,16369,0.635,0.2556,0.5364,0.508,0.3437,0.6602,0.2335,0.2888,0.7028,2019,6,17,0.5006,0.0,5,6.0,-2,0
CZ-050,collique,-11.921559,-77.015534,16369,0.635,0.2556,0.5364,0.508,0.3437,0.6602,0.2335,0.2888,0.7028,2019,7,18,0.5836,0.07,4,5.0,-3,0
CZ-050,collique,-11.921559,-77.015534,16369,0.635,0.2556,0.5364,0.508,0.3437,0.6602,0.2335,0.2888,0.7028,2019,8,19,0.4191,-0.1905,5,4.667,-1,0
CZ-050,collique,-11.921559,-77.015534,16369,0.635,0.2556,0.5364,0.508,0.3437,0.6602,0.2335,0.2888,0.7028,2019,9,20,0.4752,-0.22,6,5.0,1,0
CZ-050,collique,-11.921559,-77.015534,16369,0.635,0.2556,0.5364,0.508,0.3437,0.6602,0.2335,0.2888,0.7028,2019,10,21,0.4192,-0.1905,4,5.0,0,0
CZ-050,collique,-11.921559,-77.015534,16369,0.635,0.2556,0.5364,0.508,0.3437,0.6602,0.2335,0.2888,0.7028,2019,11,22,0.446,-0.11,6,5.333,1,0
CZ-050,collique,-11.921559,-77.015534,16369,0.635,0.2556,0.5364,0.508,0.3437,0.6602,0.2335,0.2888,0.7028,2019,12,23,0.545,0.18,2,4.0,-4,0
CZ-050,collique,-11.921559,-77.015534,16369,0.635,0.2556,0.5364,0.508,0.3437,0.6602,0.2335,0.2888,0.7028,2020,1,24,0.4653,0.11,8,5.333,4,0
CZ-050,collique,-11.921559,-77.015534,16369,0.635,0.2556,0.5364,0.508,0.3437,0.6602,0.2335,0.2888,0.7028,2020,2,25,0.4638,0.1905,8,6.0,2,0
CZ-050,collique,-11.921559,-77.015534,16369,0.635,0.2556,0.5364,0.508,0.3437,0.6602,0.2335,0.2888,0.7028,2020,3,26,0.4016,0.22,1,5.667,-1,0
CZ-050,collique,-11.921559,-77.015534,16369,0.635,0.2556,0.5364,0.508,0.3437,0.6602,0.2335,0.2888,0.7028,2020,4,27,0.4307,0.1905,6,5.0,-2,0
CZ-050,collique,-11.921559,-77.015534,16369,0.635,0.2556,0.5364,0.508,0.3437,0.6602,0.2335,0.2888,0.7028,2020,5,28,0.4806,0.11,7,4.667,-1,0
CZ-050,collique,-11.921559,-77.015534,16369,0.635,0.2556,0.5364,0.508,0.3437,0.6602,0.2335,0.2888,0.7028,2020,6,29,0.4777,0.0,8,7.0,7,1
CZ-050,collique,-11.921559,-77.015534,16369,0.635,0.2556,0.5364,0.508,0.3437,0.6602,0.2335,0.2888,0.7028,2020,7,30,0.474,0.07,3,6.0,-3,0
CZ-050,collique,-11.921559,-77.015534,16369,0.635,0.2556,0.5364,0.508,0.3437,0.6602,0.2335,0.2888,0.7028,2020,8,31,0.4894,-0.1905,9,6.667,2,0
CZ-050,collique,-11.921559,-77.015534,16369,0.635,0.2556,0.5364,0.508,0.3437,0.6602,0.2335,0.2888,0.7028,2020,9,32,0.4078,-0.22,3,5.0,-5,0
CZ-050,collique,-11.921559,-77.015534,16369,0.635,0.2556,0.5364,0.508,0.3437,0.6602,0.2335,0.2888,0.7028,2020,10,33,0.4151,-0.1905,4,5.333,1,0
CZ-050,collique,-11.921559,-77.015534,16369,0.635,0.2556,0.5364,0.508,0.3437,0.6602,0.2335,0.2888,0.7028,2020,11,34,0.3826,-0.11,3,3.333,-6,1
CZ-050,collique,-11.921559,-77.015534,16369,0.635,0.2556,0.5364,0.508,0.3437,0.6602,0.2335,0.2888,0.7028,2020,12,35,0.5408,0.18,2,3.0,-1,0
CZ-050,collique,-11.921559,-77.015534,16369,0.635,0.2556,0.5364,0.508,0.3437,0.6602,0.2335,0.2888,0.7028,2021,1,36,0.5028,0.11,9,4.667,5,1
CZ-050,collique,-11.921559,-77.015534,16369,0.635,0.2556,0.5364,0.508,0.3437,0.6602,0.2335,0.2888,0.7028,2021,2,37,0.4533,0.1905,5,5.333,2,0
CZ-050,collique,-11.921559,-77.015534,16369,0.635,0.2556,0.5364,0.508,0.3437,0.6602,0.2335,0.2888,0.7028,2021,3,38,0.4396,0.22,9,7.667,7,0
CZ-050,collique,-11.921559,-77.015534,16369,0.635,0.2556,0.5364,0.508,0.3437,0.6602,0.2335,0.2888,0.7028,2021,4,39,0.4926,0.1905,4,6.0,-5,0
CZ-050,collique,-11.921559,-77.015534,16369,0.635,0.2556,0.5364,0.508,0.3437,0.6602,0.2335,0.2888,0.7028,2021,5,40,0.5426,0.11,5,6.0,0,0
CZ-050,collique,-11.921559,-77.015534,16369,0.635,0.2556,0.5364,0.508,0.3437,0.6602,0.2335,0.2888,0.7028,2021,6,41,0.372,0.0,8,5.667,-1,1
CZ-050,collique,-11.921559,-77.015534,16369,0.635,0.2556,0.5364,0.508,0.3437,0.6602,0.2335,0.2888,0.7028,2021,7,42,0.5131,0.07,7,6.667,3,1
CZ-050,collique,-11.921559,-77.015534,16369,0.635,0.2556,0.5364,0.508,0.3437,0.6602,0.2335,0.2888,0.7028,2021,8,43,0.5319,-0.1905,10,8.333,5,0
CZ-050,collique,-11.921559,-77.015534,16369,0.635,0.2556,0.5364,0.508,0.3437,0.6602,0.2335,0.2888,0.7028,2021,9,44,0.3998,-0.22,9,8.667,1,0
CZ-050,collique,-11.921559,-77.015534,16369,0.635,0.2556,0.5364,0.508,0.3437,0.6602,0.2335,0.2888,0.7028,2021,10,45,0.4853,-0.1905,2,7.0,-5,0
CZ-050,collique,-11.921559,-77.015534,16369,0.635,0.2556,0.5364,0.508,0.3437,0.6602,0.2335,0.2888,0.7028,2021,11,46,0.4489,-0.11,8,6.333,-2,0
CZ-050,collique,-11.921559,-77.015534,16369,0.635,0.2556,0.5364,0.508,0.3437,0.6602,0.2335,0.2888,0.7028,2021,12,47,0.5532,0.18,6,5.333,-3,0
CZ-050,collique,-11.921559,-77.015534,16369,0.635,0.2556,0.5364,0.508,0.3437,0.6602,0.2335,0.2888,0.7028,2022,1,48,0.449,0.11,8,7.333,6,0
CZ-050,collique,-11.921559,-77.015534,16369,0.635,0.2556,0.5364,0.508,0.3437,0.6602,0.2335,0.2888,0.7028,2022,2,49,0.5099,0.1905,6,6.667,-2,0
CZ-050,collique,-11.921559,-77.015534,16369,0.635,0.2556,0.5364,0.508,0.3437,0.6602,0.2335,0.2888,0.7028,2022,3,50,0.4179,0.22,6,6.667,0,1
CZ-050,collique,-11.921559,-77.015534,16369,0.635,0.2556,0.5364,0.508,0.3437,0.6602,0.2335,0.2888,0.7028,2022,4,51,0.4777,0.1905,8,6.667,0,0
CZ-050,collique,-11.921559,-77.015534,16369,0.635,0.2556,0.5364,0.508,0.3437,0.6602,0.2335,0.2888,0.7028,2022,5,52,0.4559,0.11,11,8.333,5,1
CZ-050,collique,-11.921559,-77.015534,16369,0.635,0.2556,0.5364,0.508,0.3437,0.6602,0.2335,0.2888,0.7028,2022,6,53,0.4218,0.0,5,8.0,-1,1
CZ-050,collique,-11.921559,-77.015534,16369,0.635,0.2556,0.5364,0.508,0.3437,0.6602,0.2335,0.2888,0.7028,2022,7,54,0.5519,0.07,10,8.667,2,0
CZ-050,collique,-11.921559,-77.015534,16369,0.635,0.2556,0.5364,0.508,0.3437,0.6602,0.2335,0.2888,0.7028,2022,8,55,0.4642,-0.1905,10,8.333,-1,0
CZ-050,collique,-11.921559,-77.015534,16369,0.635,0.2556,0.5364,0.508,0.3437,0.6602,0.2335,0.2888,0.7028,2022,9,56,0.5029,-0.22,4,8.0,-1,0
CZ-050,collique,-11.921559,-77.015534,16369,0.635,0.2556,0.5364,0.508,0.3437,0.6602,0.2335,0.2888,0.7028,2022,10,57,0.469,-0.1905,5,6.333,-5,0
CZ-050,collique,-11.921559,-77.015534,16369,0.635,0.2556,0.5364,0.508,0.3437,0.6602,0.2335,0.2888,0.7028,2022,11,58,0.6024,-0.11,4,4.333,-6,1
CZ-050,collique,-11.921559,-77.015534,16369,0.635,0.2556,0.5364,0.508,0.3437,0.6602,0.2335,0.2888,0.7028,2022,12,59,0.6224,0.18,6,5.0,2,0
CZ-050,collique,-11.921559,-77.015534,16369,0.635,0.2556,0.5364,0.508,0.3437,0.6602,0.2335,0.2888,0.7028,2023,1,60,0.45,0.11,10,6.667,5,0
CZ-050,collique,-11.921559,-77.015534,16369,0.635,0.2556,0.5364,0.508,0.3437,0.6602,0.2335,0.2888,0.7028,2023,2,61,0.3643,0.1905,4,6.667,0,0
CZ-050,collique,-11.921559,-77.015534,16369,0.635,0.2556,0.5364,0.508,0.3437,0.6602,0.2335,0.2888,0.7028,2023,3,62,0.5056,0.22,4,6.0,-2,0
CZ-050,collique,-11.921559,-77.015534,16369,0.635,0.2556,0.5364,0.508,0.3437,0.6602,0.2335,0.2888,0.7028,2023,4,63,0.4763,0.1905,8,5.333,-2,1
CZ-050,collique,-11.921559,-77.015534,16369,0.635,0.2556,0.5364,0.508,0.3437,0.6602,0.2335,0.2888,0.7028,2023,5,64,0.417,0.11,7,6.333,3,1
CZ-050,collique,-11.921559,-77.015534,16369,0.635,0.2556,0.5364,0.508,0.3437,0.6602,0.2335,0.2888,0.7028,2023,6,65,0.4104,0.0,9,8.0,5,0
CZ-050,collique,-11.921559,-77.015534,16369,0.635,0.2556,0.5364,0.508,0.3437,0.6602,0.2335,0.2888,0.7028,2023,7,66,0.4848,0.07,13,9.667,5,0
CZ-050,collique,-11.921559,-77.015534,16369,0.635,0.2556,0.5364,0.508,0.3437,0.6602,0.2335,0.2888,0.7028,2023,8,67,0.4119,-0.1905,6,9.333,-1,1
CZ-050,collique,-11.921559,-77.015534,16369,0.635,0.2556,0.5364,0.508,0.3437,0.6602,0.2335,0.2888,0.7028,2023,9,68,0.417,-0.22,5,8.0,-4,0
CZ-050,collique,-11.921559,-77.015534,16369,0.635,0.2556,0.5364,0.508,0.3437,0.6602,0.2335,0.2888,0.7028,2023,10,69,0.4321,-0.1905,13,8.0,0,0
CZ-050,collique,-11.921559,-77.015534,16369,0.635,0.2556,0.5364,0.508,0.3437,0.6602,0.2335,0.2888,0.7028,2023,11,70,0.5174,-0.11,7,8.333,1,0
CZ-050,collique,-11.921559,-77.015534,16369,0.635,0.2556,0.5364,0.508,0.3437,0.6602,0.2335,0.2888,0.7028,2023,12,71,0.485,0.18,4,8.0,-1,1
CZ-050,collique,-11.921559,-77.015534,16369,0.635,0.2556,0.5364,0.508,0.3437,0.6602,0.2335,0.2888,0.7028,2024,1,72,0.3997,0.11,3,4.667,-10,1
CZ-050,collique,-11.921559,-77.015534,16369,0.635,0.2556,0.5364,0.508,0.3437,0.6602,0.2335,0.2888,0.7028,2024,2,73,0.4076,0.1905,13,6.667,6,0
CZ-050,collique,-11.921559,-77.015534,16369,0.635,0.2556,0.5364,0.508,0.3437,0.6602,0.2335,0.2888,0.7028,2024,3,74,0.5029,0.22,13,9.667,9,1
CZ-050,collique,-11.921559,-77.015534,16369,0.635,0.2556,0.5364,0.508,0.3437,0.6602,0.2335,0.2888,0.7028,2024,4,75,0.4789,0.1905,7,11.0,4,1
CZ-050,collique,-11.921559,-77.015534,16369,0.635,0.2556,0.5364,0.508,0.3437,0.6602,0.2335,0.2888,0.7028,2024,5,76,0.4567,0.11,11,10.333,-2,0
CZ-050,collique,-11.921559,-77.015534,16369,0.635,0.2556,0.5364,0.508,0.3437,0.6602,0.2335,0.2888,0.7028,2024,6,77,0.4626,0.0,10,9.333,-3,1
CZ-050,collique,-11.921559,-77.015534,16369,0.635,0.2556,0.5364,0.508,0.3437,0.6602,0.2335,0.2888,0.7028,2024,7,78,0.4778,0.07,6,9.0,-1,0
CZ-050,collique,-11.921559,-77.015534,16369,0.635,0.2556,0.5364,0.508,0.3437,0.6602,0.2335,0.2888,0.7028,2024,8,79,0.4147,-0.1905,10,8.667,-1,1
CZ-050,collique,-11.921559,-77.015534,16369,0.635,0.2556,0.5364,0.508,0.3437,0.6602,0.2335,0.2888,0.7028,2024,9,80,0.5006,-0.22,5,7.0,-5,0
CZ-050,collique,-11.921559,-77.015534,16369,0.635,0.2556,0.5364,0.508,0.3437,0.6602,0.2335,0.2888,0.7028,2024,10,81,0.3848,-0.1905,10,8.333,4,0
CZ-050,collique,-11.921559,-77.015534,16369,0.635,0.2556,0.5364,0.508,0.3437,0.6602,0.2335,0.2888,0.7028,2024,11,82,0.4748,-0.11,4,6.333,-6,1
CZ-050,collique,-11.921559,-77.015534,16369,0.635,0.2556,0.5364,0.508,0.3437,0.6602,0.2335,0.2888,0.7028,2024,12,83,0.5119,0.18,6,6.667,1,1
CZ-050,collique,-11.921559,-77.015534,16369,0.635,0.2556,0.5364,0.508,0.3437,0.6602,0.2335,0.2888,0.7028,2025,1,84,0.4506,0.11,17,9.0,7,0
CZ-050,collique,-11.921559,-77.015534,16369,0.635,0.2556,0.5364,0.508,0.3437,0.6602,0.2335,0.2888,0.7028,2025,2,85,0.3572,0.1905,13,12.0,9,1
CZ-050,collique,-11.921559,-77.015534,16369,0.635,0.2556,0.5364,0.508,0.3437,0.6602,0.2335,0.2888,0.7028,2025,3,86,0.4218,0.22,3,11.0,-3,1
CZ-050,collique,-11.921559,-77.015534,16369,0.635,0.2556,0.5364,0.508,0.3437,0.6602,0.2335,0.2888,0.7028,2025,4,87,0.4755,0.1905,11,9.0,-6,0
CZ-050,collique,-11.921559,-77.015534,16369,0.635,0.2556,0.5364,0.508,0.3437,0.6602,0.2335,0.2888,0.7028,2025,5,88,0.4531,0.11,10,8.0,-3,0
CZ-050,collique,-11.921559,-77.015534,16369,0.635,0.2556,0.5364,0.508,0.3437,0.6602,0.2335,0.2888,0.7028,2025,6,89,0.3619,0.0,5,8.667,2,1
CZ-050,collique,-11.921559,-77.015534,16369,0.635,0.2556,0.5364,0.508,0.3437,0.6602,0.2335,0.2888,0.7028,2025,7,90,0.563,0.07,8,7.667,-3,0
CZ-050,collique,-11.921559,-77.015534,16369,0.635,0.2556,0.5364,0.508,0.3437,0.6602,0.2335,0.2888,0.7028,2025,8,91,0.484,-0.1905,10,7.667,0,0
CZ-050,collique,-11.921559,-77.015534,16369,0.635,0.2556,0.5364,0.508,0.3437,0.6602,0.2335,0.2888,0.7028,2025,9,92,0.4461,-0.22,4,7.333,-1,1
CZ-050,collique,-11.921559,-77.015534,16369,0.635,0.2556,0.5364,0.508,0.3437,0.6602,0.2335,0.2888,0.7028,2025,10,93,0.4916,-0.1905,5,6.333,-3,0
CZ-050,collique,-11.921559,-77.015534,16369,0.635,0.2556,0.5364,0.508,0.3437,0.6602,0.2335,0.2888,0.7028,2025,11,94,0.4071,-0.11,9,6.0,-1,0
CZ-051,collique,-11.951742,-77.022583,16846,0.6776,0.3003,0.4171,0.5917,0.3197,0.5729,0.2304,0.2261,0.7756,2018,5,4,0.4927,0.11,5,5.667,-1,0
CZ-051,collique,-11.951742,-77.022583,16846,0.6776,0.3003,0.4171,0.5917,0.3197,0.5729,0.2304,0.2261,0.7756,2018,6,5,0.4399,0.0,4,5.667,0,0
CZ-051,collique,-11.951742,-77.022583,16846,0.6776,0.3003,0.4171,0.5917,0.3197,0.5729,0.2304,0.2261,0.7756,2018,7,6,0.5472,0.07,6,5.0,-2,0
CZ-051,collique,-11.951742,-77.022583,16846,0.6776,0.3003,0.4171,0.5917,0.3197,0.5729,0.2304,0.2261,0.7756,2018,8,7,0.4327,-0.1905,6,5.333,1,0
CZ-051,collique,-11.951742,-77.022583,16846,0.6776,0.3003,0.4171,0.5917,0.3197,0.5729,0.2304,0.2261,0.7756,2018,9,8,0.4343,-0.22,5,5.667,1,0
CZ-051,collique,-11.951742,-77.022583,16846,0.6776,0.3003,0.4171,0.5917,0.3197,0.5729,0.2304,0.2261,0.7756,2018,10,9,0.3243,-0.1905,7,6.0,1,0
CZ-051,collique,-11.951742,-77.022583,16846,0.6776,0.3003,0.4171,0.5917,0.3197,0.5729,0.2304,0.2261,0.7756,2018,11,10,0.559,-0.11,6,6.0,0,0
CZ-051,collique,-11.951742,-77.022583,16846,0.6776,0.3003,0.4171,0.5917,0.3197,0.5729,0.2304,0.2261,0.7756,2018,12,11,0.5549,0.18,4,5.667,-1,0
CZ-051,collique,-11.951742,-77.022583,16846,0.6776,0.3003,0.4171,0.5917,0.3197,0.5729,0.2304,0.2261,0.7756,2019,1,12,0.3596,0.11,8,6.0,1,1
CZ-051,collique,-11.951742,-77.022583,16846,0.6776,0.3003,0.4171,0.5917,0.3197,0.5729,0.2304,0.2261,0.7756,2019,2,13,0.3877,0.1905,4,5.333,-2,0
CZ-051,collique,-11.951742,-77.022583,16846,0.6776,0.3003,0.4171,0.5917,0.3197,0.5729,0.2304,0.2261,0.7756,2019,3,14,0.4332,0.22,10,7.333,6,0
CZ-051,collique,-11.951742,-77.022583,16846,0.6776,0.3003,0.4171,0.5917,0.3197,0.5729,0.2304,0.2261,0.7756,2019,4,15,0.5063,0.1905,6,6.667,-2,1
CZ-051,collique,-11.951742,-77.022583,16846,0.6776,0.3003,0.4171,0.5917,0.3197,0.5729,0.2304,0.2261,0.7756,2019,5,16,0.4431,0.11,4,6.667,0,0
CZ-051,collique,-11.951742,-77.022583,16846,0.6776,0.3003,0.4171,0.5917,0.3197,0.5729,0.2304,0.2261,0.7756,2019,6,17,0.4118,0.0,10,6.667,0,0
CZ-051,collique,-11.951742,-77.022583,16846,0.6776,0.3003,0.4171,0.5917,0.3197,0.5729,0.2304,0.2261,0.7756,2019,7,18,0.5387,0.07,7,7.0,1,0
CZ-051,collique,-11.951742,-77.022583,16846,0.6776,0.3003,0.4171,0.5917,0.3197,0.5729,0.2304,0.2261,0.7756,2019,8,19,0.451,-0.1905,5,7.333,1,0
CZ-051,collique,-11.951742,-77.022583,16846,0.6776,0.3003,0.4171,0.5917,0.3197,0.5729,0.2304,0.2261,0.7756,2019,9,20,0.405,-0.22,4,5.333,-6,0
CZ-051,collique,-11.951742,-77.022583,16846,0.6776,0.3003,0.4171,0.5917,0.3197,0.5729,0.2304,0.2261,0.7756,2019,10,21,0.5008,-0.1905,4,4.333,-3,0
CZ-051,collique,-11.951742,-77.022583,16846,0.6776,0.3003,0.4171,0.5917,0.3197,0.5729,0.2304,0.2261,0.7756,2019,11,22,0.4197,-0.11,2,3.333,-3,0
CZ-051,collique,-11.951742,-77.022583,16846,0.6776,0.3003,0.4171,0.5917,0.3197,0.5729,0.2304,0.2261,0.7756,2019,12,23,0.5018,0.18,7,4.333,3,0
CZ-051,collique,-11.951742,-77.022583,16846,0.6776,0.3003,0.4171,0.5917,0.3197,0.5729,0.2304,0.2261,0.7756,2020,1,24,0.4419,0.11,8,5.667,4,0
CZ-051,collique,-11.951742,-77.022583,16846,0.6776,0.3003,0.4171,0.5917,0.3197,0.5729,0.2304,0.2261,0.7756,2020,2,25,0.4126,0.1905,6,7.0,4,0
CZ-051,collique,-11.951742,-77.022583,16846,0.6776,0.3003,0.4171,0.5917,0.3197,0.5729,0.2304,0.2261,0.7756,2020,3,26,0.4325,0.22,6,6.667,-1,0
CZ-051,collique,-11.951742,-77.022583,16846,0.6776,0.3003,0.4171,0.5917,0.3197,0.5729,0.2304,0.2261,0.7756,2020,4,27,0.3903,0.1905,7,6.333,-1,0
CZ-051,collique,-11.951742,-77.022583,16846,0.6776,0.3003,0.4171,0.5917,0.3197,0.5729,0.2304,0.2261,0.7756,2020,5,28,0.3143,0.11,8,7.0,2,0
CZ-051,collique,-11.951742,-77.022583,16846,0.6776,0.3003,0.4171,0.5917,0.3197,0.5729,0.2304,0.2261,0.7756,2020,6,29,0.4314,0.0,2,5.667,-4,0
CZ-051,collique,-11.951742,-77.022583,16846,0.6776,0.3003,0.4171,0.5917,0.3197,0.5729,0.2304,0.2261,0.7756,2020,7,30,0.4283,0.07,5,5.0,-2,0
CZ-051,collique,-11.951742,-77.022583,16846,0.6776,0.3003,0.4171,0.5917,0.3197,0.5729,0.2304,0.2261,0.7756,2020,8,31,0.4485,-0.1905,7,4.667,-1,0
CZ-051,collique,-11.951742,-77.022583,16846,0.6776,0.3003,0.4171,0.5917,0.3197,0.5729,0.2304,0.2261,0.7756,2020,9,32,0.4719,-0.22,3,5.0,1,0
CZ-051,collique,-11.951742,-77.022583,16846,0.6776,0.3003,0.4171,0.5917,0.3197,0.5729,0.2304,0.2261,0.7756,2020,10,33,0.4258,-0.1905,7,5.667,2,0
CZ-051,collique,-11.951742,-77.022583,16846,0.6776,0.3003,0.4171,0.5917,0.3197,0.5729,0.2304,0.2261,0.7756,2020,11,34,0.4403,-0.11,5,5.0,-2,0
CZ-051,collique,-11.951742,-77.022583,16846,0.6776,0.3003,0.4171,0.5917,0.3197,0.5729,0.2304,0.2261,0.7756,2020,12,35,0.5214,0.18,4,5.333,1,0
CZ-051,collique,-11.951742,-77.022583,16846,0.6776,0.3003,0.4171,0.5917,0.3197,0.5729,0.2304,0.2261,0.7756,2021,1,36,0.4174,0.11,7,5.333,0,0
CZ-051,collique,-11.951742,-77.022583,16846,0.6776,0.3003,0.4171,0.5917,0.3197,0.5729,0.2304,0.2261,0.7756,2021,2,37,0.4654,0.1905,8,6.333,3,1
CZ-051,collique,-11.951742,-77.022583,16846,0.6776,0.3003,0.4171,0.5917,0.3197,0.5729,0.2304,0.2261,0.7756,2021,3,38,0.3603,0.22,8,7.667,4,1
CZ-051,collique,-11.951742,-77.022583,16846,0.6776,0.3003,0.4171,0.5917,0.3197,0.5729,0.2304,0.2261,0.7756,2021,4,39,0.4974,0.1905,15,10.333,8,0
CZ-051,collique,-11.951742,-77.022583,16846,0.6776,0.3003,0.4171,0.5917,0.3197,0.5729,0.2304,0.2261,0.7756,2021,5,40,0.374,0.11,11,11.333,3,0
CZ-051,collique,-11.951742,-77.022583,16846,0.6776,0.3003,0.4171,0.5917,0.3197,0.5729,0.2304,0.2261,0.7756,2021,6,41,0.4085,0.0,6,10.667,-2,0
CZ-051,collique,-11.951742,-77.022583,16846,0.6776,0.3003,0.4171,0.5917,0.3197,0.5729,0.2304,0.2261,0.7756,2021,7,42,0.4348,0.07,3,6.667,-12,0
CZ-051,collique,-11.951742,-77.022583,16846,0.6776,0.3003,0.4171,0.5917,0.3197,0.5729,0.2304,0.2261,0.7756,2021,8,43,0.4625,-0.1905,4,4.333,-7,0
CZ-051,collique,-11.951742,-77.022583,16846,0.6776,0.3003,0.4171,0.5917,0.3197,0.5729,0.2304,0.2261,0.7756,2021,9,44,0.4135,-0.22,6,4.333,0,0
CZ-051,collique,-11.951742,-77.022583,16846,0.6776,0.3003,0.4171,0.5917,0.3197,0.5729,0.2304,0.2261,0.7756,2021,10,45,0.4853,-0.1905,7,5.667,4,0
CZ-051,collique,-11.951742,-77.022583,16846,0.6776,0.3003,0.4171,0.5917,0.3197,0.5729,0.2304,0.2261,0.7756,2021,11,46,0.4693,-0.11,5,6.0,1,1
CZ-051,collique,-11.951742,-77.022583,16846,0.6776,0.3003,0.4171,0.5917,0.3197,0.5729,0.2304,0.2261,0.7756,2021,12,47,0.4398,0.18,6,6.0,0,0
CZ-051,collique,-11.951742,-77.022583,16846,0.6776,0.3003,0.4171,0.5917,0.3197,0.5729,0.2304,0.2261,0.7756,2022,1,48,0.3428,0.11,9,6.667,2,0
CZ-051,collique,-11.951742,-77.022583,16846,0.6776,0.3003,0.4171,0.5917,0.3197,0.5729,0.2304,0.2261,0.7756,2022,2,49,0.4085,0.1905,8,7.667,3,0
CZ-051,collique,-11.951742,-77.022583,16846,0.6776,0.3003,0.4171,0.5917,0.3197,0.5729,0.2304,0.2261,0.7756,2022,3,50,0.4171,0.22,5,7.333,-1,0
CZ-051,collique,-11.951742,-77.022583,16846,0.6776,0.3003,0.4171,0.5917,0.3197,0.5729,0.2304,0.2261,0.7756,2022,4,51,0.37,0.1905,8,7.0,-1,0
CZ-051,collique,-11.951742,-77.022583,16846,0.6776,0.3003,0.4171,0.5917,0.3197,0.5729,0.2304,0.2261,0.7756,2022,5,52,0.3632,0.11,4,5.667,-4,0
CZ-051,collique,-11.951742,-77.022583,16846,0.6776,0.3003,0.4171,0.5917,0.3197,0.5729,0.2304,0.2261,0.7756,2022,6,53,0.345,0.0,8,6.667,3,0
CZ-051,collique,-11.951742,-77.022583,16846,0.6776,0.3003,0.4171,0.5917,0.3197,0.5729,0.2304,0.2261,0.7756,2022,7,54,0.4243,0.07,8,6.667,0,0
CZ-051,collique,-11.951742,-77.022583,16846,0.6776,0.3003,0.4171,0.5917,0.3197,0.5729,0.2304,0.2261,0.7756,2022,8,55,0.3972,-0.1905,7,7.667,3,0
CZ-051,collique,-11.951742,-77.022583,16846,0.6776,0.3003,0.4171,0.5917,0.3197,0.5729,0.2304,0.2261,0.7756,2022,9,56,0.389,-0.22,6,7.0,-2,0
CZ-051,collique,-11.951742,-77.022583,16846,0.6776,0.3003,0.4171,0.5917,0.3197,0.5729,0.2304,0.2261,0.7756,2022,10,57,0.3614,-0.1905,8,7.0,0,0
CZ-051,collique,-11.951742,-77.022583,16846,0.6776,0.3003,0.4171,0.5917,0.3197,0.5729,0.2304,0.2261,0.7756,2022,11,58,0.4443,-0.11,6,6.667,-1,0
CZ-051,collique,-11.951742,-77.022583,16846,0.6776,0.3003,0.4171,0.5917,0.3197,0.5729,0.2304,0.2261,0.7756,2022,12,59,0.4763,0.18,8,7.333,2,0
CZ-051,collique,-11.951742,-77.022583,16846,0.6776,0.3003,0.4171,0.5917,0.3197,0.5729,0.2304,0.2261,0.7756,2023,1,60,0.3005,0.11,7,7.0,-1,1
CZ-051,collique,-11.951742,-77.022583,16846,0.6776,0.3003,0.4171,0.5917,0.3197,0.5729,0.2304,0.2261,0.7756,2023,2,61,0.4604,0.1905,7,7.333,1,0
CZ-051,collique,-11.951742,-77.022583,16846,0.6776,0.3003,0.4171,0.5917,0.3197,0.5729,0.2304,0.2261,0.7756,2023,3,62,0.5141,0.22,10,8.0,2,1
CZ-051,collique,-11.951742,-77.022583,16846,0.6776,0.3003,0.4171,0.5917,0.3197,0.5729,0.2304,0.2261,0.7756,2023,4,63,0.5085,0.1905,8,8.333,1,0
CZ-051,collique,-11.951742,-77.022583,16846,0.6776,0.3003,0.4171,0.5917,0.3197,0.5729,0.2304,0.2261,0.7756,2023,5,64,0.386,0.11,13,10.333,6,1
CZ-051,collique,-11.951742,-77.022583,16846,0.6776,0.3003,0.4171,0.5917,0.3197,0.5729,0.2304,0.2261,0.7756,2023,6,65,0.4874,0.0,4,8.333,-6,1
CZ-051,collique,-11.951742,-77.022583,16846,0.6776,0.3003,0.4171,0.5917,0.3197,0.5729,0.2304,0.2261,0.7756,2023,7,66,0.4182,0.07,13,10.0,5,0
CZ-051,collique,-11.951742,-77.022583,16846,0.6776,0.3003,0.4171,0.5917,0.3197,0.5729,0.2304,0.2261,0.7756,2023,8,67,0.3727,-0.1905,9,8.667,-4,0
CZ-051,collique,-11.951742,-77.022583,16846,0.6776,0.3003,0.4171,0.5917,0.3197,0.5729,0.2304,0.2261,0.7756,2023,9,68,0.4146,-0.22,7,9.667,3,0
CZ-051,collique,-11.951742,-77.022583,16846,0.6776,0.3003,0.4171,0.5917,0.3197,0.5729,0.2304,0.2261,0.7756,2023,10,69,0.3987,-0.1905,5,7.0,-8,1
CZ-051,collique,-11.951742,-77.022583,16846,0.6776,0.3003,0.4171,0.5917,0.3197,0.5729,0.2304,0.2261,0.7756,2023,11,70,0.426,-0.11,8,6.667,-1,1
CZ-051,collique,-11.951742,-77.022583,16846,0.6776,0.3003,0.4171,0.5917,0.3197,0.5729,0.2304,0.2261,0.7756,2023,12,71,0.4924,0.18,11,8.0,4,1
CZ-051,collique,-11.951742,-77.022583,16846,0.6776,0.3003,0.4171,0.5917,0.3197,0.5729,0.2304,0.2261,0.7756,2024,1,72,0.4408,0.11,13,10.667,8,0
CZ-051,collique,-11.951742,-77.022583,16846,0.6776,0.3003,0.4171,0.5917,0.3197,0.5729,0.2304,0.2261,0.7756,2024,2,73,0.3756,0.1905,12,12.0,4,1
CZ-051,collique,-11.951742,-77.022583,16846,0.6776,0.3003,0.4171,0.5917,0.3197,0.5729,0.2304,0.2261,0.7756,2024,3,74,0.4081,0.22,7,10.667,-4,1
CZ-051,collique,-11.951742,-77.022583,16846,0.6776,0.3003,0.4171,0.5917,0.3197,0.5729,0.2304,0.2261,0.7756,2024,4,75,0.4074,0.1905,16,11.667,3,0
CZ-051,collique,-11.951742,-77.022583,16846,0.6776,0.3003,0.4171,0.5917,0.3197,0.5729,0.2304,0.2261,0.7756,2024,5,76,0.4455,0.11,11,11.333,-1,0
CZ-051,collique,-11.951742,-77.022583,16846,0.6776,0.3003,0.4171,0.5917,0.3197,0.5729,0.2304,0.2261,0.7756,2024,6,77,0.5367,0.0,7,11.333,0,0
CZ-051,collique,-11.951742,-77.022583,16846,0.6776,0.3003,0.4171,0.5917,0.3197,0.5729,0.2304,0.2261,0.7756,2024,7,78,0.526,0.07,5,7.667,-11,0
CZ-051,collique,-11.951742,-77.022583,16846,0.6776,0.3003,0.4171,0.5917,0.3197,0.5729,0.2304,0.2261,0.7756,2024,8,79,0.306,-0.1905,8,6.667,-3,0
CZ-051,collique,-11.951742,-77.022583,16846,0.6776,0.3003,0.4171,0.5917,0.3197,0.5729,0.2304,0.2261,0.7756,2024,9,80,0.4774,-0.22,4,5.667,-3,1
CZ-051,collique,-11.951742,-77.022583,16846,0.6776,0.3003,0.4171,0.5917,0.3197,0.5729,0.2304,0.2261,0.7756,2024,10,81,0.455,-0.1905,6,6.0,1,1
CZ-051,collique,-11.951742,-77.022583,16846,0.6776,0.3003,0.4171,0.5917,0.3197,0.5729,0.2304,0.2261,0.7756,2024,11,82,0.359,-0.11,16,8.667,8,1
CZ-051,collique,-11.951742,-77.022583,16846,0.6776,0.3003,0.4171,0.5917,0.3197,0.5729,0.2304,0.2261,0.7756,2024,12,83,0.4713,0.18,10,10.667,6,1
CZ-051,collique,-11.951742,-77.022583,16846,0.6776,0.3003,0.4171,0.5917,0.3197,0.5729,0.2304,0.2261,0.7756,2025,1,84,0.451,0.11,14,13.333,8,0
CZ-051,collique,-11.951742,-77.022583,16846,0.6776,0.3003,0.4171,0.5917,0.3197,0.5729,0.2304,0.2261,0.7756,2025,2,85,0.3846,0.1905,11,11.667,-5,0
CZ-051,collique,-11.951742,-77.022583,16846,0.6776,0.3003,0.4171,0.5917,0.3197,0.5729,0.2304,0.2261,0.7756,2025,3,86,0.4544,0.22,7,10.667,-3,0
CZ-051,collique,-11.951742,-77.022583,16846,0.6776,0.3003,0.4171,0.5917,0.3197,0.5729,0.2304,0.2261,0.7756,2025,4,87,0.4491,0.1905,5,7.667,-9,0
CZ-051,collique,-11.951742,-77.022583,16846,0.6776,0.3003,0.4171,0.5917,0.3197,0.5729,0.2304,0.2261,0.7756,2025,5,88,0.4017,0.11,7,6.333,-4,0
CZ-051,collique,-11.951742,-77.022583,16846,0.6776,0.3003,0.4171,0.5917,0.3197,0.5729,0.2304,0.2261,0.7756,2025,6,89,0.4411,0.0,8,6.667,1,0
CZ-051,collique,-11.951742,-77.022583,16846,0.6776,0.3003,0.4171,0.5917,0.3197,0.5729,0.2304,0.2261,0.7756,2025,7,90,0.5071,0.07,8,7.667,3,0
CZ-051,collique,-11.951742,-77.022583,16846,0.6776,0.3003,0.4171,0.5917,0.3197,0.5729,0.2304,0.2261,0.7756,2025,8,91,0.4889,-0.1905,8,8.0,1,0
CZ-051,collique,-11.951742,-77.022583,16846,0.6776,0.3003,0.4171,0.5917,0.3197,0.5729,0.2304,0.2261,0.7756,2025,9,92,0.4258,-0.22,5,7.0,-3,0
CZ-051,collique,-11.951742,-77.022583,16846,0.6776,0.3003,0.4171,0.5917,0.3197,0.5729,0.2304,0.2261,0.7756,2025,10,93,0.4205,-0.1905,7,6.667,-1,0
CZ-051,collique,-11.951742,-77.022583,16846,0.6776,0.3003,0.4171,0.5917,0.3197,0.5729,0.2304,0.2261,0.7756,2025,11,94,0.4388,-0.11,7,6.333,-1,1
CZ-052,collique,-11.900754,-77.032597,18287,0.6499,0.2807,0.4439,0.2744,0.4149,0.6707,0.1434,0.1802,1.0121,2018,5,4,0.4053,0.11,4,6.0,-2,0
CZ-052,collique,-11.900754,-77.032597,18287,0.6499,0.2807,0.4439,0.2744,0.4149,0.6707,0.1434,0.1802,1.0121,2018,6,5,0.304,0.0,6,5.0,-3,0
CZ-052,collique,-11.900754,-77.032597,18287,0.6499,0.2807,0.4439,0.2744,0.4149,0.6707,0.1434,0.1802,1.0121,2018,7,6,0.5613,0.07,3,4.333,-2,0
CZ-052,collique,-11.900754,-77.032597,18287,0.6499,0.2807,0.4439,0.2744,0.4149,0.6707,0.1434,0.1802,1.0121,2018,8,7,0.4779,-0.1905,7,5.333,3,0
CZ-052,collique,-11.900754,-77.032597,18287,0.6499,0.2807,0.4439,0.2744,0.4149,0.6707,0.1434,0.1802,1.0121,2018,9,8,0.3403,-0.22,5,5.0,-1,0
CZ-052,collique,-11.900754,-77.032597,18287,0.6499,0.2807,0.4439,0.2744,0.4149,0.6707,0.1434,0.1802,1.0121,2018,10,9,0.4758,-0.1905,2,4.667,-1,0
CZ-052,collique,-11.900754,-77.032597,18287,0.6499,0.2807,0.4439,0.2744,0.4149,0.6707,0.1434,0.1802,1.0121,2018,11,10,0.4004,-0.11,1,2.667,-6,0
CZ-052,collique,-11.900754,-77.032597,18287,0.6499,0.2807,0.4439,0.2744,0.4149,0.6707,0.1434,0.1802,1.0121,2018,12,11,0.4466,0.18,8,3.667,3,0
CZ-052,collique,-11.900754,-77.032597,18287,0.6499,0.2807,0.4439,0.2744,0.4149,0.6707,0.1434,0.1802,1.0121,2019,1,12,0.5055,0.11,6,5.0,4,0
CZ-052,collique,-11.900754,-77.032597,18287,0.6499,0.2807,0.4439,0.2744,0.4149,0.6707,0.1434,0.1802,1.0121,2019,2,13,0.476,0.1905,3,5.667,2,0
CZ-052,collique,-11.900754,-77.032597,18287,0.6499,0.2807,0.4439,0.2744,0.4149,0.6707,0.1434,0.1802,1.0121,2019,3,14,0.5035,0.22,5,4.667,-3,0
CZ-052,collique,-11.900754,-77.032597,18287,0.6499,0.2807,0.4439,0.2744,0.4149,0.6707,0.1434,0.1802,1.0121,2019,4,15,0.4509,0.1905,4,4.0,-2,0
CZ-052,collique,-11.900754,-77.032597,18287,0.6499,0.2807,0.4439,0.2744,0.4149,0.6707,0.1434,0.1802,1.0121,2019,5,16,0.3363,0.11,8,5.667,5,0
CZ-052,collique,-11.900754,-77.032597,18287,0.6499,0.2807,0.4439,0.2744,0.4149,0.6707,0.1434,0.1802,1.0121,2019,6,17,0.4507,0.0,3,5.0,-2,0
CZ-052,collique,-11.900754,-77.032597,18287,0.6499,0.2807,0.4439,0.2744,0.4149,0.6707,0.1434,0.1802,1.0121,2019,7,18,0.5181,0.07,6,5.667,2,0
CZ-052,collique,-11.900754,-77.032597,18287,0.6499,0.2807,0.4439,0.2744,0.4149,0.6707,0.1434,0.1802,1.0121,2019,8,19,0.4282,-0.1905,3,4.0,-5,1
CZ-052,collique,-11.900754,-77.032597,18287,0.6499,0.2807,0.4439,0.2744,0.4149,0.6707,0.1434,0.1802,1.0121,2019,9,20,0.4259,-0.22,5,4.667,2,0
CZ-052,collique,-11.900754,-77.032597,18287,0.6499,0.2807,0.4439,0.2744,0.4149,0.6707,0.1434,0.1802,1.0121,2019,10,21,0.49,-0.1905,12,6.667,6,0
CZ-052,collique,-11.900754,-77.032597,18287,0.6499,0.2807,0.4439,0.2744,0.4149,0.6707,0.1434,0.1802,1.0121,2019,11,22,0.5279,-0.11,6,7.667,3,0
CZ-052,collique,-11.900754,-77.032597,18287,0.6499,0.2807,0.4439,0.2744,0.4149,0.6707,0.1434,0.1802,1.0121,2019,12,23,0.5135,0.18,4,7.333,-1,0
CZ-052,collique,-11.900754,-77.032597,18287,0.6499,0.2807,0.4439,0.2744,0.4149,0.6707,0.1434,0.1802,1.0121,2020,1,24,0.4343,0.11,5,5.0,-7,1
CZ-052,collique,-11.900754,-77.032597,18287,0.6499,0.2807,0.4439,0.2744,0.4149,0.6707,0.1434,0.1802,1.0121,2020,2,25,0.4603,0.1905,3,4.0,-3,0
CZ-052,collique,-11.900754,-77.032597,18287,0.6499,0.2807,0.4439,0.2744,0.4149,0.6707,0.1434,0.1802,1.0121,2020,3,26,0.3796,0.22,10,6.0,6,0
CZ-052,collique,-11.900754,-77.032597,18287,0.6499,0.2807,0.4439,0.2744,0.4149,0.6707,0.1434,0.1802,1.0121,2020,4,27,0.3754,0.1905,4,5.667,-1,0
CZ-052,collique,-11.900754,-77.032597,18287,0.6499,0.2807,0.4439,0.2744,0.4149,0.6707,0.1434,0.1802,1.0121,2020,5,28,0.4847,0.11,7,7.0,4,0
CZ-052,collique,-11.900754,-77.032597,18287,0.6499,0.2807,0.4439,0.2744,0.4149,0.6707,0.1434,0.1802,1.0121,2020,6,29,0.4352,0.0,8,6.333,-2,0
CZ-052,collique,-11.900754,-77.032597,18287,0.6499,0.2807,0.4439,0.2744,0.4149,0.6707,0.1434,0.1802,1.0121,2020,7,30,0.4415,0.07,2,5.667,-2,0
CZ-052,collique,-11.900754,-77.032597,18287,0.6499,0.2807,0.4439,0.2744,0.4149,0.6707,0.1434,0.1802,1.0121,2020,8,31,0.4621,-0.1905,1,3.667,-6,1
CZ-052,collique,-11.900754,-77.032597,18287,0.6499,0.2807,0.4439,0.2744,0.4149,0.6707,0.1434,0.1802,1.0121,2020,9,32,0.4498,-0.22,0,1.0,-8,0
CZ-052,collique,-11.900754,-77.032597,18287,0.6499,0.2807,0.4439,0.2744,0.4149,0.6707,0.1434,0.1802,1.0121,2020,10,33,0.4189,-0.1905,10,3.667,8,0
CZ-052,collique,-11.900754,-77.032597,18287,0.6499,0.2807,0.4439,0.2744,0.4149,0.6707,0.1434,0.1802,1.0121,2020,11,34,0.479,-0.11,6,5.333,5,0
CZ-052,collique,-11.900754,-77.032597,18287,0.6499,0.2807,0.4439,0.2744,0.4149,0.6707,0.1434,0.1802,1.0121,2020,12,35,0.4373,0.18,4,6.667,4,0
CZ-052,collique,-11.900754,-77.032597,18287,0.6499,0.2807,0.4439,0.2744,0.4149,0.6707,0.1434,0.1802,1.0121,2021,1,36,0.443,0.11,8,6.0,-2,1
CZ-052,collique,-11.900754,-77.032597,18287,0.6499,0.2807,0.4439,0.2744,0.4149,0.6707,0.1434,0.1802,1.0121,2021,2,37,0.4518,0.1905,5,5.667,-1,0
CZ-052,collique,-11.900754,-77.032597,18287,0.6499,0.2807,0.4439,0.2744,0.4149,0.6707,0.1434,0.1802,1.0121,2021,3,38,0.4088,0.22,10,7.667,6,1
CZ-052,collique,-11.900754,-77.032597,18287,0.6499,0.2807,0.4439,0.2744,0.4149,0.6707,0.1434,0.1802,1.0121,2021,4,39,0.4872,0.1905,7,7.333,-1,1
CZ-052,collique,-11.900754,-77.032597,18287,0.6499,0.2807,0.4439,0.2744,0.4149,0.6707,0.1434,0.1802,1.0121,2021,5,40,0.4109,0.11,11,9.333,6,0
CZ-052,collique,-11.900754,-77.032597,18287,0.6499,0.2807,0.4439,0.2744,0.4149,0.6707,0.1434,0.1802,1.0121,2021,6,41,0.3635,0.0,9,9.0,-1,0
CZ-052,collique,-11.900754,-77.032597,18287,0.6499,0.2807,0.4439,0.2744,0.4149,0.6707,0.1434,0.1802,1.0121,2021,7,42,0.5391,0.07,6,8.667,-1,0
CZ-052,collique,-11.900754,-77.032597,18287,0.6499,0.2807,0.4439,0.2744,0.4149,0.6707,0.1434,0.1802,1.0121,2021,8,43,0.4898,-0.1905,5,6.667,-6,0
CZ-052,collique,-11.900754,-77.032597,18287,0.6499,0.2807,0.4439,0.2744,0.4149,0.6707,0.1434,0.1802,1.0121,2021,9,44,0.4216,-0.22,1,4.0,-8,0
CZ-052,collique,-11.900754,-77.032597,18287,0.6499,0.2807,0.4439,0.2744,0.4149,0.6707,0.1434,0.1802,1.0121,2021,10,45,0.455,-0.1905,2,2.667,-4,0
CZ-052,collique,-11.900754,-77.032597,18287,0.6499,0.2807,0.4439,0.2744,0.4149,0.6707,0.1434,0.1802,1.0121,2021,11,46,0.4236,-0.11,6,3.0,1,0
CZ-052,collique,-11.900754,-77.032597,18287,0.6499,0.2807,0.4439,0.2744,0.4149,0.6707,0.1434,0.1802,1.0121,2021,12,47,0.4916,0.18,3,3.667,2,0
CZ-052,collique,-11.900754,-77.032597,18287,0.6499,0.2807,0.4439,0.2744,0.4149,0.6707,0.1434,0.1802,1.0121,2022,1,48,0.3947,0.11,6,5.0,4,1
CZ-052,collique,-11.900754,-77.032597,18287,0.6499,0.2807,0.4439,0.2744,0.4149,0.6707,0.1434,0.1802,1.0121,2022,2,49,0.3973,0.1905,8,5.667,2,1
CZ-052,collique,-11.900754,-77.032597,18287,0.6499,0.2807,0.4439,0.2744,0.4149,0.6707,0.1434,0.1802,1.0121,2022,3,50,0.3895,0.22,15,9.667,12,1
CZ-052,collique,-11.900754,-77.032597,18287,0.6499,0.2807,0.4439,0.2744,0.4149,0.6707,0.1434,0.1802,1.0121,2022,4,51,0.4448,0.1905,9,10.667,3,0
CZ-052,collique,-11.900754,-77.032597,18287,0.6499,0.2807,0.4439,0.2744,0.4149,0.6707,0.1434,0.1802,1.0121,2022,5,52,0.4343,0.11,9,11.0,1,0
CZ-052,collique,-11.900754,-77.032597,18287,0.6499,0.2807,0.4439,0.2744,0.4149,0.6707,0.1434,0.1802,1.0121,2022,6,53,0.4387,0.0,8,8.667,-7,1
CZ-052,collique,-11.900754,-77.032597,18287,0.6499,0.2807,0.4439,0.2744,0.4149,0.6707,0.1434,0.1802,1.0121,2022,7,54,0.5319,0.07,2,6.333,-7,0
CZ-052,collique,-11.900754,-77.032597,18287,0.6499,0.2807,0.4439,0.2744,0.4149,0.6707,0.1434,0.1802,1.0121,2022,8,55,0.4383,-0.1905,9,6.333,0,0
CZ-052,collique,-11.900754,-77.032597,18287,0.6499,0.2807,0.4439,0.2744,0.4149,0.6707,0.1434,0.1802,1.0121,2022,9,56,0.5012,-0.22,8,6.333,0,0
CZ-052,collique,-11.900754,-77.032597,18287,0.6499,0.2807,0.4439,0.2744,0.4149,0.6707,0.1434,0.1802,1.0121,2022,10,57,0.3673,-0.1905,4,7.0,2,0
CZ-052,collique,-11.900754,-77.032597,18287,0.6499,0.2807,0.4439,0.2744,0.4149,0.6707,0.1434,0.1802,1.0121,2022,11,58,0.3807,-0.11,8,6.667,-1,1
CZ-052,collique,-11.900754,-77.032597,18287,0.6499,0.2807,0.4439,0.2744,0.4149,0.6707,0.1434,0.1802,1.0121,2022,12,59,0.5106,0.18,6,6.0,-2,0
CZ-052,collique,-11.900754,-77.032597,18287,0.6499,0.2807,0.4439,0.2744,0.4149,0.6707,0.1434,0.1802,1.0121,2023,1,60,0.4681,0.11,9,7.667,5,0
CZ-052,collique,-11.900754,-77.032597,18287,0.6499,0.2807,0.4439,0.2744,0.4149,0.6707,0.1434,0.1802,1.0121,2023,2,61,0.4154,0.1905,5,6.667,-3,1
CZ-052,collique,-11.900754,-77.032597,18287,0.6499,0.2807,0.4439,0.2744,0.4149,0.6707,0.1434,0.1802,1.0121,2023,3,62,0.4058,0.22,8,7.333,2,1
CZ-052,collique,-11.900754,-77.032597,18287,0.6499,0.2807,0.4439,0.2744,0.4149,0.6707,0.1434,0.1802,1.0121,2023,4,63,0.3531,0.1905,13,8.667,4,0
CZ-052,collique,-11.900754,-77.032597,18287,0.6499,0.2807,0.4439,0.2744,0.4149,0.6707,0.1434,0.1802,1.0121,2023,5,64,0.3707,0.11,9,10.0,4,1
CZ-052,collique,-11.900754,-77.032597,18287,0.6499,0.2807,0.4439,0.2744,0.4149,0.6707,0.1434,0.1802,1.0121,2023,6,65,0.4397,0.0,5,9.0,-3,0
CZ-052,collique,-11.900754,-77.032597,18287,0.6499,0.2807,0.4439,0.2744,0.4149,0.6707,0.1434,0.1802,1.0121,2023,7,66,0.4736,0.07,12,8.667,-1,0
CZ-052,collique,-11.900754,-77.032597,18287,0.6499,0.2807,0.4439,0.2744,0.4149,0.6707,0.1434,0.1802,1.0121,2023,8,67,0.3666,-0.1905,6,7.667,-3,0
CZ-052,collique,-11.900754,-77.032597,18287,0.6499,0.2807,0.4439,0.2744,0.4149,0.6707,0.1434,0.1802,1.0121,2023,9,68,0.4319,-0.22,3,7.0,-2,1
CZ-052,collique,-11.900754,-77.032597,18287,0.6499,0.2807,0.4439,0.2744,0.4149,0.6707,0.1434,0.1802,1.0121,2023,10,69,0.3783,-0.1905,8,5.667,-4,0
CZ-052,collique,-11.900754,-77.032597,18287,0.6499,0.2807,0.4439,0.2744,0.4149,0.6707,0.1434,0.1802,1.0121,2023,11,70,0.3979,-0.11,10,7.0,4,1
CZ-052,collique,-11.900754,-77.032597,18287,0.6499,0.2807,0.4439,0.2744,0.4149,0.6707,0.1434,0.1802,1.0121,2023,12,71,0.5118,0.18,4,7.333,1,0
CZ-052,collique,-11.900754,-77.032597,18287,0.6499,0.2807,0.4439,0.2744,0.4149,0.6707,0.1434,0.1802,1.0121,2024,1,72,0.3562,0.11,10,8.0,2,1
CZ-052,collique,-11.900754,-77.032597,18287,0.6499,0.2807,0.4439,0.2744,0.4149,0.6707,0.1434,0.1802,1.0121,2024,2,73,0.4406,0.1905,6,6.667,-4,0
CZ-052,collique,-11.900754,-77.032597,18287,0.6499,0.2807,0.4439,0.2744,0.4149,0.6707,0.1434,0.1802,1.0121,2024,3,74,0.4273,0.22,9,8.333,5,1
CZ-052,collique,-11.900754,-77.032597,18287,0.6499,0.2807,0.4439,0.2744,0.4149,0.6707,0.1434,0.1802,1.0121,2024,4,75,0.4896,0.1905,6,7.0,-4,0
CZ-052,collique,-11.900754,-77.032597,18287,0.6499,0.2807,0.4439,0.2744,0.4149,0.6707,0.1434,0.1802,1.0121,2024,5,76,0.5166,0.11,12,9.0,6,0
CZ-052,collique,-11.900754,-77.032597,18287,0.6499,0.2807,0.4439,0.2744,0.4149,0.6707,0.1434,0.1802,1.0121,2024,6,77,0.3357,0.0,6,8.0,-3,0
CZ-052,collique,-11.900754,-77.032597,18287,0.6499,0.2807,0.4439,0.2744,0.4149,0.6707,0.1434,0.1802,1.0121,2024,7,78,0.5421,0.07,8,8.667,2,0
CZ-052,collique,-11.900754,-77.032597,18287,0.6499,0.2807,0.4439,0.2744,0.4149,0.6707,0.1434,0.1802,1.0121,2024,8,79,0.3743,-0.1905,8,7.333,-4,0
CZ-052,collique,-11.900754,-77.032597,18287,0.6499,0.2807,0.4439,0.2744,0.4149,0.6707,0.1434,0.1802,1.0121,2024,9,80,0.3383,-0.22,7,7.667,1,0
CZ-052,collique,-11.900754,-77.032597,18287,0.6499,0.2807,0.4439,0.2744,0.4149,0.6707,0.1434,0.1802,1.0121,2024,10,81,0.3707,-0.1905,6,7.0,-2,0
CZ-052,collique,-11.900754,-77.032597,18287,0.6499,0.2807,0.4439,0.2744,0.4149,0.6707,0.1434,0.1802,1.0121,2024,11,82,0.4856,-0.11,3,5.333,-5,0
CZ-052,collique,-11.900754,-77.032597,18287,0.6499,0.2807,0.4439,0.2744,0.4149,0.6707,0.1434,0.1802,1.0121,2024,12,83,0.533,0.18,4,4.333,-3,1
CZ-052,collique,-11.900754,-77.032597,18287,0.6499,0.2807,0.4439,0.2744,0.4149,0.6707,0.1434,0.1802,1.0121,2025,1,84,0.428,0.11,4,3.667,-2,1
CZ-052,collique,-11.900754,-77.032597,18287,0.6499,0.2807,0.4439,0.2744,0.4149,0.6707,0.1434,0.1802,1.0121,2025,2,85,0.4767,0.1905,10,6.0,7,1
CZ-052,collique,-11.900754,-77.032597,18287,0.6499,0.2807,0.4439,0.2744,0.4149,0.6707,0.1434,0.1802,1.0121,2025,3,86,0.4051,0.22,13,9.0,9,0
CZ-052,collique,-11.900754,-77.032597,18287,0.6499,0.2807,0.4439,0.2744,0.4149,0.6707,0.1434,0.1802,1.0121,2025,4,87,0.36,0.1905,11,11.333,7,0
CZ-052,collique,-11.900754,-77.032597,18287,0.6499,0.2807,0.4439,0.2744,0.4149,0.6707,0.1434,0.1802,1.0121,2025,5,88,0.4315,0.11,4,9.333,-6,0
CZ-052,collique,-11.900754,-77.032597,18287,0.6499,0.2807,0.4439,0.2744,0.4149,0.6707,0.1434,0.1802,1.0121,2025,6,89,0.3909,0.0,3,6.0,-10,0
CZ-052,collique,-11.900754,-77.032597,18287,0.6499,0.2807,0.4439,0.2744,0.4149,0.6707,0.1434,0.1802,1.0121,2025,7,90,0.5272,0.07,7,4.667,-4,0
CZ-052,collique,-11.900754,-77.032597,18287,0.6499,0.2807,0.4439,0.2744,0.4149,0.6707,0.1434,0.1802,1.0121,2025,8,91,0.4138,-0.1905,7,5.667,3,0
CZ-052,collique,-11.900754,-77.032597,18287,0.6499,0.2807,0.4439,0.2744,0.4149,0.6707,0.1434,0.1802,1.0121,2025,9,92,0.3747,-0.22,5,6.333,2,0
CZ-052,collique,-11.900754,-77.032597,18287,0.6499,0.2807,0.4439,0.2744,0.4149,0.6707,0.1434,0.1802,1.0121,2025,10,93,0.4382,-0.1905,7,6.333,0,0
CZ-052,collique,-11.900754,-77.032597,18287,0.6499,0.2807,0.4439,0.2744,0.4149,0.6707,0.1434,0.1802,1.0121,2025,11,94,0.418,-0.11,6,6.0,-1,0
CZ-053,santa_luzmila,-11.908111,-77.022645,14841,0.3325,0.1874,0.5647,0.5203,0.5158,0.711,0.217,0.5075,0.8456,2018,5,4,0.4663,0.11,7,9.0,3,0
CZ-053,santa_luzmila,-11.908111,-77.022645,14841,0.3325,0.1874,0.5647,0.5203,0.5158,0.711,0.217,0.5075,0.8456,2018,6,5,0.3559,0.0,3,7.333,-5,0
CZ-053,santa_luzmila,-11.908111,-77.022645,14841,0.3325,0.1874,0.5647,0.5203,0.5158,0.711,0.217,0.5075,0.8456,2018,7,6,0.4403,0.07,5,5.0,-7,0
CZ-053,santa_luzmila,-11.908111,-77.022645,14841,0.3325,0.1874,0.5647,0.5203,0.5158,0.711,0.217,0.5075,0.8456,2018,8,7,0.4015,-0.1905,6,4.667,-1,0
CZ-053,santa_luzmila,-11.908111,-77.022645,14841,0.3325,0.1874,0.5647,0.5203,0.5158,0.711,0.217,0.5075,0.8456,2018,9,8,0.3535,-0.22,3,4.667,0,0
CZ-053,santa_luzmila,-11.908111,-77.022645,14841,0.3325,0.1874,0.5647,0.5203,0.5158,0.711,0.217,0.5075,0.8456,2018,10,9,0.4239,-0.1905,5,4.667,0,0
CZ-053,santa_luzmila,-11.908111,-77.022645,14841,0.3325,0.1874,0.5647,0.5203,0.5158,0.711,0.217,0.5075,0.8456,2018,11,10,0.5025,-0.11,2,3.333,-4,0
CZ-053,santa_luzmila,-11.908111,-77.022645,14841,0.3325,0.1874,0.5647,0.5203,0.5158,0.711,0.217,0.5075,0.8456,2018,12,11,0.4544,0.18,6,4.333,3,0
CZ-053,santa_luzmila,-11.908111,-77.022645,14841,0.3325,0.1874,0.5647,0.5203,0.5158,0.711,0.217,0.5075,0.8456,2019,1,12,0.473,0.11,4,4.0,-1,0
CZ-053,santa_luzmila,-11.908111,-77.022645,14841,0.3325,0.1874,0.5647,0.5203,0.5158,0.711,0.217,0.5075,0.8456,2019,2,13,0.4595,0.1905,6,5.333,4,0
CZ-053,santa_luzmila,-11.908111,-77.022645,14841,0.3325,0.1874,0.5647,0.5203,0.5158,0.711,0.217,0.5075,0.8456,2019,3,14,0.4724,0.22,8,6.0,2,0
CZ-053,santa_luzmila,-11.908111,-77.022645,14841,0.3325,0.1874,0.5647,0.5203,0.5158,0.711,0.217,0.5075,0.8456,2019,4,15,0.4247,0.1905,6,6.667,2,0
CZ-053,santa_luzmila,-11.908111,-77.022645,14841,0.3325,0.1874,0.5647,0.5203,0.5158,0.711,0.217,0.5075,0.8456,2019,5,16,0.5906,0.11,6,6.667,0,0
CZ-053,santa_luzmila,-11.908111,-77.022645,14841,0.3325,0.1874,0.5647,0.5203,0.5158,0.711,0.217,0.5075,0.8456,2019,6,17,0.5034,0.0,4,5.333,-4,0
CZ-053,santa_luzmila,-11.908111,-77.022645,14841,0.3325,0.1874,0.5647,0.5203,0.5158,0.711,0.217,0.5075,0.8456,2019,7,18,0.5482,0.07,8,6.0,2,0
CZ-053,santa_luzmila,-11.908111,-77.022645,14841,0.3325,0.1874,0.5647,0.5203,0.5158,0.711,0.217,0.5075,0.8456,2019,8,19,0.4609,-0.1905,4,5.333,-2,0
CZ-053,santa_luzmila,-11.908111,-77.022645,14841,0.3325,0.1874,0.5647,0.5203,0.5158,0.711,0.217,0.5075,0.8456,2019,9,20,0.4981,-0.22,4,5.333,0,0
CZ-053,santa_luzmila,-11.908111,-77.022645,14841,0.3325,0.1874,0.5647,0.5203,0.5158,0.711,0.217,0.5075,0.8456,2019,10,21,0.5075,-0.1905,5,4.333,-3,0
CZ-053,santa_luzmila,-11.908111,-77.022645,14841,0.3325,0.1874,0.5647,0.5203,0.5158,0.711,0.217,0.5075,0.8456,2019,11,22,0.4307,-0.11,5,4.667,1,0
CZ-053,santa_luzmila,-11.908111,-77.022645,14841,0.3325,0.1874,0.5647,0.5203,0.5158,0.711,0.217,0.5075,0.8456,2019,12,23,0.4698,0.18,2,4.0,-2,0
CZ-053,santa_luzmila,-11.908111,-77.022645,14841,0.3325,0.1874,0.5647,0.5203,0.5158,0.711,0.217,0.5075,0.8456,2020,1,24,0.4128,0.11,3,3.333,-2,0
CZ-053,santa_luzmila,-11.908111,-77.022645,14841,0.3325,0.1874,0.5647,0.5203,0.5158,0.711,0.217,0.5075,0.8456,2020,2,25,0.4584,0.1905,4,3.0,-1,0
CZ-053,santa_luzmila,-11.908111,-77.022645,14841,0.3325,0.1874,0.5647,0.5203,0.5158,0.711,0.217,0.5075,0.8456,2020,3,26,0.4155,0.22,6,4.333,4,0
CZ-053,santa_luzmila,-11.908111,-77.022645,14841,0.3325,0.1874,0.5647,0.5203,0.5158,0.711,0.217,0.5075,0.8456,2020,4,27,0.4469,0.1905,4,4.667,1,0
CZ-053,santa_luzmila,-11.908111,-77.022645,14841,0.3325,0.1874,0.5647,0.5203,0.5158,0.711,0.217,0.5075,0.8456,2020,5,28,0.4341,0.11,5,5.0,1,0
CZ-053,santa_luzmila,-11.908111,-77.022645,14841,0.3325,0.1874,0.5647,0.5203,0.5158,0.711,0.217,0.5075,0.8456,2020,6,29,0.4115,0.0,4,4.333,-2,0
CZ-053,santa_luzmila,-11.908111,-77.022645,14841,0.3325,0.1874,0.5647,0.5203,0.5158,0.711,0.217,0.5075,0.8456,2020,7,30,0.5709,0.07,5,4.667,1,0
CZ-053,santa_luzmila,-11.908111,-77.022645,14841,0.3325,0.1874,0.5647,0.5203,0.5158,0.711,0.217,0.5075,0.8456,2020,8,31,0.4473,-0.1905,7,5.333,2,0
CZ-053,santa_luzmila,-11.908111,-77.022645,14841,0.3325,0.1874,0.5647,0.5203,0.5158,0.711,0.217,0.5075,0.8456,2020,9,32,0.4803,-0.22,3,5.0,-1,0
CZ-053,santa_luzmila,-11.908111,-77.022645,14841,0.3325,0.1874,0.5647,0.5203,0.5158,0.711,0.217,0.5075,0.8456,2020,10,33,0.3283,-0.1905,7,5.667,2,0
CZ-053,santa_luzmila,-11.908111,-77.022645,14841,0.3325,0.1874,0.5647,0.5203,0.5158,0.711,0.217,0.5075,0.8456,2020,11,34,0.4487,-0.11,3,4.333,-4,0
CZ-053,santa_luzmila,-11.908111,-77.022645,14841,0.3325,0.1874,0.5647,0.5203,0.5158,0.711,0.217,0.5075,0.8456,2020,12,35,0.5186,0.18,3,4.333,0,0
CZ-053,santa_luzmila,-11.908111,-77.022645,14841,0.3325,0.1874,0.5647,0.5203,0.5158,0.711,0.217,0.5075,0.8456,2021,1,36,0.4522,0.11,1,2.333,-6,0
CZ-053,santa_luzmila,-11.908111,-77.022645,14841,0.3325,0.1874,0.5647,0.5203,0.5158,0.711,0.217,0.5075,0.8456,2021,2,37,0.4436,0.1905,6,3.333,3,1
CZ-053,santa_luzmila,-11.908111,-77.022645,14841,0.3325,0.1874,0.5647,0.5203,0.5158,0.711,0.217,0.5075,0.8456,2021,3,38,0.4046,0.22,5,4.0,2,1
CZ-053,santa_luzmila,-11.908111,-77.022645,14841,0.3325,0.1874,0.5647,0.5203,0.5158,0.711,0.217,0.5075,0.8456,2021,4,39,0.4879,0.1905,10,7.0,9,1
CZ-053,santa_luzmila,-11.908111,-77.022645,14841,0.3325,0.1874,0.5647,0.5203,0.5158,0.711,0.217,0.5075,0.8456,2021,5,40,0.4748,0.11,10,8.333,4,0
CZ-053,santa_luzmila,-11.908111,-77.022645,14841,0.3325,0.1874,0.5647,0.5203,0.5158,0.711,0.217,0.5075,0.8456,2021,6,41,0.4404,0.0,10,10.0,5,1
CZ-053,santa_luzmila,-11.908111,-77.022645,14841,0.3325,0.1874,0.5647,0.5203,0.5158,0.711,0.217,0.5075,0.8456,2021,7,42,0.4375,0.07,1,7.0,-9,0
CZ-053,santa_luzmila,-11.908111,-77.022645,14841,0.3325,0.1874,0.5647,0.5203,0.5158,0.711,0.217,0.5075,0.8456,2021,8,43,0.5297,-0.1905,12,7.667,2,0
CZ-053,santa_luzmila,-11.908111,-77.022645,14841,0.3325,0.1874,0.5647,0.5203,0.5158,0.711,0.217,0.5075,0.8456,2021,9,44,0.5191,-0.22,3,5.333,-7,0
CZ-053,santa_luzmila,-11.908111,-77.022645,14841,0.3325,0.1874,0.5647,0.5203,0.5158,0.711,0.217,0.5075,0.8456,2021,10,45,0.4593,-0.1905,4,6.333,3,0
CZ-053,santa_luzmila,-11.908111,-77.022645,14841,0.3325,0.1874,0.5647,0.5203,0.5158,0.711,0.217,0.5075,0.8456,2021,11,46,0.4074,-0.11,7,4.667,-5,1
CZ-053,santa_luzmila,-11.908111,-77.022645,14841,0.3325,0.1874,0.5647,0.5203,0.5158,0.711,0.217,0.5075,0.8456,2021,12,47,0.5171,0.18,7,6.0,4,1
CZ-053,santa_luzmila,-11.908111,-77.022645,14841,0.3325,0.1874,0.5647,0.5203,0.5158,0.711,0.217,0.5075,0.8456,2022,1,48,0.5289,0.11,9,7.667,5,0
CZ-053,santa_luzmila,-11.908111,-77.022645,14841,0.3325,0.1874,0.5647,0.5203,0.5158,0.711,0.217,0.5075,0.8456,2022,2,49,0.5077,0.1905,11,9.0,4,1
CZ-053,santa_luzmila,-11.908111,-77.022645,14841,0.3325,0.1874,0.5647,0.5203,0.5158,0.711,0.217,0.5075,0.8456,2022,3,50,0.4566,0.22,6,8.667,-1,0
CZ-053,santa_luzmila,-11.908111,-77.022645,14841,0.3325,0.1874,0.5647,0.5203,0.5158,0.711,0.217,0.5075,0.8456,2022,4,51,0.4449,0.1905,9,8.667,0,0
CZ-053,santa_luzmila,-11.908111,-77.022645,14841,0.3325,0.1874,0.5647,0.5203,0.5158,0.711,0.217,0.5075,0.8456,2022,5,52,0.4524,0.11,7,7.333,-4,0
CZ-053,santa_luzmila,-11.908111,-77.022645,14841,0.3325,0.1874,0.5647,0.5203,0.5158,0.711,0.217,0.5075,0.8456,2022,6,53,0.4292,0.0,8,8.0,2,0
CZ-053,santa_luzmila,-11.908111,-77.022645,14841,0.3325,0.1874,0.5647,0.5203,0.5158,0.711,0.217,0.5075,0.8456,2022,7,54,0.478,0.07,5,6.667,-4,1
CZ-053,santa_luzmila,-11.908111,-77.022645,14841,0.3325,0.1874,0.5647,0.5203,0.5158,0.711,0.217,0.5075,0.8456,2022,8,55,0.5104,-0.1905,7,6.667,0,0
CZ-053,santa_luzmila,-11.908111,-77.022645,14841,0.3325,0.1874,0.5647,0.5203,0.5158,0.711,0.217,0.5075,0.8456,2022,9,56,0.4425,-0.22,9,7.0,1,0
CZ-053,santa_luzmila,-11.908111,-77.022645,14841,0.3325,0.1874,0.5647,0.5203,0.5158,0.711,0.217,0.5075,0.8456,2022,10,57,0.4615,-0.1905,8,8.0,3,0
CZ-053,santa_luzmila,-11.908111,-77.022645,14841,0.3325,0.1874,0.5647,0.5203,0.5158,0.711,0.217,0.5075,0.8456,2022,11,58,0.4156,-0.11,2,6.333,-5,0
CZ-053,santa_luzmila,-11.908111,-77.022645,14841,0.3325,0.1874,0.5647,0.5203,0.5158,0.711,0.217,0.5075,0.8456,2022,12,59,0.5191,0.18,6,5.333,-3,0
CZ-053,santa_luzmila,-11.908111,-77.022645,14841,0.3325,0.1874,0.5647,0.5203,0.5158,0.711,0.217,0.5075,0.8456,2023,1,60,0.4085,0.11,4,4.0,-4,0
CZ-053,santa_luzmila,-11.908111,-77.022645,14841,0.3325,0.1874,0.5647,0.5203,0.5158,0.711,0.217,0.5075,0.8456,2023,2,61,0.2756,0.1905,3,4.333,1,0
CZ-053,santa_luzmila,-11.908111,-77.022645,14841,0.3325,0.1874,0.5647,0.5203,0.5158,0.711,0.217,0.5075,0.8456,2023,3,62,0.4795,0.22,2,3.0,-4,0
CZ-053,santa_luzmila,-11.908111,-77.022645,14841,0.3325,0.1874,0.5647,0.5203,0.5158,0.711,0.217,0.5075,0.8456,2023,4,63,0.4034,0.1905,8,4.333,4,0
CZ-053,santa_luzmila,-11.908111,-77.022645,14841,0.3325,0.1874,0.5647,0.5203,0.5158,0.711,0.217,0.5075,0.8456,2023,5,64,0.4356,0.11,6,5.333,3,1
CZ-053,santa_luzmila,-11.908111,-77.022645,14841,0.3325,0.1874,0.5647,0.5203,0.5158,0.711,0.217,0.5075,0.8456,2023,6,65,0.5051,0.0,4,6.0,2,1
CZ-053,santa_luzmila,-11.908111,-77.022645,14841,0.3325,0.1874,0.5647,0.5203,0.5158,0.711,0.217,0.5075,0.8456,2023,7,66,0.5975,0.07,11,7.0,3,0
CZ-053,santa_luzmila,-11.908111,-77.022645,14841,0.3325,0.1874,0.5647,0.5203,0.5158,0.711,0.217,0.5075,0.8456,2023,8,67,0.3695,-0.1905,10,8.333,4,0
CZ-053,santa_luzmila,-11.908111,-77.022645,14841,0.3325,0.1874,0.5647,0.5203,0.5158,0.711,0.217,0.5075,0.8456,2023,9,68,0.4564,-0.22,2,7.667,-2,0
CZ-053,santa_luzmila,-11.908111,-77.022645,14841,0.3325,0.1874,0.5647,0.5203,0.5158,0.711,0.217,0.5075,0.8456,2023,10,69,0.5065,-0.1905,1,4.333,-10,0
CZ-053,santa_luzmila,-11.908111,-77.022645,14841,0.3325,0.1874,0.5647,0.5203,0.5158,0.711,0.217,0.5075,0.8456,2023,11,70,0.4518,-0.11,5,2.667,-5,0
CZ-053,santa_luzmila,-11.908111,-77.022645,14841,0.3325,0.1874,0.5647,0.5203,0.5158,0.711,0.217,0.5075,0.8456,2023,12,71,0.5379,0.18,5,3.667,3,0
CZ-053,santa_luzmila,-11.908111,-77.022645,14841,0.3325,0.1874,0.5647,0.5203,0.5158,0.711,0.217,0.5075,0.8456,2024,1,72,0.4626,0.11,7,5.667,6,1
CZ-053,santa_luzmila,-11.908111,-77.022645,14841,0.3325,0.1874,0.5647,0.5203,0.5158,0.711,0.217,0.5075,0.8456,2024,2,73,0.4356,0.1905,7,6.333,2,0
CZ-053,santa_luzmila,-11.908111,-77.022645,14841,0.3325,0.1874,0.5647,0.5203,0.5158,0.711,0.217,0.5075,0.8456,2024,3,74,0.4011,0.22,9,7.667,4,1
CZ-053,santa_luzmila,-11.908111,-77.022645,14841,0.3325,0.1874,0.5647,0.5203,0.5158,0.711,0.217,0.5075,0.8456,2024,4,75,0.4651,0.1905,8,8.0,1,0
CZ-053,santa_luzmila,-11.908111,-77.022645,14841,0.3325,0.1874,0.5647,0.5203,0.5158,0.711,0.217,0.5075,0.8456,2024,5,76,0.4185,0.11,9,8.667,2,0
CZ-053,santa_luzmila,-11.908111,-77.022645,14841,0.3325,0.1874,0.5647,0.5203,0.5158,0.711,0.217,0.5075,0.8456,2024,6,77,0.4028,0.0,3,6.667,-6,0
CZ-053,santa_luzmila,-11.908111,-77.022645,14841,0.3325,0.1874,0.5647,0.5203,0.5158,0.711,0.217,0.5075,0.8456,2024,7,78,0.5546,0.07,4,5.333,-4,1
CZ-053,santa_luzmila,-11.908111,-77.022645,14841,0.3325,0.1874,0.5647,0.5203,0.5158,0.711,0.217,0.5075,0.8456,2024,8,79,0.4487,-0.1905,3,3.333,-6,0
CZ-053,santa_luzmila,-11.908111,-77.022645,14841,0.3325,0.1874,0.5647,0.5203,0.5158,0.711,0.217,0.5075,0.8456,2024,9,80,0.5022,-0.22,11,6.0,8,0
CZ-053,santa_luzmila,-11.908111,-77.022645,14841,0.3325,0.1874,0.5647,0.5203,0.5158,0.711,0.217,0.5075,0.8456,2024,10,81,0.5622,-0.1905,5,6.333,1,0
CZ-053,santa_luzmila,-11.908111,-77.022645,14841,0.3325,0.1874,0.5647,0.5203,0.5158,0.711,0.217,0.5075,0.8456,2024,11,82,0.4675,-0.11,5,7.0,2,1
CZ-053,santa_luzmila,-11.908111,-77.022645,14841,0.3325,0.1874,0.5647,0.5203,0.5158,0.711,0.217,0.5075,0.8456,2024,12,83,0.5601,0.18,4,4.667,-7,0
CZ-053,santa_luzmila,-11.908111,-77.022645,14841,0.3325,0.1874,0.5647,0.5203,0.5158,0.711,0.217,0.5075,0.8456,2025,1,84,0.5545,0.11,11,6.667,6,0
CZ-053,santa_luzmila,-11.908111,-77.022645,14841,0.3325,0.1874,0.5647,0.5203,0.5158,0.711,0.217,0.5075,0.8456,2025,2,85,0.4233,0.1905,8,7.667,3,1
CZ-053,santa_luzmila,-11.908111,-77.022645,14841,0.3325,0.1874,0.5647,0.5203,0.5158,0.711,0.217,0.5075,0.8456,2025,3,86,0.5375,0.22,8,9.0,4,0
CZ-053,santa_luzmila,-11.908111,-77.022645,14841,0.3325,0.1874,0.5647,0.5203,0.5158,0.711,0.217,0.5075,0.8456,2025,4,87,0.5127,0.1905,10,8.667,-1,1
CZ-053,santa_luzmila,-11.908111,-77.022645,14841,0.3325,0.1874,0.5647,0.5203,0.5158,0.711,0.217,0.5075,0.8456,2025,5,88,0.4956,0.11,7,8.333,-1,0
CZ-053,santa_luzmila,-11.908111,-77.022645,14841,0.3325,0.1874,0.5647,0.5203,0.5158,0.711,0.217,0.5075,0.8456,2025,6,89,0.4061,0.0,9,8.667,1,1
CZ-053,santa_luzmila,-11.908111,-77.022645,14841,0.3325,0.1874,0.5647,0.5203,0.5158,0.711,0.217,0.5075,0.8456,2025,7,90,0.5202,0.07,8,8.0,-2,0
CZ-053,santa_luzmila,-11.908111,-77.022645,14841,0.3325,0.1874,0.5647,0.5203,0.5158,0.711,0.217,0.5075,0.8456,2025,8,91,0.4431,-0.1905,10,9.0,3,0
CZ-053,santa_luzmila,-11.908111,-77.022645,14841,0.3325,0.1874,0.5647,0.5203,0.5158,0.711,0.217,0.5075,0.8456,2025,9,92,0.4744,-0.22,3,7.0,-6,0
CZ-053,santa_luzmila,-11.908111,-77.022645,14841,0.3325,0.1874,0.5647,0.5203,0.5158,0.711,0.217,0.5075,0.8456,2025,10,93,0.3172,-0.1905,6,6.333,-2,0
CZ-053,santa_luzmila,-11.908111,-77.022645,14841,0.3325,0.1874,0.5647,0.5203,0.5158,0.711,0.217,0.5075,0.8456,2025,11,94,0.3539,-0.11,7,5.333,-3,1
CZ-054,tahuantinsuyo,-11.91104,-77.022459,14457,0.4094,0.2687,0.4666,0.2677,0.4384,0.6915,0.2172,0.4486,1.1413,2018,5,4,0.3986,0.11,1,1.667,-3,0
CZ-054,tahuantinsuyo,-11.91104,-77.022459,14457,0.4094,0.2687,0.4666,0.2677,0.4384,0.6915,0.2172,0.4486,1.1413,2018,6,5,0.403,0.0,2,1.667,0,0
CZ-054,tahuantinsuyo,-11.91104,-77.022459,14457,0.4094,0.2687,0.4666,0.2677,0.4384,0.6915,0.2172,0.4486,1.1413,2018,7,6,0.4897,0.07,4,2.333,2,0
CZ-054,tahuantinsuyo,-11.91104,-77.022459,14457,0.4094,0.2687,0.4666,0.2677,0.4384,0.6915,0.2172,0.4486,1.1413,2018,8,7,0.37,-0.1905,1,2.333,0,0
CZ-054,tahuantinsuyo,-11.91104,-77.022459,14457,0.4094,0.2687,0.4666,0.2677,0.4384,0.6915,0.2172,0.4486,1.1413,2018,9,8,0.4889,-0.22,1,2.0,-1,0
CZ-054,tahuantinsuyo,-11.91104,-77.022459,14457,0.4094,0.2687,0.4666,0.2677,0.4384,0.6915,0.2172,0.4486,1.1413,2018,10,9,0.4901,-0.1905,0,0.667,-4,0
CZ-054,tahuantinsuyo,-11.91104,-77.022459,14457,0.4094,0.2687,0.4666,0.2677,0.4384,0.6915,0.2172,0.4486,1.1413,2018,11,10,0.4282,-0.11,0,0.333,-1,0
CZ-054,tahuantinsuyo,-11.91104,-77.022459,14457,0.4094,0.2687,0.4666,0.2677,0.4384,0.6915,0.2172,0.4486,1.1413,2018,12,11,0.5139,0.18,3,1.0,2,0
CZ-054,tahuantinsuyo,-11.91104,-77.022459,14457,0.4094,0.2687,0.4666,0.2677,0.4384,0.6915,0.2172,0.4486,1.1413,2019,1,12,0.5119,0.11,8,3.667,8,0
CZ-054,tahuantinsuyo,-11.91104,-77.022459,14457,0.4094,0.2687,0.4666,0.2677,0.4384,0.6915,0.2172,0.4486,1.1413,2019,2,13,0.4772,0.1905,3,4.667,3,0
CZ-054,tahuantinsuyo,-11.91104,-77.022459,14457,0.4094,0.2687,0.4666,0.2677,0.4384,0.6915,0.2172,0.4486,1.1413,2019,3,14,0.458,0.22,3,4.667,0,0
CZ-054,tahuantinsuyo,-11.91104,-77.022459,14457,0.4094,0.2687,0.4666,0.2677,0.4384,0.6915,0.2172,0.4486,1.1413,2019,4,15,0.4359,0.1905,4,3.333,-4,0
CZ-054,tahuantinsuyo,-11.91104,-77.022459,14457,0.4094,0.2687,0.4666,0.2677,0.4384,0.6915,0.2172,0.4486,1.1413,2019,5,16,0.3969,0.11,2,3.0,-1,0
CZ-054,tahuantinsuyo,-11.91104,-77.022459,14457,0.4094,0.2687,0.4666,0.2677,0.4384,0.6915,0.2172,0.4486,1.1413,2019,6,17,0.4115,0.0,5,3.667,2,0
CZ-054,tahuantinsuyo,-11.91104,-77.022459,14457,0.4094,0.2687,0.4666,0.2677,0.4384,0.6915,0.2172,0.4486,1.1413,2019,7,18,0.4147,0.07,1,2.667,-3,0
CZ-054,tahuantinsuyo,-11.91104,-77.022459,14457,0.4094,0.2687,0.4666,0.2677,0.4384,0.6915,0.2172,0.4486,1.1413,2019,8,19,0.2683,-0.1905,1,2.333,-1,0
CZ-054,tahuantinsuyo,-11.91104,-77.022459,14457,0.4094,0.2687,0.4666,0.2677,0.4384,0.6915,0.2172,0.4486,1.1413,2019,9,20,0.4762,-0.22,4,2.0,-1,0
CZ-054,tahuantinsuyo,-11.91104,-77.022459,14457,0.4094,0.2687,0.4666,0.2677,0.4384,0.6915,0.2172,0.4486,1.1413,2019,10,21,0.4602,-0.1905,3,2.667,2,0
CZ-054,tahuantinsuyo,-11.91104,-77.022459,14457,0.4094,0.2687,0.4666,0.2677,0.4384,0.6915,0.2172,0.4486,1.1413,2019,11,22,0.433,-0.11,1,2.667,0,0
CZ-054,tahuantinsuyo,-11.91104,-77.022459,14457,0.4094,0.2687,0.4666,0.2677,0.4384,0.6915,0.2172,0.4486,1.1413,2019,12,23,0.6027,0.18,3,2.333,-1,0
CZ-054,tahuantinsuyo,-11.91104,-77.022459,14457,0.4094,0.2687,0.4666,0.2677,0.4384,0.6915,0.2172,0.4486,1.1413,2020,1,24,0.5502,0.11,5,3.0,2,0
CZ-054,tahuantinsuyo,-11.91104,-77.022459,14457,0.4094,0.2687,0.4666,0.2677,0.4384,0.6915,0.2172,0.4486,1.1413,2020,2,25,0.4638,0.1905,6,4.667,5,0
CZ-054,tahuantinsuyo,-11.91104,-77.022459,14457,0.4094,0.2687,0.4666,0.2677,0.4384,0.6915,0.2172,0.4486,1.1413,2020,3,26,0.3585,0.22,1,4.0,-2,0
CZ-054,tahuantinsuyo,-11.91104,-77.022459,14457,0.4094,0.2687,0.4666,0.2677,0.4384,0.6915,0.2172,0.4486,1.1413,2020,4,27,0.5022,0.1905,2,3.0,-3,0
CZ-054,tahuantinsuyo,-11.91104,-77.022459,14457,0.4094,0.2687,0.4666,0.2677,0.4384,0.6915,0.2172,0.4486,1.1413,2020,5,28,0.4191,0.11,2,1.667,-4,0
CZ-054,tahuantinsuyo,-11.91104,-77.022459,14457,0.4094,0.2687,0.4666,0.2677,0.4384,0.6915,0.2172,0.4486,1.1413,2020,6,29,0.4134,0.0,2,2.0,1,0
CZ-054,tahuantinsuyo,-11.91104,-77.022459,14457,0.4094,0.2687,0.4666,0.2677,0.4384,0.6915,0.2172,0.4486,1.1413,2020,7,30,0.4788,0.07,1,1.667,-1,0
CZ-054,tahuantinsuyo,-11.91104,-77.022459,14457,0.4094,0.2687,0.4666,0.2677,0.4384,0.6915,0.2172,0.4486,1.1413,2020,8,31,0.3313,-0.1905,4,2.333,2,0
CZ-054,tahuantinsuyo,-11.91104,-77.022459,14457,0.4094,0.2687,0.4666,0.2677,0.4384,0.6915,0.2172,0.4486,1.1413,2020,9,32,0.4035,-0.22,0,1.667,-2,0
CZ-054,tahuantinsuyo,-11.91104,-77.022459,14457,0.4094,0.2687,0.4666,0.2677,0.4384,0.6915,0.2172,0.4486,1.1413,2020,10,33,0.4323,-0.1905,1,1.667,0,0
CZ-054,tahuantinsuyo,-11.91104,-77.022459,14457,0.4094,0.2687,0.4666,0.2677,0.4384,0.6915,0.2172,0.4486,1.1413,2020,11,34,0.4985,-0.11,2,1.0,-2,0
CZ-054,tahuantinsuyo,-11.91104,-77.022459,14457,0.4094,0.2687,0.4666,0.2677,0.4384,0.6915,0.2172,0.4486,1.1413,2020,12,35,0.4948,0.18,2,1.667,2,0
CZ-054,tahuantinsuyo,-11.91104,-77.022459,14457,0.4094,0.2687,0.4666,0.2677,0.4384,0.6915,0.2172,0.4486,1.1413,2021,1,36,0.3906,0.11,3,2.333,2,0
CZ-054,tahuantinsuyo,-11.91104,-77.022459,14457,0.4094,0.2687,0.4666,0.2677,0.4384,0.6915,0.2172,0.4486,1.1413,2021,2,37,0.3585,0.1905,3,2.667,1,0
CZ-054,tahuantinsuyo,-11.91104,-77.022459,14457,0.4094,0.2687,0.4666,0.2677,0.4384,0.6915,0.2172,0.4486,1.1413,2021,3,38,0.3694,0.22,6,4.0,4,0
CZ-054,tahuantinsuyo,-11.91104,-77.022459,14457,0.4094,0.2687,0.4666,0.2677,0.4384,0.6915,0.2172,0.4486,1.1413,2021,4,39,0.4611,0.1905,3,4.0,0,0
CZ-054,tahuantinsuyo,-11.91104,-77.022459,14457,0.4094,0.2687,0.4666,0.2677,0.4384,0.6915,0.2172,0.4486,1.1413,2021,5,40,0.4792,0.11,4,4.333,1,0
CZ-054,tahuantinsuyo,-11.91104,-77.022459,14457,0.4094,0.2687,0.4666,0.2677,0.4384,0.6915,0.2172,0.4486,1.1413,2021,6,41,0.4551,0.0,2,3.0,-4,0
CZ-054,tahuantinsuyo,-11.91104,-77.022459,14457,0.4094,0.2687,0.4666,0.2677,0.4384,0.6915,0.2172,0.4486,1.1413,2021,7,42,0.555,0.07,2,2.667,-1,0
CZ-054,tahuantinsuyo,-11.91104,-77.022459,14457,0.4094,0.2687,0.4666,0.2677,0.4384,0.6915,0.2172,0.4486,1.1413,2021,8,43,0.4644,-0.1905,3,2.333,-1,0
CZ-054,tahuantinsuyo,-11.91104,-77.022459,14457,0.4094,0.2687,0.4666,0.2677,0.4384,0.6915,0.2172,0.4486,1.1413,2021,9,44,0.4813,-0.22,0,1.667,-2,0
CZ-054,tahuantinsuyo,-11.91104,-77.022459,14457,0.4094,0.2687,0.4666,0.2677,0.4384,0.6915,0.2172,0.4486,1.1413,2021,10,45,0.3916,-0.1905,5,2.667,3,0
CZ-054,tahuantinsuyo,-11.91104,-77.022459,14457,0.4094,0.2687,0.4666,0.2677,0.4384,0.6915,0.2172,0.4486,1.1413,2021,11,46,0.4992,-0.11,3,2.667,0,0
CZ-054,tahuantinsuyo,-11.91104,-77.022459,14457,0.4094,0.2687,0.4666,0.2677,0.4384,0.6915,0.2172,0.4486,1.1413,2021,12,47,0.4252,0.18,4,4.0,4,0
CZ-054,tahuantinsuyo,-11.91104,-77.022459,14457,0.4094,0.2687,0.4666,0.2677,0.4384,0.6915,0.2172,0.4486,1.1413,2022,1,48,0.3678,0.11,4,3.667,-1,0
CZ-054,tahuantinsuyo,-11.91104,-77.022459,14457,0.4094,0.2687,0.4666,0.2677,0.4384,0.6915,0.2172,0.4486,1.1413,2022,2,49,0.4218,0.1905,3,3.667,0,0
CZ-054,tahuantinsuyo,-11.91104,-77.022459,14457,0.4094,0.2687,0.4666,0.2677,0.4384,0.6915,0.2172,0.4486,1.1413,2022,3,50,0.3357,0.22,1,2.667,-3,0
CZ-054,tahuantinsuyo,-11.91104,-77.022459,14457,0.4094,0.2687,0.4666,0.2677,0.4384,0.6915,0.2172,0.4486,1.1413,2022,4,51,0.4276,0.1905,2,2.0,-2,0
CZ-054,tahuantinsuyo,-11.91104,-77.022459,14457,0.4094,0.2687,0.4666,0.2677,0.4384,0.6915,0.2172,0.4486,1.1413,2022,5,52,0.5042,0.11,2,1.667,-1,0
CZ-054,tahuantinsuyo,-11.91104,-77.022459,14457,0.4094,0.2687,0.4666,0.2677,0.4384,0.6915,0.2172,0.4486,1.1413,2022,6,53,0.4504,0.0,0,1.333,-1,0
CZ-054,tahuantinsuyo,-11.91104,-77.022459,14457,0.4094,0.2687,0.4666,0.2677,0.4384,0.6915,0.2172,0.4486,1.1413,2022,7,54,0.4429,0.07,4,2.0,2,0
CZ-054,tahuantinsuyo,-11.91104,-77.022459,14457,0.4094,0.2687,0.4666,0.2677,0.4384,0.6915,0.2172,0.4486,1.1413,2022,8,55,0.4546,-0.1905,6,3.333,4,0
CZ-054,tahuantinsuyo,-11.91104,-77.022459,14457,0.4094,0.2687,0.4666,0.2677,0.4384,0.6915,0.2172,0.4486,1.1413,2022,9,56,0.358,-0.22,4,4.667,4,0
CZ-054,tahuantinsuyo,-11.91104,-77.022459,14457,0.4094,0.2687,0.4666,0.2677,0.4384,0.6915,0.2172,0.4486,1.1413,2022,10,57,0.4684,-0.1905,1,3.667,-3,0
CZ-054,tahuantinsuyo,-11.91104,-77.022459,14457,0.4094,0.2687,0.4666,0.2677,0.4384,0.6915,0.2172,0.4486,1.1413,2022,11,58,0.371,-0.11,4,3.0,-2,1
CZ-054,tahuantinsuyo,-11.91104,-77.022459,14457,0.4094,0.2687,0.4666,0.2677,0.4384,0.6915,0.2172,0.4486,1.1413,2022,12,59,0.5221,0.18,1,2.0,-3,0
CZ-054,tahuantinsuyo,-11.91104,-77.022459,14457,0.4094,0.2687,0.4666,0.2677,0.4384,0.6915,0.2172,0.4486,1.1413,2023,1,60,0.4831,0.11,9,4.667,8,0
CZ-054,tahuantinsuyo,-11.91104,-77.022459,14457,0.4094,0.2687,0.4666,0.2677,0.4384,0.6915,0.2172,0.4486,1.1413,2023,2,61,0.5363,0.1905,2,4.0,-2,0
CZ-054,tahuantinsuyo,-11.91104,-77.022459,14457,0.4094,0.2687,0.4666,0.2677,0.4384,0.6915,0.2172,0.4486,1.1413,2023,3,62,0.4721,0.22,4,5.0,3,0
CZ-054,tahuantinsuyo,-11.91104,-77.022459,14457,0.4094,0.2687,0.4666,0.2677,0.4384,0.6915,0.2172,0.4486,1.1413,2023,4,63,0.5152,0.1905,6,4.0,-3,0
CZ-054,tahuantinsuyo,-11.91104,-77.022459,14457,0.4094,0.2687,0.4666,0.2677,0.4384,0.6915,0.2172,0.4486,1.1413,2023,5,64,0.4282,0.11,1,3.667,-1,0
CZ-054,tahuantinsuyo,-11.91104,-77.022459,14457,0.4094,0.2687,0.4666,0.2677,0.4384,0.6915,0.2172,0.4486,1.1413,2023,6,65,0.4111,0.0,4,3.667,0,0
CZ-054,tahuantinsuyo,-11.91104,-77.022459,14457,0.4094,0.2687,0.4666,0.2677,0.4384,0.6915,0.2172,0.4486,1.1413,2023,7,66,0.562,0.07,4,3.0,-2,0
CZ-054,tahuantinsuyo,-11.91104,-77.022459,14457,0.4094,0.2687,0.4666,0.2677,0.4384,0.6915,0.2172,0.4486,1.1413,2023,8,67,0.4196,-0.1905,5,4.333,4,0
CZ-054,tahuantinsuyo,-11.91104,-77.022459,14457,0.4094,0.2687,0.4666,0.2677,0.4384,0.6915,0.2172,0.4486,1.1413,2023,9,68,0.3869,-0.22,0,3.0,-4,0
CZ-054,tahuantinsuyo,-11.91104,-77.022459,14457,0.4094,0.2687,0.4666,0.2677,0.4384,0.6915,0.2172,0.4486,1.1413,2023,10,69,0.4721,-0.1905,4,3.0,0,0
CZ-054,tahuantinsuyo,-11.91104,-77.022459,14457,0.4094,0.2687,0.4666,0.2677,0.4384,0.6915,0.2172,0.4486,1.1413,2023,11,70,0.5187,-0.11,3,2.333,-2,0
CZ-054,tahuantinsuyo,-11.91104,-77.022459,14457,0.4094,0.2687,0.4666,0.2677,0.4384,0.6915,0.2172,0.4486,1.1413,2023,12,71,0.584,0.18,4,3.667,4,0
CZ-054,tahuantinsuyo,-11.91104,-77.022459,14457,0.4094,0.2687,0.4666,0.2677,0.4384,0.6915,0.2172,0.4486,1.1413,2024,1,72,0.4105,0.11,7,4.667,3,0
CZ-054,tahuantinsuyo,-11.91104,-77.022459,14457,0.4094,0.2687,0.4666,0.2677,0.4384,0.6915,0.2172,0.4486,1.1413,2024,2,73,0.439,0.1905,4,5.0,1,0
CZ-054,tahuantinsuyo,-11.91104,-77.022459,14457,0.4094,0.2687,0.4666,0.2677,0.4384,0.6915,0.2172,0.4486,1.1413,2024,3,74,0.488,0.22,4,5.0,0,0
CZ-054,tahuantinsuyo,-11.91104,-77.022459,14457,0.4094,0.2687,0.4666,0.2677,0.4384,0.6915,0.2172,0.4486,1.1413,2024,4,75,0.4172,0.1905,4,4.0,-3,0
CZ-054,tahuantinsuyo,-11.91104,-77.022459,14457,0.4094,0.2687,0.4666,0.2677,0.4384,0.6915,0.2172,0.4486,1.1413,2024,5,76,0.4999,0.11,4,4.0,0,0
CZ-054,tahuantinsuyo,-11.91104,-77.022459,14457,0.4094,0.2687,0.4666,0.2677,0.4384,0.6915,0.2172,0.4486,1.1413,2024,6,77,0.5316,0.0,2,3.333,-2,0
CZ-054,tahuantinsuyo,-11.91104,-77.022459,14457,0.4094,0.2687,0.4666,0.2677,0.4384,0.6915,0.2172,0.4486,1.1413,2024,7,78,0.5404,0.07,2,2.667,-2,0
CZ-054,tahuantinsuyo,-11.91104,-77.022459,14457,0.4094,0.2687,0.4666,0.2677,0.4384,0.6915,0.2172,0.4486,1.1413,2024,8,79,0.3873,-0.1905,2,2.0,-2,0
CZ-054,tahuantinsuyo,-11.91104,-77.022459,14457,0.4094,0.2687,0.4666,0.2677,0.4384,0.6915,0.2172,0.4486,1.1413,2024,9,80,0.4059,-0.22,2,2.0,0,0
CZ-054,tahuantinsuyo,-11.91104,-77.022459,14457,0.4094,0.2687,0.4666,0.2677,0.4384,0.6915,0.2172,0.4486,1.1413,2024,10,81,0.4036,-0.1905,5,3.0,3,0
CZ-054,tahuantinsuyo,-11.91104,-77.022459,14457,0.4094,0.2687,0.4666,0.2677,0.4384,0.6915,0.2172,0.4486,1.1413,2024,11,82,0.408,-0.11,4,3.667,2,0
CZ-054,tahuantinsuyo,-11.91104,-77.022459,14457,0.4094,0.2687,0.4666,0.2677,0.4384,0.6915,0.2172,0.4486,1.1413,2024,12,83,0.5524,0.18,4,4.333,2,0
CZ-054,tahuantinsuyo,-11.91104,-77.022459,14457,0.4094,0.2687,0.4666,0.2677,0.4384,0.6915,0.2172,0.4486,1.1413,2025,1,84,0.508,0.11,6,4.667,1,0
CZ-054,tahuantinsuyo,-11.91104,-77.022459,14457,0.4094,0.2687,0.4666,0.2677,0.4384,0.6915,0.2172,0.4486,1.1413,2025,2,85,0.378,0.1905,5,5.0,1,0
CZ-054,tahuantinsuyo,-11.91104,-77.022459,14457,0.4094,0.2687,0.4666,0.2677,0.4384,0.6915,0.2172,0.4486,1.1413,2025,3,86,0.3894,0.22,3,4.667,-1,0
CZ-054,tahuantinsuyo,-11.91104,-77.022459,14457,0.4094,0.2687,0.4666,0.2677,0.4384,0.6915,0.2172,0.4486,1.1413,2025,4,87,0.3922,0.1905,4,4.0,-2,0
CZ-054,tahuantinsuyo,-11.91104,-77.022459,14457,0.4094,0.2687,0.4666,0.2677,0.4384,0.6915,0.2172,0.4486,1.1413,2025,5,88,0.4436,0.11,4,3.667,-1,0
CZ-054,tahuantinsuyo,-11.91104,-77.022459,14457,0.4094,0.2687,0.4666,0.2677,0.4384,0.6915,0.2172,0.4486,1.1413,2025,6,89,0.3985,0.0,2,3.333,-1,0
CZ-054,tahuantinsuyo,-11.91104,-77.022459,14457,0.4094,0.2687,0.4666,0.2677,0.4384,0.6915,0.2172,0.4486,1.1413,2025,7,90,0.5511,0.07,4,3.333,0,0
CZ-054,tahuantinsuyo,-11.91104,-77.022459,14457,0.4094,0.2687,0.4666,0.2677,0.4384,0.6915,0.2172,0.4486,1.1413,2025,8,91,0.389,-0.1905,5,3.667,1,0
CZ-054,tahuantinsuyo,-11.91104,-77.022459,14457,0.4094,0.2687,0.4666,0.2677,0.4384,0.6915,0.2172,0.4486,1.1413,2025,9,92,0.4364,-0.22,3,4.0,1,0
CZ-054,tahuantinsuyo,-11.91104,-77.022459,14457,0.4094,0.2687,0.4666,0.2677,0.4384,0.6915,0.2172,0.4486,1.1413,2025,10,93,0.4935,-0.1905,6,4.667,2,0
CZ-054,tahuantinsuyo,-11.91104,-77.022459,14457,0.4094,0.2687,0.4666,0.2677,0.4384,0.6915,0.2172,0.4486,1.1413,2025,11,94,0.4667,-0.11,4,4.333,-1,0
CZ-055,tahuantinsuyo,-11.932593,-77.04868,17165,0.4326,0.2341,0.63,0.4171,0.4384,0.8246,0.2322,0.4355,0.7152,2018,5,4,0.497,0.11,1,2.667,-4,0
CZ-055,tahuantinsuyo,-11.932593,-77.04868,17165,0.4326,0.2341,0.63,0.4171,0.4384,0.8246,0.2322,0.4355,0.7152,2018,6,5,0.4969,0.0,1,2.0,-2,0
CZ-055,tahuantinsuyo,-11.932593,-77.04868,17165,0.4326,0.2341,0.63,0.4171,0.4384,0.8246,0.2322,0.4355,0.7152,2018,7,6,0.5503,0.07,3,1.667,-1,0
CZ-055,tahuantinsuyo,-11.932593,-77.04868,17165,0.4326,0.2341,0.63,0.4171,0.4384,0.8246,0.2322,0.4355,0.7152,2018,8,7,0.4442,-0.1905,4,2.667,3,0
CZ-055,tahuantinsuyo,-11.932593,-77.04868,17165,0.4326,0.2341,0.63,0.4171,0.4384,0.8246,0.2322,0.4355,0.7152,2018,9,8,0.4928,-0.22,2,3.0,1,0
CZ-055,tahuantinsuyo,-11.932593,-77.04868,17165,0.4326,0.2341,0.63,0.4171,0.4384,0.8246,0.2322,0.4355,0.7152,2018,10,9,0.5465,-0.1905,2,2.667,-1,0
CZ-055,tahuantinsuyo,-11.932593,-77.04868,17165,0.4326,0.2341,0.63,0.4171,0.4384,0.8246,0.2322,0.4355,0.7152,2018,11,10,0.4323,-0.11,3,2.333,-1,0
CZ-055,tahuantinsuyo,-11.932593,-77.04868,17165,0.4326,0.2341,0.63,0.4171,0.4384,0.8246,0.2322,0.4355,0.7152,2018,12,11,0.5964,0.18,1,2.0,-1,0
CZ-055,tahuantinsuyo,-11.932593,-77.04868,17165,0.4326,0.2341,0.63,0.4171,0.4384,0.8246,0.2322,0.4355,0.7152,2019,1,12,0.5087,0.11,6,3.333,4,0
CZ-055,tahuantinsuyo,-11.932593,-77.04868,17165,0.4326,0.2341,0.63,0.4171,0.4384,0.8246,0.2322,0.4355,0.7152,2019,2,13,0.4834,0.1905,3,3.333,0,0
CZ-055,tahuantinsuyo,-11.932593,-77.04868,17165,0.4326,0.2341,0.63,0.4171,0.4384,0.8246,0.2322,0.4355,0.7152,2019,3,14,0.4886,0.22,1,3.333,0,0
CZ-055,tahuantinsuyo,-11.932593,-77.04868,17165,0.4326,0.2341,0.63,0.4171,0.4384,0.8246,0.2322,0.4355,0.7152,2019,4,15,0.4514,0.1905,2,2.0,-4,0
CZ-055,tahuantinsuyo,-11.932593,-77.04868,17165,0.4326,0.2341,0.63,0.4171,0.4384,0.8246,0.2322,0.4355,0.7152,2019,5,16,0.5096,0.11,1,1.333,-2,0
CZ-055,tahuantinsuyo,-11.932593,-77.04868,17165,0.4326,0.2341,0.63,0.4171,0.4384,0.8246,0.2322,0.4355,0.7152,2019,6,17,0.4882,0.0,2,1.667,1,0
CZ-055,tahuantinsuyo,-11.932593,-77.04868,17165,0.4326,0.2341,0.63,0.4171,0.4384,0.8246,0.2322,0.4355,0.7152,2019,7,18,0.4819,0.07,3,2.0,1,0
CZ-055,tahuantinsuyo,-11.932593,-77.04868,17165,0.4326,0.2341,0.63,0.4171,0.4384,0.8246,0.2322,0.4355,0.7152,2019,8,19,0.5468,-0.1905,3,2.667,2,0
CZ-055,tahuantinsuyo,-11.932593,-77.04868,17165,0.4326,0.2341,0.63,0.4171,0.4384,0.8246,0.2322,0.4355,0.7152,2019,9,20,0.4795,-0.22,1,2.333,-1,0
CZ-055,tahuantinsuyo,-11.932593,-77.04868,17165,0.4326,0.2341,0.63,0.4171,0.4384,0.8246,0.2322,0.4355,0.7152,2019,10,21,0.4945,-0.1905,5,3.0,2,0
CZ-055,tahuantinsuyo,-11.932593,-77.04868,17165,0.4326,0.2341,0.63,0.4171,0.4384,0.8246,0.2322,0.4355,0.7152,2019,11,22,0.4087,-0.11,1,2.333,-2,0
CZ-055,tahuantinsuyo,-11.932593,-77.04868,17165,0.4326,0.2341,0.63,0.4171,0.4384,0.8246,0.2322,0.4355,0.7152,2019,12,23,0.4676,0.18,2,2.667,1,0
CZ-055,tahuantinsuyo,-11.932593,-77.04868,17165,0.4326,0.2341,0.63,0.4171,0.4384,0.8246,0.2322,0.4355,0.7152,2020,1,24,0.4843,0.11,7,3.333,2,0
CZ-055,tahuantinsuyo,-11.932593,-77.04868,17165,0.4326,0.2341,0.63,0.4171,0.4384,0.8246,0.2322,0.4355,0.7152,2020,2,25,0.411,0.1905,6,5.0,5,0
CZ-055,tahuantinsuyo,-11.932593,-77.04868,17165,0.4326,0.2341,0.63,0.4171,0.4384,0.8246,0.2322,0.4355,0.7152,2020,3,26,0.41,0.22,4,5.667,2,0
CZ-055,tahuantinsuyo,-11.932593,-77.04868,17165,0.4326,0.2341,0.63,0.4171,0.4384,0.8246,0.2322,0.4355,0.7152,2020,4,27,0.4761,0.1905,4,4.667,-3,0
CZ-055,tahuantinsuyo,-11.932593,-77.04868,17165,0.4326,0.2341,0.63,0.4171,0.4384,0.8246,0.2322,0.4355,0.7152,2020,5,28,0.4915,0.11,1,3.0,-5,0
CZ-055,tahuantinsuyo,-11.932593,-77.04868,17165,0.4326,0.2341,0.63,0.4171,0.4384,0.8246,0.2322,0.4355,0.7152,2020,6,29,0.4733,0.0,1,2.0,-3,0
CZ-055,tahuantinsuyo,-11.932593,-77.04868,17165,0.4326,0.2341,0.63,0.4171,0.4384,0.8246,0.2322,0.4355,0.7152,2020,7,30,0.6128,0.07,5,2.333,1,0
CZ-055,tahuantinsuyo,-11.932593,-77.04868,17165,0.4326,0.2341,0.63,0.4171,0.4384,0.8246,0.2322,0.4355,0.7152,2020,8,31,0.3166,-0.1905,5,3.667,4,0
CZ-055,tahuantinsuyo,-11.932593,-77.04868,17165,0.4326,0.2341,0.63,0.4171,0.4384,0.8246,0.2322,0.4355,0.7152,2020,9,32,0.4736,-0.22,1,3.667,0,0
CZ-055,tahuantinsuyo,-11.932593,-77.04868,17165,0.4326,0.2341,0.63,0.4171,0.4384,0.8246,0.2322,0.4355,0.7152,2020,10,33,0.4957,-0.1905,3,3.0,-2,0
CZ-055,tahuantinsuyo,-11.932593,-77.04868,17165,0.4326,0.2341,0.63,0.4171,0.4384,0.8246,0.2322,0.4355,0.7152,2020,11,34,0.4228,-0.11,8,4.0,3,0
CZ-055,tahuantinsuyo,-11.932593,-77.04868,17165,0.4326,0.2341,0.63,0.4171,0.4384,0.8246,0.2322,0.4355,0.7152,2020,12,35,0.4676,0.18,2,4.333,1,0
CZ-055,tahuantinsuyo,-11.932593,-77.04868,17165,0.4326,0.2341,0.63,0.4171,0.4384,0.8246,0.2322,0.4355,0.7152,2021,1,36,0.4578,0.11,2,4.0,-1,0
CZ-055,tahuantinsuyo,-11.932593,-77.04868,17165,0.4326,0.2341,0.63,0.4171,0.4384,0.8246,0.2322,0.4355,0.7152,2021,2,37,0.5214,0.1905,3,2.333,-5,0
CZ-055,tahuantinsuyo,-11.932593,-77.04868,17165,0.4326,0.2341,0.63,0.4171,0.4384,0.8246,0.2322,0.4355,0.7152,2021,3,38,0.4928,0.22,5,3.333,3,0
CZ-055,tahuantinsuyo,-11.932593,-77.04868,17165,0.4326,0.2341,0.63,0.4171,0.4384,0.8246,0.2322,0.4355,0.7152,2021,4,39,0.4612,0.1905,7,5.0,5,0
CZ-055,tahuantinsuyo,-11.932593,-77.04868,17165,0.4326,0.2341,0.63,0.4171,0.4384,0.8246,0.2322,0.4355,0.7152,2021,5,40,0.3827,0.11,5,5.667,2,0
CZ-055,tahuantinsuyo,-11.932593,-77.04868,17165,0.4326,0.2341,0.63,0.4171,0.4384,0.8246,0.2322,0.4355,0.7152,2021,6,41,0.5949,0.0,2,4.667,-3,0
CZ-055,tahuantinsuyo,-11.932593,-77.04868,17165,0.4326,0.2341,0.63,0.4171,0.4384,0.8246,0.2322,0.4355,0.7152,2021,7,42,0.5829,0.07,4,3.667,-3,0
CZ-055,tahuantinsuyo,-11.932593,-77.04868,17165,0.4326,0.2341,0.63,0.4171,0.4384,0.8246,0.2322,0.4355,0.7152,2021,8,43,0.5014,-0.1905,7,4.333,2,0
CZ-055,tahuantinsuyo,-11.932593,-77.04868,17165,0.4326,0.2341,0.63,0.4171,0.4384,0.8246,0.2322,0.4355,0.7152,2021,9,44,0.5517,-0.22,5,5.333,3,0
CZ-055,tahuantinsuyo,-11.932593,-77.04868,17165,0.4326,0.2341,0.63,0.4171,0.4384,0.8246,0.2322,0.4355,0.7152,2021,10,45,0.4957,-0.1905,4,5.333,0,0
CZ-055,tahuantinsuyo,-11.932593,-77.04868,17165,0.4326,0.2341,0.63,0.4171,0.4384,0.8246,0.2322,0.4355,0.7152,2021,11,46,0.4537,-0.11,1,3.333,-6,0
CZ-055,tahuantinsuyo,-11.932593,-77.04868,17165,0.4326,0.2341,0.63,0.4171,0.4384,0.8246,0.2322,0.4355,0.7152,2021,12,47,0.5749,0.18,4,3.0,-1,0
CZ-055,tahuantinsuyo,-11.932593,-77.04868,17165,0.4326,0.2341,0.63,0.4171,0.4384,0.8246,0.2322,0.4355,0.7152,2022,1,48,0.5716,0.11,4,3.0,0,0
CZ-055,tahuantinsuyo,-11.932593,-77.04868,17165,0.4326,0.2341,0.63,0.4171,0.4384,0.8246,0.2322,0.4355,0.7152,2022,2,49,0.4332,0.1905,6,4.667,5,0
CZ-055,tahuantinsuyo,-11.932593,-77.04868,17165,0.4326,0.2341,0.63,0.4171,0.4384,0.8246,0.2322,0.4355,0.7152,2022,3,50,0.3834,0.22,7,5.667,3,0
CZ-055,tahuantinsuyo,-11.932593,-77.04868,17165,0.4326,0.2341,0.63,0.4171,0.4384,0.8246,0.2322,0.4355,0.7152,2022,4,51,0.5446,0.1905,5,6.0,1,0
CZ-055,tahuantinsuyo,-11.932593,-77.04868,17165,0.4326,0.2341,0.63,0.4171,0.4384,0.8246,0.2322,0.4355,0.7152,2022,5,52,0.4452,0.11,4,5.333,-2,0
CZ-055,tahuantinsuyo,-11.932593,-77.04868,17165,0.4326,0.2341,0.63,0.4171,0.4384,0.8246,0.2322,0.4355,0.7152,2022,6,53,0.4546,0.0,3,4.0,-4,0
CZ-055,tahuantinsuyo,-11.932593,-77.04868,17165,0.4326,0.2341,0.63,0.4171,0.4384,0.8246,0.2322,0.4355,0.7152,2022,7,54,0.5579,0.07,5,4.0,0,0
CZ-055,tahuantinsuyo,-11.932593,-77.04868,17165,0.4326,0.2341,0.63,0.4171,0.4384,0.8246,0.2322,0.4355,0.7152,2022,8,55,0.5157,-0.1905,2,3.333,-2,0
CZ-055,tahuantinsuyo,-11.932593,-77.04868,17165,0.4326,0.2341,0.63,0.4171,0.4384,0.8246,0.2322,0.4355,0.7152,2022,9,56,0.4538,-0.22,8,5.0,5,0
CZ-055,tahuantinsuyo,-11.932593,-77.04868,17165,0.4326,0.2341,0.63,0.4171,0.4384,0.8246,0.2322,0.4355,0.7152,2022,10,57,0.4583,-0.1905,1,3.667,-4,0
CZ-055,tahuantinsuyo,-11.932593,-77.04868,17165,0.4326,0.2341,0.63,0.4171,0.4384,0.8246,0.2322,0.4355,0.7152,2022,11,58,0.3438,-0.11,1,3.333,-1,0
CZ-055,tahuantinsuyo,-11.932593,-77.04868,17165,0.4326,0.2341,0.63,0.4171,0.4384,0.8246,0.2322,0.4355,0.7152,2022,12,59,0.5632,0.18,2,1.333,-6,0
CZ-055,tahuantinsuyo,-11.932593,-77.04868,17165,0.4326,0.2341,0.63,0.4171,0.4384,0.8246,0.2322,0.4355,0.7152,2023,1,60,0.4919,0.11,5,2.667,4,0
CZ-055,tahuantinsuyo,-11.932593,-77.04868,17165,0.4326,0.2341,0.63,0.4171,0.4384,0.8246,0.2322,0.4355,0.7152,2023,2,61,0.4846,0.1905,3,3.333,2,0
CZ-055,tahuantinsuyo,-11.932593,-77.04868,17165,0.4326,0.2341,0.63,0.4171,0.4384,0.8246,0.2322,0.4355,0.7152,2023,3,62,0.4669,0.22,7,5.0,5,0
CZ-055,tahuantinsuyo,-11.932593,-77.04868,17165,0.4326,0.2341,0.63,0.4171,0.4384,0.8246,0.2322,0.4355,0.7152,2023,4,63,0.47,0.1905,7,5.667,2,0
CZ-055,tahuantinsuyo,-11.932593,-77.04868,17165,0.4326,0.2341,0.63,0.4171,0.4384,0.8246,0.2322,0.4355,0.7152,2023,5,64,0.4722,0.11,3,5.667,0,0
CZ-055,tahuantinsuyo,-11.932593,-77.04868,17165,0.4326,0.2341,0.63,0.4171,0.4384,0.8246,0.2322,0.4355,0.7152,2023,6,65,0.4572,0.0,2,4.0,-5,0
CZ-055,tahuantinsuyo,-11.932593,-77.04868,17165,0.4326,0.2341,0.63,0.4171,0.4384,0.8246,0.2322,0.4355,0.7152,2023,7,66,0.5733,0.07,6,3.667,-1,0
CZ-055,tahuantinsuyo,-11.932593,-77.04868,17165,0.4326,0.2341,0.63,0.4171,0.4384,0.8246,0.2322,0.4355,0.7152,2023,8,67,0.43,-0.1905,5,4.333,2,0
CZ-055,tahuantinsuyo,-11.932593,-77.04868,17165,0.4326,0.2341,0.63,0.4171,0.4384,0.8246,0.2322,0.4355,0.7152,2023,9,68,0.4601,-0.22,3,4.667,1,0
CZ-055,tahuantinsuyo,-11.932593,-77.04868,17165,0.4326,0.2341,0.63,0.4171,0.4384,0.8246,0.2322,0.4355,0.7152,2023,10,69,0.4354,-0.1905,0,2.667,-6,0
CZ-055,tahuantinsuyo,-11.932593,-77.04868,17165,0.4326,0.2341,0.63,0.4171,0.4384,0.8246,0.2322,0.4355,0.7152,2023,11,70,0.5435,-0.11,0,1.0,-5,0
CZ-055,tahuantinsuyo,-11.932593,-77.04868,17165,0.4326,0.2341,0.63,0.4171,0.4384,0.8246,0.2322,0.4355,0.7152,2023,12,71,0.5481,0.18,4,1.333,1,0
CZ-055,tahuantinsuyo,-11.932593,-77.04868,17165,0.4326,0.2341,0.63,0.4171,0.4384,0.8246,0.2322,0.4355,0.7152,2024,1,72,0.4518,0.11,5,3.0,5,0
CZ-055,tahuantinsuyo,-11.932593,-77.04868,17165,0.4326,0.2341,0.63,0.4171,0.4384,0.8246,0.2322,0.4355,0.7152,2024,2,73,0.5714,0.1905,1,3.333,1,0
CZ-055,tahuantinsuyo,-11.932593,-77.04868,17165,0.4326,0.2341,0.63,0.4171,0.4384,0.8246,0.2322,0.4355,0.7152,2024,3,74,0.4757,0.22,5,3.667,1,0
CZ-055,tahuantinsuyo,-11.932593,-77.04868,17165,0.4326,0.2341,0.63,0.4171,0.4384,0.8246,0.2322,0.4355,0.7152,2024,4,75,0.4911,0.1905,5,3.667,0,0
CZ-055,tahuantinsuyo,-11.932593,-77.04868,17165,0.4326,0.2341,0.63,0.4171,0.4384,0.8246,0.2322,0.4355,0.7152,2024,5,76,0.3778,0.11,2,4.0,1,0
CZ-055,tahuantinsuyo,-11.932593,-77.04868,17165,0.4326,0.2341,0.63,0.4171,0.4384,0.8246,0.2322,0.4355,0.7152,2024,6,77,0.4971,0.0,3,3.333,-2,0
CZ-055,tahuantinsuyo,-11.932593,-77.04868,17165,0.4326,0.2341,0.63,0.4171,0.4384,0.8246,0.2322,0.4355,0.7152,2024,7,78,0.6163,0.07,8,4.333,3,0
CZ-055,tahuantinsuyo,-11.932593,-77.04868,17165,0.4326,0.2341,0.63,0.4171,0.4384,0.8246,0.2322,0.4355,0.7152,2024,8,79,0.4719,-0.1905,4,5.0,2,0
CZ-055,tahuantinsuyo,-11.932593,-77.04868,17165,0.4326,0.2341,0.63,0.4171,0.4384,0.8246,0.2322,0.4355,0.7152,2024,9,80,0.4669,-0.22,3,5.0,0,0
CZ-055,tahuantinsuyo,-11.932593,-77.04868,17165,0.4326,0.2341,0.63,0.4171,0.4384,0.8246,0.2322,0.4355,0.7152,2024,10,81,0.4507,-0.1905,1,2.667,-7,0
CZ-055,tahuantinsuyo,-11.932593,-77.04868,17165,0.4326,0.2341,0.63,0.4171,0.4384,0.8246,0.2322,0.4355,0.7152,2024,11,82,0.413,-0.11,4,2.667,0,0
CZ-055,tahuantinsuyo,-11.932593,-77.04868,17165,0.4326,0.2341,0.63,0.4171,0.4384,0.8246,0.2322,0.4355,0.7152,2024,12,83,0.5953,0.18,8,4.333,5,0
CZ-055,tahuantinsuyo,-11.932593,-77.04868,17165,0.4326,0.2341,0.63,0.4171,0.4384,0.8246,0.2322,0.4355,0.7152,2025,1,84,0.5009,0.11,2,4.667,1,0
CZ-055,tahuantinsuyo,-11.932593,-77.04868,17165,0.4326,0.2341,0.63,0.4171,0.4384,0.8246,0.2322,0.4355,0.7152,2025,2,85,0.5535,0.1905,1,3.667,-3,0
CZ-055,tahuantinsuyo,-11.932593,-77.04868,17165,0.4326,0.2341,0.63,0.4171,0.4384,0.8246,0.2322,0.4355,0.7152,2025,3,86,0.3794,0.22,4,2.333,-4,1
CZ-055,tahuantinsuyo,-11.932593,-77.04868,17165,0.4326,0.2341,0.63,0.4171,0.4384,0.8246,0.2322,0.4355,0.7152,2025,4,87,0.4023,0.1905,6,3.667,4,0
CZ-055,tahuantinsuyo,-11.932593,-77.04868,17165,0.4326,0.2341,0.63,0.4171,0.4384,0.8246,0.2322,0.4355,0.7152,2025,5,88,0.4971,0.11,9,6.333,8,0
CZ-055,tahuantinsuyo,-11.932593,-77.04868,17165,0.4326,0.2341,0.63,0.4171,0.4384,0.8246,0.2322,0.4355,0.7152,2025,6,89,0.4736,0.0,6,7.0,2,0
CZ-055,tahuantinsuyo,-11.932593,-77.04868,17165,0.4326,0.2341,0.63,0.4171,0.4384,0.8246,0.2322,0.4355,0.7152,2025,7,90,0.6296,0.07,1,5.333,-5,0
CZ-055,tahuantinsuyo,-11.932593,-77.04868,17165,0.4326,0.2341,0.63,0.4171,0.4384,0.8246,0.2322,0.4355,0.7152,2025,8,91,0.4023,-0.1905,7,4.667,-2,0
CZ-055,tahuantinsuyo,-11.932593,-77.04868,17165,0.4326,0.2341,0.63,0.4171,0.4384,0.8246,0.2322,0.4355,0.7152,2025,9,92,0.4412,-0.22,5,4.333,-1,0
CZ-055,tahuantinsuyo,-11.932593,-77.04868,17165,0.4326,0.2341,0.63,0.4171,0.4384,0.8246,0.2322,0.4355,0.7152,2025,10,93,0.4892,-0.1905,4,5.333,3,0
CZ-055,tahuantinsuyo,-11.932593,-77.04868,17165,0.4326,0.2341,0.63,0.4171,0.4384,0.8246,0.2322,0.4355,0.7152,2025,11,94,0.4427,-0.11,7,5.333,0,0
CZ-056,santa_luzmila,-11.917952,-77.062885,17442,0.5103,0.2483,0.7283,0.8142,0.6542,0.6028,0.3103,0.284,0.377,2018,5,4,0.5569,0.11,7,4.667,-1,0
CZ-056,santa_luzmila,-11.917952,-77.062885,17442,0.5103,0.2483,0.7283,0.8142,0.6542,0.6028,0.3103,0.284,0.377,2018,6,5,0.4734,0.0,6,5.667,3,1
CZ-056,santa_luzmila,-11.917952,-77.062885,17442,0.5103,0.2483,0.7283,0.8142,0.6542,0.6028,0.3103,0.284,0.377,2018,7,6,0.5193,0.07,8,7.0,4,0
CZ-056,santa_luzmila,-11.917952,-77.062885,17442,0.5103,0.2483,0.7283,0.8142,0.6542,0.6028,0.3103,0.284,0.377,2018,8,7,0.4824,-0.1905,9,7.667,2,0
CZ-056,santa_luzmila,-11.917952,-77.062885,17442,0.5103,0.2483,0.7283,0.8142,0.6542,0.6028,0.3103,0.284,0.377,2018,9,8,0.4637,-0.22,4,7.0,-2,0
CZ-056,santa_luzmila,-11.917952,-77.062885,17442,0.5103,0.2483,0.7283,0.8142,0.6542,0.6028,0.3103,0.284,0.377,2018,10,9,0.6122,-0.1905,2,5.0,-6,1
CZ-056,santa_luzmila,-11.917952,-77.062885,17442,0.5103,0.2483,0.7283,0.8142,0.6542,0.6028,0.3103,0.284,0.377,2018,11,10,0.4292,-0.11,4,3.333,-5,0
CZ-056,santa_luzmila,-11.917952,-77.062885,17442,0.5103,0.2483,0.7283,0.8142,0.6542,0.6028,0.3103,0.284,0.377,2018,12,11,0.5316,0.18,9,5.0,5,0
CZ-056,santa_luzmila,-11.917952,-77.062885,17442,0.5103,0.2483,0.7283,0.8142,0.6542,0.6028,0.3103,0.284,0.377,2019,1,12,0.5072,0.11,5,6.0,3,1
CZ-056,santa_luzmila,-11.917952,-77.062885,17442,0.5103,0.2483,0.7283,0.8142,0.6542,0.6028,0.3103,0.284,0.377,2019,2,13,0.5498,0.1905,5,6.333,1,0
CZ-056,santa_luzmila,-11.917952,-77.062885,17442,0.5103,0.2483,0.7283,0.8142,0.6542,0.6028,0.3103,0.284,0.377,2019,3,14,0.5057,0.22,13,7.667,4,1
CZ-056,santa_luzmila,-11.917952,-77.062885,17442,0.5103,0.2483,0.7283,0.8142,0.6542,0.6028,0.3103,0.284,0.377,2019,4,15,0.4373,0.1905,4,7.333,-1,1
CZ-056,santa_luzmila,-11.917952,-77.062885,17442,0.5103,0.2483,0.7283,0.8142,0.6542,0.6028,0.3103,0.284,0.377,2019,5,16,0.5142,0.11,12,9.667,7,0
CZ-056,santa_luzmila,-11.917952,-77.062885,17442,0.5103,0.2483,0.7283,0.8142,0.6542,0.6028,0.3103,0.284,0.377,2019,6,17,0.4267,0.0,9,8.333,-4,0
CZ-056,santa_luzmila,-11.917952,-77.062885,17442,0.5103,0.2483,0.7283,0.8142,0.6542,0.6028,0.3103,0.284,0.377,2019,7,18,0.5575,0.07,5,8.667,1,0
CZ-056,santa_luzmila,-11.917952,-77.062885,17442,0.5103,0.2483,0.7283,0.8142,0.6542,0.6028,0.3103,0.284,0.377,2019,8,19,0.4975,-0.1905,6,6.667,-6,0
CZ-056,santa_luzmila,-11.917952,-77.062885,17442,0.5103,0.2483,0.7283,0.8142,0.6542,0.6028,0.3103,0.284,0.377,2019,9,20,0.5186,-0.22,8,6.333,-1,1
CZ-056,santa_luzmila,-11.917952,-77.062885,17442,0.5103,0.2483,0.7283,0.8142,0.6542,0.6028,0.3103,0.284,0.377,2019,10,21,0.4787,-0.1905,5,6.333,0,0
CZ-056,santa_luzmila,-11.917952,-77.062885,17442,0.5103,0.2483,0.7283,0.8142,0.6542,0.6028,0.3103,0.284,0.377,2019,11,22,0.5024,-0.11,10,7.667,4,1
CZ-056,santa_luzmila,-11.917952,-77.062885,17442,0.5103,0.2483,0.7283,0.8142,0.6542,0.6028,0.3103,0.284,0.377,2019,12,23,0.4946,0.18,6,7.0,-2,0
CZ-056,santa_luzmila,-11.917952,-77.062885,17442,0.5103,0.2483,0.7283,0.8142,0.6542,0.6028,0.3103,0.284,0.377,2020,1,24,0.5053,0.11,10,8.667,5,0
CZ-056,santa_luzmila,-11.917952,-77.062885,17442,0.5103,0.2483,0.7283,0.8142,0.6542,0.6028,0.3103,0.284,0.377,2020,2,25,0.3885,0.1905,8,8.0,-2,1
CZ-056,santa_luzmila,-11.917952,-77.062885,17442,0.5103,0.2483,0.7283,0.8142,0.6542,0.6028,0.3103,0.284,0.377,2020,3,26,0.4921,0.22,7,8.333,1,1
CZ-056,santa_luzmila,-11.917952,-77.062885,17442,0.5103,0.2483,0.7283,0.8142,0.6542,0.6028,0.3103,0.284,0.377,2020,4,27,0.5144,0.1905,9,8.0,-1,0
CZ-056,santa_luzmila,-11.917952,-77.062885,17442,0.5103,0.2483,0.7283,0.8142,0.6542,0.6028,0.3103,0.284,0.377,2020,5,28,0.5012,0.11,9,8.333,1,1
CZ-056,santa_luzmila,-11.917952,-77.062885,17442,0.5103,0.2483,0.7283,0.8142,0.6542,0.6028,0.3103,0.284,0.377,2020,6,29,0.4358,0.0,5,7.667,-2,0
CZ-056,santa_luzmila,-11.917952,-77.062885,17442,0.5103,0.2483,0.7283,0.8142,0.6542,0.6028,0.3103,0.284,0.377,2020,7,30,0.5631,0.07,9,7.667,0,0
CZ-056,santa_luzmila,-11.917952,-77.062885,17442,0.5103,0.2483,0.7283,0.8142,0.6542,0.6028,0.3103,0.284,0.377,2020,8,31,0.4583,-0.1905,5,6.333,-4,0
CZ-056,santa_luzmila,-11.917952,-77.062885,17442,0.5103,0.2483,0.7283,0.8142,0.6542,0.6028,0.3103,0.284,0.377,2020,9,32,0.5379,-0.22,6,6.667,1,0
CZ-056,santa_luzmila,-11.917952,-77.062885,17442,0.5103,0.2483,0.7283,0.8142,0.6542,0.6028,0.3103,0.284,0.377,2020,10,33,0.5055,-0.1905,7,6.0,-2,0
CZ-056,santa_luzmila,-11.917952,-77.062885,17442,0.5103,0.2483,0.7283,0.8142,0.6542,0.6028,0.3103,0.284,0.377,2020,11,34,0.5169,-0.11,6,6.333,1,1
CZ-056,santa_luzmila,-11.917952,-77.062885,17442,0.5103,0.2483,0.7283,0.8142,0.6542,0.6028,0.3103,0.284,0.377,2020,12,35,0.6089,0.18,4,5.667,-2,0
CZ-056,santa_luzmila,-11.917952,-77.062885,17442,0.5103,0.2483,0.7283,0.8142,0.6542,0.6028,0.3103,0.284,0.377,2021,1,36,0.5249,0.11,9,6.333,2,1
CZ-056,santa_luzmila,-11.917952,-77.062885,17442,0.5103,0.2483,0.7283,0.8142,0.6542,0.6028,0.3103,0.284,0.377,2021,2,37,0.5627,0.1905,7,6.667,1,1
CZ-056,santa_luzmila,-11.917952,-77.062885,17442,0.5103,0.2483,0.7283,0.8142,0.6542,0.6028,0.3103,0.284,0.377,2021,3,38,0.477,0.22,12,9.333,8,1
CZ-056,santa_luzmila,-11.917952,-77.062885,17442,0.5103,0.2483,0.7283,0.8142,0.6542,0.6028,0.3103,0.284,0.377,2021,4,39,0.5352,0.1905,9,9.333,0,1
CZ-056,santa_luzmila,-11.917952,-77.062885,17442,0.5103,0.2483,0.7283,0.8142,0.6542,0.6028,0.3103,0.284,0.377,2021,5,40,0.5673,0.11,10,10.333,3,0
CZ-056,santa_luzmila,-11.917952,-77.062885,17442,0.5103,0.2483,0.7283,0.8142,0.6542,0.6028,0.3103,0.284,0.377,2021,6,41,0.5012,0.0,16,11.667,4,0
CZ-056,santa_luzmila,-11.917952,-77.062885,17442,0.5103,0.2483,0.7283,0.8142,0.6542,0.6028,0.3103,0.284,0.377,2021,7,42,0.4587,0.07,4,10.0,-5,0
CZ-056,santa_luzmila,-11.917952,-77.062885,17442,0.5103,0.2483,0.7283,0.8142,0.6542,0.6028,0.3103,0.284,0.377,2021,8,43,0.4734,-0.1905,6,8.667,-4,0
CZ-056,santa_luzmila,-11.917952,-77.062885,17442,0.5103,0.2483,0.7283,0.8142,0.6542,0.6028,0.3103,0.284,0.377,2021,9,44,0.4988,-0.22,5,5.0,-11,0
CZ-056,santa_luzmila,-11.917952,-77.062885,17442,0.5103,0.2483,0.7283,0.8142,0.6542,0.6028,0.3103,0.284,0.377,2021,10,45,0.4531,-0.1905,7,6.0,3,0
CZ-056,santa_luzmila,-11.917952,-77.062885,17442,0.5103,0.2483,0.7283,0.8142,0.6542,0.6028,0.3103,0.284,0.377,2021,11,46,0.5038,-0.11,5,5.667,-1,1
CZ-056,santa_luzmila,-11.917952,-77.062885,17442,0.5103,0.2483,0.7283,0.8142,0.6542,0.6028,0.3103,0.284,0.377,2021,12,47,0.683,0.18,8,6.667,3,1
CZ-056,santa_luzmila,-11.917952,-77.062885,17442,0.5103,0.2483,0.7283,0.8142,0.6542,0.6028,0.3103,0.284,0.377,2022,1,48,0.5171,0.11,11,8.0,4,0
CZ-056,santa_luzmila,-11.917952,-77.062885,17442,0.5103,0.2483,0.7283,0.8142,0.6542,0.6028,0.3103,0.284,0.377,2022,2,49,0.5386,0.1905,11,10.0,6,1
CZ-056,santa_luzmila,-11.917952,-77.062885,17442,0.5103,0.2483,0.7283,0.8142,0.6542,0.6028,0.3103,0.284,0.377,2022,3,50,0.4668,0.22,6,9.333,-2,0
CZ-056,santa_luzmila,-11.917952,-77.062885,17442,0.5103,0.2483,0.7283,0.8142,0.6542,0.6028,0.3103,0.284,0.377,2022,4,51,0.4999,0.1905,9,8.667,-2,0
CZ-056,santa_luzmila,-11.917952,-77.062885,17442,0.5103,0.2483,0.7283,0.8142,0.6542,0.6028,0.3103,0.284,0.377,2022,5,52,0.5301,0.11,8,7.667,-3,0
CZ-056,santa_luzmila,-11.917952,-77.062885,17442,0.5103,0.2483,0.7283,0.8142,0.6542,0.6028,0.3103,0.284,0.377,2022,6,53,0.5177,0.0,8,8.333,2,1
CZ-056,santa_luzmila,-11.917952,-77.062885,17442,0.5103,0.2483,0.7283,0.8142,0.6542,0.6028,0.3103,0.284,0.377,2022,7,54,0.5852,0.07,5,7.0,-4,0
CZ-056,santa_luzmila,-11.917952,-77.062885,17442,0.5103,0.2483,0.7283,0.8142,0.6542,0.6028,0.3103,0.284,0.377,2022,8,55,0.4771,-0.1905,10,7.667,2,0
CZ-056,santa_luzmila,-11.917952,-77.062885,17442,0.5103,0.2483,0.7283,0.8142,0.6542,0.6028,0.3103,0.284,0.377,2022,9,56,0.4767,-0.22,7,7.333,-1,0
CZ-056,santa_luzmila,-11.917952,-77.062885,17442,0.5103,0.2483,0.7283,0.8142,0.6542,0.6028,0.3103,0.284,0.377,2022,10,57,0.4921,-0.1905,6,7.667,1,0
CZ-056,santa_luzmila,-11.917952,-77.062885,17442,0.5103,0.2483,0.7283,0.8142,0.6542,0.6028,0.3103,0.284,0.377,2022,11,58,0.5078,-0.11,4,5.667,-6,1
CZ-056,santa_luzmila,-11.917952,-77.062885,17442,0.5103,0.2483,0.7283,0.8142,0.6542,0.6028,0.3103,0.284,0.377,2022,12,59,0.606,0.18,5,5.0,-2,1
CZ-056,santa_luzmila,-11.917952,-77.062885,17442,0.5103,0.2483,0.7283,0.8142,0.6542,0.6028,0.3103,0.284,0.377,2023,1,60,0.5145,0.11,11,6.667,5,0
CZ-056,santa_luzmila,-11.917952,-77.062885,17442,0.5103,0.2483,0.7283,0.8142,0.6542,0.6028,0.3103,0.284,0.377,2023,2,61,0.5041,0.1905,10,8.667,6,1
CZ-056,santa_luzmila,-11.917952,-77.062885,17442,0.5103,0.2483,0.7283,0.8142,0.6542,0.6028,0.3103,0.284,0.377,2023,3,62,0.5463,0.22,7,9.333,2,0
CZ-056,santa_luzmila,-11.917952,-77.062885,17442,0.5103,0.2483,0.7283,0.8142,0.6542,0.6028,0.3103,0.284,0.377,2023,4,63,0.4921,0.1905,13,10.0,2,0
CZ-056,santa_luzmila,-11.917952,-77.062885,17442,0.5103,0.2483,0.7283,0.8142,0.6542,0.6028,0.3103,0.284,0.377,2023,5,64,0.5888,0.11,6,8.667,-4,1
CZ-056,santa_luzmila,-11.917952,-77.062885,17442,0.5103,0.2483,0.7283,0.8142,0.6542,0.6028,0.3103,0.284,0.377,2023,6,65,0.4566,0.0,8,9.0,1,1
CZ-056,santa_luzmila,-11.917952,-77.062885,17442,0.5103,0.2483,0.7283,0.8142,0.6542,0.6028,0.3103,0.284,0.377,2023,7,66,0.5438,0.07,11,8.333,-2,0
CZ-056,santa_luzmila,-11.917952,-77.062885,17442,0.5103,0.2483,0.7283,0.8142,0.6542,0.6028,0.3103,0.284,0.377,2023,8,67,0.5257,-0.1905,9,9.333,3,0
CZ-056,santa_luzmila,-11.917952,-77.062885,17442,0.5103,0.2483,0.7283,0.8142,0.6542,0.6028,0.3103,0.284,0.377,2023,9,68,0.4226,-0.22,5,8.333,-3,0
CZ-056,santa_luzmila,-11.917952,-77.062885,17442,0.5103,0.2483,0.7283,0.8142,0.6542,0.6028,0.3103,0.284,0.377,2023,10,69,0.4897,-0.1905,5,6.333,-6,0
CZ-056,santa_luzmila,-11.917952,-77.062885,17442,0.5103,0.2483,0.7283,0.8142,0.6542,0.6028,0.3103,0.284,0.377,2023,11,70,0.5188,-0.11,4,4.667,-5,1
CZ-056,santa_luzmila,-11.917952,-77.062885,17442,0.5103,0.2483,0.7283,0.8142,0.6542,0.6028,0.3103,0.284,0.377,2023,12,71,0.5189,0.18,6,5.0,1,1
CZ-056,santa_luzmila,-11.917952,-77.062885,17442,0.5103,0.2483,0.7283,0.8142,0.6542,0.6028,0.3103,0.284,0.377,2024,1,72,0.4497,0.11,11,7.0,6,0
CZ-056,santa_luzmila,-11.917952,-77.062885,17442,0.5103,0.2483,0.7283,0.8142,0.6542,0.6028,0.3103,0.284,0.377,2024,2,73,0.4358,0.1905,15,10.667,11,0
CZ-056,santa_luzmila,-11.917952,-77.062885,17442,0.5103,0.2483,0.7283,0.8142,0.6542,0.6028,0.3103,0.284,0.377,2024,3,74,0.4642,0.22,8,11.333,2,1
CZ-056,santa_luzmila,-11.917952,-77.062885,17442,0.5103,0.2483,0.7283,0.8142,0.6542,0.6028,0.3103,0.284,0.377,2024,4,75,0.4384,0.1905,8,10.333,-3,1
CZ-056,santa_luzmila,-11.917952,-77.062885,17442,0.5103,0.2483,0.7283,0.8142,0.6542,0.6028,0.3103,0.284,0.377,2024,5,76,0.4944,0.11,17,11.0,2,0
CZ-056,santa_luzmila,-11.917952,-77.062885,17442,0.5103,0.2483,0.7283,0.8142,0.6542,0.6028,0.3103,0.284,0.377,2024,6,77,0.547,0.0,10,11.667,2,0
CZ-056,santa_luzmila,-11.917952,-77.062885,17442,0.5103,0.2483,0.7283,0.8142,0.6542,0.6028,0.3103,0.284,0.377,2024,7,78,0.5579,0.07,8,11.667,0,0
CZ-056,santa_luzmila,-11.917952,-77.062885,17442,0.5103,0.2483,0.7283,0.8142,0.6542,0.6028,0.3103,0.284,0.377,2024,8,79,0.4355,-0.1905,7,8.333,-10,0
CZ-056,santa_luzmila,-11.917952,-77.062885,17442,0.5103,0.2483,0.7283,0.8142,0.6542,0.6028,0.3103,0.284,0.377,2024,9,80,0.494,-0.22,4,6.333,-6,0
CZ-056,santa_luzmila,-11.917952,-77.062885,17442,0.5103,0.2483,0.7283,0.8142,0.6542,0.6028,0.3103,0.284,0.377,2024,10,81,0.5077,-0.1905,7,6.0,-1,1
CZ-056,santa_luzmila,-11.917952,-77.062885,17442,0.5103,0.2483,0.7283,0.8142,0.6542,0.6028,0.3103,0.284,0.377,2024,11,82,0.4468,-0.11,7,6.0,0,0
CZ-056,santa_luzmila,-11.917952,-77.062885,17442,0.5103,0.2483,0.7283,0.8142,0.6542,0.6028,0.3103,0.284,0.377,2024,12,83,0.5142,0.18,12,8.667,8,0
CZ-056,santa_luzmila,-11.917952,-77.062885,17442,0.5103,0.2483,0.7283,0.8142,0.6542,0.6028,0.3103,0.284,0.377,2025,1,84,0.4871,0.11,8,9.0,1,0
CZ-056,santa_luzmila,-11.917952,-77.062885,17442,0.5103,0.2483,0.7283,0.8142,0.6542,0.6028,0.3103,0.284,0.377,2025,2,85,0.4093,0.1905,8,9.333,1,1
CZ-056,santa_luzmila,-11.917952,-77.062885,17442,0.5103,0.2483,0.7283,0.8142,0.6542,0.6028,0.3103,0.284,0.377,2025,3,86,0.5029,0.22,8,8.0,-4,1
CZ-056,santa_luzmila,-11.917952,-77.062885,17442,0.5103,0.2483,0.7283,0.8142,0.6542,0.6028,0.3103,0.284,0.377,2025,4,87,0.5155,0.1905,10,8.667,2,1
CZ-056,santa_luzmila,-11.917952,-77.062885,17442,0.5103,0.2483,0.7283,0.8142,0.6542,0.6028,0.3103,0.284,0.377,2025,5,88,0.4851,0.11,16,11.333,8,0
CZ-056,santa_luzmila,-11.917952,-77.062885,17442,0.5103,0.2483,0.7283,0.8142,0.6542,0.6028,0.3103,0.284,0.377,2025,6,89,0.5255,0.0,11,12.333,3,1
CZ-056,santa_luzmila,-11.917952,-77.062885,17442,0.5103,0.2483,0.7283,0.8142,0.6542,0.6028,0.3103,0.284,0.377,2025,7,90,0.5212,0.07,8,11.667,-2,0
CZ-056,santa_luzmila,-11.917952,-77.062885,17442,0.5103,0.2483,0.7283,0.8142,0.6542,0.6028,0.3103,0.284,0.377,2025,8,91,0.4533,-0.1905,9,9.333,-7,0
CZ-056,santa_luzmila,-11.917952,-77.062885,17442,0.5103,0.2483,0.7283,0.8142,0.6542,0.6028,0.3103,0.284,0.377,2025,9,92,0.4972,-0.22,7,8.0,-4,1
CZ-056,santa_luzmila,-11.917952,-77.062885,17442,0.5103,0.2483,0.7283,0.8142,0.6542,0.6028,0.3103,0.284,0.377,2025,10,93,0.5052,-0.1905,7,7.667,-1,1
CZ-056,santa_luzmila,-11.917952,-77.062885,17442,0.5103,0.2483,0.7283,0.8142,0.6542,0.6028,0.3103,0.284,0.377,2025,11,94,0.5356,-0.11,9,7.667,0,1
CZ-057,retablo,-11.921193,-77.030959,15482,0.377,0.2136,0.8932,0.8487,0.7206,0.5437,0.2123,0.4903,0.6828,2018,5,4,0.5048,0.11,5,8.0,1,0
CZ-057,retablo,-11.921193,-77.030959,15482,0.377,0.2136,0.8932,0.8487,0.7206,0.5437,0.2123,0.4903,0.6828,2018,6,5,0.5811,0.0,12,9.333,4,1
CZ-057,retablo,-11.921193,-77.030959,15482,0.377,0.2136,0.8932,0.8487,0.7206,0.5437,0.2123,0.4903,0.6828,2018,7,6,0.6333,0.07,4,7.0,-7,0
CZ-057,retablo,-11.921193,-77.030959,15482,0.377,0.2136,0.8932,0.8487,0.7206,0.5437,0.2123,0.4903,0.6828,2018,8,7,0.5643,-0.1905,11,9.0,6,1
CZ-057,retablo,-11.921193,-77.030959,15482,0.377,0.2136,0.8932,0.8487,0.7206,0.5437,0.2123,0.4903,0.6828,2018,9,8,0.5127,-0.22,3,6.0,-9,1
CZ-057,retablo,-11.921193,-77.030959,15482,0.377,0.2136,0.8932,0.8487,0.7206,0.5437,0.2123,0.4903,0.6828,2018,10,9,0.4563,-0.1905,14,9.333,10,0
CZ-057,retablo,-11.921193,-77.030959,15482,0.377,0.2136,0.8932,0.8487,0.7206,0.5437,0.2123,0.4903,0.6828,2018,11,10,0.5645,-0.11,10,9.0,-1,1
CZ-057,retablo,-11.921193,-77.030959,15482,0.377,0.2136,0.8932,0.8487,0.7206,0.5437,0.2123,0.4903,0.6828,2018,12,11,0.7138,0.18,5,9.667,2,0
CZ-057,retablo,-11.921193,-77.030959,15482,0.377,0.2136,0.8932,0.8487,0.7206,0.5437,0.2123,0.4903,0.6828,2019,1,12,0.5404,0.11,13,9.333,-1,1
CZ-057,retablo,-11.921193,-77.030959,15482,0.377,0.2136,0.8932,0.8487,0.7206,0.5437,0.2123,0.4903,0.6828,2019,2,13,0.5342,0.1905,8,8.667,-2,0
CZ-057,retablo,-11.921193,-77.030959,15482,0.377,0.2136,0.8932,0.8487,0.7206,0.5437,0.2123,0.4903,0.6828,2019,3,14,0.5417,0.22,9,10.0,4,1
CZ-057,retablo,-11.921193,-77.030959,15482,0.377,0.2136,0.8932,0.8487,0.7206,0.5437,0.2123,0.4903,0.6828,2019,4,15,0.5461,0.1905,6,7.667,-7,1
CZ-057,retablo,-11.921193,-77.030959,15482,0.377,0.2136,0.8932,0.8487,0.7206,0.5437,0.2123,0.4903,0.6828,2019,5,16,0.4913,0.11,16,10.333,8,1
CZ-057,retablo,-11.921193,-77.030959,15482,0.377,0.2136,0.8932,0.8487,0.7206,0.5437,0.2123,0.4903,0.6828,2019,6,17,0.5344,0.0,11,11.0,2,1
CZ-057,retablo,-11.921193,-77.030959,15482,0.377,0.2136,0.8932,0.8487,0.7206,0.5437,0.2123,0.4903,0.6828,2019,7,18,0.6072,0.07,12,13.0,6,0
CZ-057,retablo,-11.921193,-77.030959,15482,0.377,0.2136,0.8932,0.8487,0.7206,0.5437,0.2123,0.4903,0.6828,2019,8,19,0.4917,-0.1905,14,12.333,-2,1
CZ-057,retablo,-11.921193,-77.030959,15482,0.377,0.2136,0.8932,0.8487,0.7206,0.5437,0.2123,0.4903,0.6828,2019,9,20,0.4429,-0.22,7,11.0,-4,0
CZ-057,retablo,-11.921193,-77.030959,15482,0.377,0.2136,0.8932,0.8487,0.7206,0.5437,0.2123,0.4903,0.6828,2019,10,21,0.5208,-0.1905,13,11.333,1,0
CZ-057,retablo,-11.921193,-77.030959,15482,0.377,0.2136,0.8932,0.8487,0.7206,0.5437,0.2123,0.4903,0.6828,2019,11,22,0.5274,-0.11,8,9.333,-6,0
CZ-057,retablo,-11.921193,-77.030959,15482,0.377,0.2136,0.8932,0.8487,0.7206,0.5437,0.2123,0.4903,0.6828,2019,12,23,0.5641,0.18,6,9.0,-1,1
CZ-057,retablo,-11.921193,-77.030959,15482,0.377,0.2136,0.8932,0.8487,0.7206,0.5437,0.2123,0.4903,0.6828,2020,1,24,0.5615,0.11,7,7.0,-6,1
CZ-057,retablo,-11.921193,-77.030959,15482,0.377,0.2136,0.8932,0.8487,0.7206,0.5437,0.2123,0.4903,0.6828,2020,2,25,0.5392,0.1905,16,9.667,8,1
CZ-057,retablo,-11.921193,-77.030959,15482,0.377,0.2136,0.8932,0.8487,0.7206,0.5437,0.2123,0.4903,0.6828,2020,3,26,0.5331,0.22,13,12.0,7,1
CZ-057,retablo,-11.921193,-77.030959,15482,0.377,0.2136,0.8932,0.8487,0.7206,0.5437,0.2123,0.4903,0.6828,2020,4,27,0.5702,0.1905,10,13.0,3,0
CZ-057,retablo,-11.921193,-77.030959,15482,0.377,0.2136,0.8932,0.8487,0.7206,0.5437,0.2123,0.4903,0.6828,2020,5,28,0.5974,0.11,9,10.667,-7,1
CZ-057,retablo,-11.921193,-77.030959,15482,0.377,0.2136,0.8932,0.8487,0.7206,0.5437,0.2123,0.4903,0.6828,2020,6,29,0.4917,0.0,8,9.0,-5,1
CZ-057,retablo,-11.921193,-77.030959,15482,0.377,0.2136,0.8932,0.8487,0.7206,0.5437,0.2123,0.4903,0.6828,2020,7,30,0.5454,0.07,9,8.667,-1,0
CZ-057,retablo,-11.921193,-77.030959,15482,0.377,0.2136,0.8932,0.8487,0.7206,0.5437,0.2123,0.4903,0.6828,2020,8,31,0.5618,-0.1905,12,9.667,3,1
CZ-057,retablo,-11.921193,-77.030959,15482,0.377,0.2136,0.8932,0.8487,0.7206,0.5437,0.2123,0.4903,0.6828,2020,9,32,0.5153,-0.22,8,9.667,0,0
CZ-057,retablo,-11.921193,-77.030959,15482,0.377,0.2136,0.8932,0.8487,0.7206,0.5437,0.2123,0.4903,0.6828,2020,10,33,0.5241,-0.1905,10,10.0,1,0
CZ-057,retablo,-11.921193,-77.030959,15482,0.377,0.2136,0.8932,0.8487,0.7206,0.5437,0.2123,0.4903,0.6828,2020,11,34,0.4795,-0.11,8,8.667,-4,1
CZ-057,retablo,-11.921193,-77.030959,15482,0.377,0.2136,0.8932,0.8487,0.7206,0.5437,0.2123,0.4903,0.6828,2020,12,35,0.7284,0.18,8,8.667,0,1
CZ-057,retablo,-11.921193,-77.030959,15482,0.377,0.2136,0.8932,0.8487,0.7206,0.5437,0.2123,0.4903,0.6828,2021,1,36,0.5557,0.11,13,9.667,3,0
CZ-057,retablo,-11.921193,-77.030959,15482,0.377,0.2136,0.8932,0.8487,0.7206,0.5437,0.2123,0.4903,0.6828,2021,2,37,0.5652,0.1905,13,11.333,5,1
CZ-057,retablo,-11.921193,-77.030959,15482,0.377,0.2136,0.8932,0.8487,0.7206,0.5437,0.2123,0.4903,0.6828,2021,3,38,0.5652,0.22,7,11.0,-1,1
CZ-057,retablo,-11.921193,-77.030959,15482,0.377,0.2136,0.8932,0.8487,0.7206,0.5437,0.2123,0.4903,0.6828,2021,4,39,0.5412,0.1905,14,11.333,1,0
CZ-057,retablo,-11.921193,-77.030959,15482,0.377,0.2136,0.8932,0.8487,0.7206,0.5437,0.2123,0.4903,0.6828,2021,5,40,0.5675,0.11,13,11.333,0,0
CZ-057,retablo,-11.921193,-77.030959,15482,0.377,0.2136,0.8932,0.8487,0.7206,0.5437,0.2123,0.4903,0.6828,2021,6,41,0.5162,0.0,7,11.333,0,1
CZ-057,retablo,-11.921193,-77.030959,15482,0.377,0.2136,0.8932,0.8487,0.7206,0.5437,0.2123,0.4903,0.6828,2021,7,42,0.5902,0.07,4,8.0,-10,1
CZ-057,retablo,-11.921193,-77.030959,15482,0.377,0.2136,0.8932,0.8487,0.7206,0.5437,0.2123,0.4903,0.6828,2021,8,43,0.4992,-0.1905,13,8.0,0,1
CZ-057,retablo,-11.921193,-77.030959,15482,0.377,0.2136,0.8932,0.8487,0.7206,0.5437,0.2123,0.4903,0.6828,2021,9,44,0.5602,-0.22,9,8.667,2,1
CZ-057,retablo,-11.921193,-77.030959,15482,0.377,0.2136,0.8932,0.8487,0.7206,0.5437,0.2123,0.4903,0.6828,2021,10,45,0.5749,-0.1905,11,11.0,7,0
CZ-057,retablo,-11.921193,-77.030959,15482,0.377,0.2136,0.8932,0.8487,0.7206,0.5437,0.2123,0.4903,0.6828,2021,11,46,0.5533,-0.11,9,9.667,-4,1
CZ-057,retablo,-11.921193,-77.030959,15482,0.377,0.2136,0.8932,0.8487,0.7206,0.5437,0.2123,0.4903,0.6828,2021,12,47,0.6283,0.18,7,9.0,-2,1
CZ-057,retablo,-11.921193,-77.030959,15482,0.377,0.2136,0.8932,0.8487,0.7206,0.5437,0.2123,0.4903,0.6828,2022,1,48,0.5437,0.11,16,10.667,5,1
CZ-057,retablo,-11.921193,-77.030959,15482,0.377,0.2136,0.8932,0.8487,0.7206,0.5437,0.2123,0.4903,0.6828,2022,2,49,0.49,0.1905,12,11.667,3,0
CZ-057,retablo,-11.921193,-77.030959,15482,0.377,0.2136,0.8932,0.8487,0.7206,0.5437,0.2123,0.4903,0.6828,2022,3,50,0.4677,0.22,10,12.667,3,1
CZ-057,retablo,-11.921193,-77.030959,15482,0.377,0.2136,0.8932,0.8487,0.7206,0.5437,0.2123,0.4903,0.6828,2022,4,51,0.5248,0.1905,7,9.667,-9,0
CZ-057,retablo,-11.921193,-77.030959,15482,0.377,0.2136,0.8932,0.8487,0.7206,0.5437,0.2123,0.4903,0.6828,2022,5,52,0.5252,0.11,17,11.333,5,1
CZ-057,retablo,-11.921193,-77.030959,15482,0.377,0.2136,0.8932,0.8487,0.7206,0.5437,0.2123,0.4903,0.6828,2022,6,53,0.5829,0.0,5,9.667,-5,0
CZ-057,retablo,-11.921193,-77.030959,15482,0.377,0.2136,0.8932,0.8487,0.7206,0.5437,0.2123,0.4903,0.6828,2022,7,54,0.5813,0.07,9,10.333,2,1
CZ-057,retablo,-11.921193,-77.030959,15482,0.377,0.2136,0.8932,0.8487,0.7206,0.5437,0.2123,0.4903,0.6828,2022,8,55,0.5387,-0.1905,7,7.0,-10,0
CZ-057,retablo,-11.921193,-77.030959,15482,0.377,0.2136,0.8932,0.8487,0.7206,0.5437,0.2123,0.4903,0.6828,2022,9,56,0.4849,-0.22,13,9.667,8,1
CZ-057,retablo,-11.921193,-77.030959,15482,0.377,0.2136,0.8932,0.8487,0.7206,0.5437,0.2123,0.4903,0.6828,2022,10,57,0.5292,-0.1905,8,9.333,-1,0
CZ-057,retablo,-11.921193,-77.030959,15482,0.377,0.2136,0.8932,0.8487,0.7206,0.5437,0.2123,0.4903,0.6828,2022,11,58,0.542,-0.11,11,10.667,4,1
CZ-057,retablo,-11.921193,-77.030959,15482,0.377,0.2136,0.8932,0.8487,0.7206,0.5437,0.2123,0.4903,0.6828,2022,12,59,0.6447,0.18,4,7.667,-9,1
CZ-057,retablo,-11.921193,-77.030959,15482,0.377,0.2136,0.8932,0.8487,0.7206,0.5437,0.2123,0.4903,0.6828,2023,1,60,0.5603,0.11,14,9.667,6,1
CZ-057,retablo,-11.921193,-77.030959,15482,0.377,0.2136,0.8932,0.8487,0.7206,0.5437,0.2123,0.4903,0.6828,2023,2,61,0.4771,0.1905,19,12.333,8,1
CZ-057,retablo,-11.921193,-77.030959,15482,0.377,0.2136,0.8932,0.8487,0.7206,0.5437,0.2123,0.4903,0.6828,2023,3,62,0.4315,0.22,17,16.667,13,1
CZ-057,retablo,-11.921193,-77.030959,15482,0.377,0.2136,0.8932,0.8487,0.7206,0.5437,0.2123,0.4903,0.6828,2023,4,63,0.5286,0.1905,20,18.667,6,0
CZ-057,retablo,-11.921193,-77.030959,15482,0.377,0.2136,0.8932,0.8487,0.7206,0.5437,0.2123,0.4903,0.6828,2023,5,64,0.4284,0.11,10,15.667,-9,1
CZ-057,retablo,-11.921193,-77.030959,15482,0.377,0.2136,0.8932,0.8487,0.7206,0.5437,0.2123,0.4903,0.6828,2023,6,65,0.5407,0.0,8,12.667,-9,1
CZ-057,retablo,-11.921193,-77.030959,15482,0.377,0.2136,0.8932,0.8487,0.7206,0.5437,0.2123,0.4903,0.6828,2023,7,66,0.6495,0.07,11,9.667,-9,1
CZ-057,retablo,-11.921193,-77.030959,15482,0.377,0.2136,0.8932,0.8487,0.7206,0.5437,0.2123,0.4903,0.6828,2023,8,67,0.5318,-0.1905,14,11.0,4,1
CZ-057,retablo,-11.921193,-77.030959,15482,0.377,0.2136,0.8932,0.8487,0.7206,0.5437,0.2123,0.4903,0.6828,2023,9,68,0.4532,-0.22,13,12.667,5,1
CZ-057,retablo,-11.921193,-77.030959,15482,0.377,0.2136,0.8932,0.8487,0.7206,0.5437,0.2123,0.4903,0.6828,2023,10,69,0.558,-0.1905,13,13.333,2,1
CZ-057,retablo,-11.921193,-77.030959,15482,0.377,0.2136,0.8932,0.8487,0.7206,0.5437,0.2123,0.4903,0.6828,2023,11,70,0.6257,-0.11,10,12.0,-4,1
CZ-057,retablo,-11.921193,-77.030959,15482,0.377,0.2136,0.8932,0.8487,0.7206,0.5437,0.2123,0.4903,0.6828,2023,12,71,0.6639,0.18,10,11.0,-3,1
CZ-057,retablo,-11.921193,-77.030959,15482,0.377,0.2136,0.8932,0.8487,0.7206,0.5437,0.2123,0.4903,0.6828,2024,1,72,0.5048,0.11,13,11.0,0,1
CZ-057,retablo,-11.921193,-77.030959,15482,0.377,0.2136,0.8932,0.8487,0.7206,0.5437,0.2123,0.4903,0.6828,2024,2,73,0.4155,0.1905,17,13.333,7,1
CZ-057,retablo,-11.921193,-77.030959,15482,0.377,0.2136,0.8932,0.8487,0.7206,0.5437,0.2123,0.4903,0.6828,2024,3,74,0.5936,0.22,9,13.0,-1,1
CZ-057,retablo,-11.921193,-77.030959,15482,0.377,0.2136,0.8932,0.8487,0.7206,0.5437,0.2123,0.4903,0.6828,2024,4,75,0.4496,0.1905,19,15.0,6,1
CZ-057,retablo,-11.921193,-77.030959,15482,0.377,0.2136,0.8932,0.8487,0.7206,0.5437,0.2123,0.4903,0.6828,2024,5,76,0.5449,0.11,18,15.333,1,1
CZ-057,retablo,-11.921193,-77.030959,15482,0.377,0.2136,0.8932,0.8487,0.7206,0.5437,0.2123,0.4903,0.6828,2024,6,77,0.5427,0.0,15,17.333,6,1
CZ-057,retablo,-11.921193,-77.030959,15482,0.377,0.2136,0.8932,0.8487,0.7206,0.5437,0.2123,0.4903,0.6828,2024,7,78,0.6594,0.07,16,16.333,-3,1
CZ-057,retablo,-11.921193,-77.030959,15482,0.377,0.2136,0.8932,0.8487,0.7206,0.5437,0.2123,0.4903,0.6828,2024,8,79,0.5875,-0.1905,19,16.667,1,0
CZ-057,retablo,-11.921193,-77.030959,15482,0.377,0.2136,0.8932,0.8487,0.7206,0.5437,0.2123,0.4903,0.6828,2024,9,80,0.6065,-0.22,14,16.333,-1,1
CZ-057,retablo,-11.921193,-77.030959,15482,0.377,0.2136,0.8932,0.8487,0.7206,0.5437,0.2123,0.4903,0.6828,2024,10,81,0.5906,-0.1905,8,13.667,-8,1
CZ-057,retablo,-11.921193,-77.030959,15482,0.377,0.2136,0.8932,0.8487,0.7206,0.5437,0.2123,0.4903,0.6828,2024,11,82,0.5661,-0.11,19,13.667,0,1
CZ-057,retablo,-11.921193,-77.030959,15482,0.377,0.2136,0.8932,0.8487,0.7206,0.5437,0.2123,0.4903,0.6828,2024,12,83,0.575,0.18,13,13.333,-1,1
CZ-057,retablo,-11.921193,-77.030959,15482,0.377,0.2136,0.8932,0.8487,0.7206,0.5437,0.2123,0.4903,0.6828,2025,1,84,0.4951,0.11,19,17.0,11,1
CZ-057,retablo,-11.921193,-77.030959,15482,0.377,0.2136,0.8932,0.8487,0.7206,0.5437,0.2123,0.4903,0.6828,2025,2,85,0.5556,0.1905,11,14.333,-8,1
CZ-057,retablo,-11.921193,-77.030959,15482,0.377,0.2136,0.8932,0.8487,0.7206,0.5437,0.2123,0.4903,0.6828,2025,3,86,0.5694,0.22,13,14.333,0,1
CZ-057,retablo,-11.921193,-77.030959,15482,0.377,0.2136,0.8932,0.8487,0.7206,0.5437,0.2123,0.4903,0.6828,2025,4,87,0.4933,0.1905,13,12.333,-6,1
CZ-057,retablo,-11.921193,-77.030959,15482,0.377,0.2136,0.8932,0.8487,0.7206,0.5437,0.2123,0.4903,0.6828,2025,5,88,0.5642,0.11,18,14.667,7,1
CZ-057,retablo,-11.921193,-77.030959,15482,0.377,0.2136,0.8932,0.8487,0.7206,0.5437,0.2123,0.4903,0.6828,2025,6,89,0.4766,0.0,13,14.667,0,1
CZ-057,retablo,-11.921193,-77.030959,15482,0.377,0.2136,0.8932,0.8487,0.7206,0.5437,0.2123,0.4903,0.6828,2025,7,90,0.6211,0.07,10,13.667,-3,0
CZ-057,retablo,-11.921193,-77.030959,15482,0.377,0.2136,0.8932,0.8487,0.7206,0.5437,0.2123,0.4903,0.6828,2025,8,91,0.5655,-0.1905,10,11.0,-8,1
CZ-057,retablo,-11.921193,-77.030959,15482,0.377,0.2136,0.8932,0.8487,0.7206,0.5437,0.2123,0.4903,0.6828,2025,9,92,0.5607,-0.22,6,8.667,-7,1
CZ-057,retablo,-11.921193,-77.030959,15482,0.377,0.2136,0.8932,0.8487,0.7206,0.5437,0.2123,0.4903,0.6828,2025,10,93,0.6187,-0.1905,12,9.333,2,1
CZ-057,retablo,-11.921193,-77.030959,15482,0.377,0.2136,0.8932,0.8487,0.7206,0.5437,0.2123,0.4903,0.6828,2025,11,94,0.4928,-0.11,14,10.667,4,1
CZ-058,retablo,-11.916262,-77.038684,15185,0.3923,0.2264,0.8377,0.6244,0.6029,0.8598,0.2662,0.4562,0.4727,2018,5,4,0.543,0.11,10,8.667,3,0
CZ-058,retablo,-11.916262,-77.038684,15185,0.3923,0.2264,0.8377,0.6244,0.6029,0.8598,0.2662,0.4562,0.4727,2018,6,5,0.5794,0.0,7,7.333,-4,0
CZ-058,retablo,-11.916262,-77.038684,15185,0.3923,0.2264,0.8377,0.6244,0.6029,0.8598,0.2662,0.4562,0.4727,2018,7,6,0.6268,0.07,4,7.0,-1,0
CZ-058,retablo,-11.916262,-77.038684,15185,0.3923,0.2264,0.8377,0.6244,0.6029,0.8598,0.2662,0.4562,0.4727,2018,8,7,0.5965,-0.1905,7,6.0,-3,0
CZ-058,retablo,-11.916262,-77.038684,15185,0.3923,0.2264,0.8377,0.6244,0.6029,0.8598,0.2662,0.4562,0.4727,2018,9,8,0.5353,-0.22,3,4.667,-4,0
CZ-058,retablo,-11.916262,-77.038684,15185,0.3923,0.2264,0.8377,0.6244,0.6029,0.8598,0.2662,0.4562,0.4727,2018,10,9,0.5697,-0.1905,7,5.667,3,0
CZ-058,retablo,-11.916262,-77.038684,15185,0.3923,0.2264,0.8377,0.6244,0.6029,0.8598,0.2662,0.4562,0.4727,2018,11,10,0.5103,-0.11,8,6.0,1,0
CZ-058,retablo,-11.916262,-77.038684,15185,0.3923,0.2264,0.8377,0.6244,0.6029,0.8598,0.2662,0.4562,0.4727,2018,12,11,0.6019,0.18,6,7.0,3,1
CZ-058,retablo,-11.916262,-77.038684,15185,0.3923,0.2264,0.8377,0.6244,0.6029,0.8598,0.2662,0.4562,0.4727,2019,1,12,0.571,0.11,4,6.0,-3,0
CZ-058,retablo,-11.916262,-77.038684,15185,0.3923,0.2264,0.8377,0.6244,0.6029,0.8598,0.2662,0.4562,0.4727,2019,2,13,0.5185,0.1905,11,7.0,3,0
CZ-058,retablo,-11.916262,-77.038684,15185,0.3923,0.2264,0.8377,0.6244,0.6029,0.8598,0.2662,0.4562,0.4727,2019,3,14,0.4576,0.22,4,6.333,-2,0
CZ-058,retablo,-11.916262,-77.038684,15185,0.3923,0.2264,0.8377,0.6244,0.6029,0.8598,0.2662,0.4562,0.4727,2019,4,15,0.5097,0.1905,8,7.667,4,0
CZ-058,retablo,-11.916262,-77.038684,15185,0.3923,0.2264,0.8377,0.6244,0.6029,0.8598,0.2662,0.4562,0.4727,2019,5,16,0.5833,0.11,4,5.333,-7,0
CZ-058,retablo,-11.916262,-77.038684,15185,0.3923,0.2264,0.8377,0.6244,0.6029,0.8598,0.2662,0.4562,0.4727,2019,6,17,0.5084,0.0,8,6.667,4,0
CZ-058,retablo,-11.916262,-77.038684,15185,0.3923,0.2264,0.8377,0.6244,0.6029,0.8598,0.2662,0.4562,0.4727,2019,7,18,0.7193,0.07,6,6.0,-2,0
CZ-058,retablo,-11.916262,-77.038684,15185,0.3923,0.2264,0.8377,0.6244,0.6029,0.8598,0.2662,0.4562,0.4727,2019,8,19,0.4911,-0.1905,8,7.333,4,0
CZ-058,retablo,-11.916262,-77.038684,15185,0.3923,0.2264,0.8377,0.6244,0.6029,0.8598,0.2662,0.4562,0.4727,2019,9,20,0.4815,-0.22,6,6.667,-2,0
CZ-058,retablo,-11.916262,-77.038684,15185,0.3923,0.2264,0.8377,0.6244,0.6029,0.8598,0.2662,0.4562,0.4727,2019,10,21,0.493,-0.1905,3,5.667,-3,0
CZ-058,retablo,-11.916262,-77.038684,15185,0.3923,0.2264,0.8377,0.6244,0.6029,0.8598,0.2662,0.4562,0.4727,2019,11,22,0.5859,-0.11,6,5.0,-2,1
CZ-058,retablo,-11.916262,-77.038684,15185,0.3923,0.2264,0.8377,0.6244,0.6029,0.8598,0.2662,0.4562,0.4727,2019,12,23,0.6687,0.18,7,5.333,1,1
CZ-058,retablo,-11.916262,-77.038684,15185,0.3923,0.2264,0.8377,0.6244,0.6029,0.8598,0.2662,0.4562,0.4727,2020,1,24,0.5394,0.11,10,7.667,7,1
CZ-058,retablo,-11.916262,-77.038684,15185,0.3923,0.2264,0.8377,0.6244,0.6029,0.8598,0.2662,0.4562,0.4727,2020,2,25,0.5655,0.1905,11,9.333,5,1
CZ-058,retablo,-11.916262,-77.038684,15185,0.3923,0.2264,0.8377,0.6244,0.6029,0.8598,0.2662,0.4562,0.4727,2020,3,26,0.5881,0.22,9,10.0,2,0
CZ-058,retablo,-11.916262,-77.038684,15185,0.3923,0.2264,0.8377,0.6244,0.6029,0.8598,0.2662,0.4562,0.4727,2020,4,27,0.5277,0.1905,14,11.333,4,0
CZ-058,retablo,-11.916262,-77.038684,15185,0.3923,0.2264,0.8377,0.6244,0.6029,0.8598,0.2662,0.4562,0.4727,2020,5,28,0.4457,0.11,7,10.0,-4,0
CZ-058,retablo,-11.916262,-77.038684,15185,0.3923,0.2264,0.8377,0.6244,0.6029,0.8598,0.2662,0.4562,0.4727,2020,6,29,0.4645,0.0,8,9.667,-1,0
CZ-058,retablo,-11.916262,-77.038684,15185,0.3923,0.2264,0.8377,0.6244,0.6029,0.8598,0.2662,0.4562,0.4727,2020,7,30,0.5394,0.07,8,7.667,-6,0
CZ-058,retablo,-11.916262,-77.038684,15185,0.3923,0.2264,0.8377,0.6244,0.6029,0.8598,0.2662,0.4562,0.4727,2020,8,31,0.5089,-0.1905,8,8.0,1,0
CZ-058,retablo,-11.916262,-77.038684,15185,0.3923,0.2264,0.8377,0.6244,0.6029,0.8598,0.2662,0.4562,0.4727,2020,9,32,0.4593,-0.22,7,7.667,-1,0
CZ-058,retablo,-11.916262,-77.038684,15185,0.3923,0.2264,0.8377,0.6244,0.6029,0.8598,0.2662,0.4562,0.4727,2020,10,33,0.499,-0.1905,4,6.333,-4,1
CZ-058,retablo,-11.916262,-77.038684,15185,0.3923,0.2264,0.8377,0.6244,0.6029,0.8598,0.2662,0.4562,0.4727,2020,11,34,0.6172,-0.11,5,5.333,-3,1
CZ-058,retablo,-11.916262,-77.038684,15185,0.3923,0.2264,0.8377,0.6244,0.6029,0.8598,0.2662,0.4562,0.4727,2020,12,35,0.6226,0.18,11,6.667,4,0
CZ-058,retablo,-11.916262,-77.038684,15185,0.3923,0.2264,0.8377,0.6244,0.6029,0.8598,0.2662,0.4562,0.4727,2021,1,36,0.3899,0.11,16,10.667,12,0
CZ-058,retablo,-11.916262,-77.038684,15185,0.3923,0.2264,0.8377,0.6244,0.6029,0.8598,0.2662,0.4562,0.4727,2021,2,37,0.5543,0.1905,6,11.0,1,1
CZ-058,retablo,-11.916262,-77.038684,15185,0.3923,0.2264,0.8377,0.6244,0.6029,0.8598,0.2662,0.4562,0.4727,2021,3,38,0.4895,0.22,8,10.0,-3,1
CZ-058,retablo,-11.916262,-77.038684,15185,0.3923,0.2264,0.8377,0.6244,0.6029,0.8598,0.2662,0.4562,0.4727,2021,4,39,0.4331,0.1905,21,11.667,5,0
CZ-058,retablo,-11.916262,-77.038684,15185,0.3923,0.2264,0.8377,0.6244,0.6029,0.8598,0.2662,0.4562,0.4727,2021,5,40,0.548,0.11,12,13.667,6,1
CZ-058,retablo,-11.916262,-77.038684,15185,0.3923,0.2264,0.8377,0.6244,0.6029,0.8598,0.2662,0.4562,0.4727,2021,6,41,0.4776,0.0,8,13.667,0,1
CZ-058,retablo,-11.916262,-77.038684,15185,0.3923,0.2264,0.8377,0.6244,0.6029,0.8598,0.2662,0.4562,0.4727,2021,7,42,0.5455,0.07,14,11.333,-7,1
CZ-058,retablo,-11.916262,-77.038684,15185,0.3923,0.2264,0.8377,0.6244,0.6029,0.8598,0.2662,0.4562,0.4727,2021,8,43,0.478,-0.1905,17,13.0,5,0
CZ-058,retablo,-11.916262,-77.038684,15185,0.3923,0.2264,0.8377,0.6244,0.6029,0.8598,0.2662,0.4562,0.4727,2021,9,44,0.5417,-0.22,14,15.0,6,0
CZ-058,retablo,-11.916262,-77.038684,15185,0.3923,0.2264,0.8377,0.6244,0.6029,0.8598,0.2662,0.4562,0.4727,2021,10,45,0.521,-0.1905,7,12.667,-7,0
CZ-058,retablo,-11.916262,-77.038684,15185,0.3923,0.2264,0.8377,0.6244,0.6029,0.8598,0.2662,0.4562,0.4727,2021,11,46,0.4629,-0.11,6,9.0,-11,1
CZ-058,retablo,-11.916262,-77.038684,15185,0.3923,0.2264,0.8377,0.6244,0.6029,0.8598,0.2662,0.4562,0.4727,2021,12,47,0.566,0.18,5,6.0,-9,0
CZ-058,retablo,-11.916262,-77.038684,15185,0.3923,0.2264,0.8377,0.6244,0.6029,0.8598,0.2662,0.4562,0.4727,2022,1,48,0.5452,0.11,10,7.0,3,1
CZ-058,retablo,-11.916262,-77.038684,15185,0.3923,0.2264,0.8377,0.6244,0.6029,0.8598,0.2662,0.4562,0.4727,2022,2,49,0.5326,0.1905,5,6.667,-1,1
CZ-058,retablo,-11.916262,-77.038684,15185,0.3923,0.2264,0.8377,0.6244,0.6029,0.8598,0.2662,0.4562,0.4727,2022,3,50,0.5298,0.22,17,10.667,12,1
CZ-058,retablo,-11.916262,-77.038684,15185,0.3923,0.2264,0.8377,0.6244,0.6029,0.8598,0.2662,0.4562,0.4727,2022,4,51,0.5344,0.1905,14,12.0,4,0
CZ-058,retablo,-11.916262,-77.038684,15185,0.3923,0.2264,0.8377,0.6244,0.6029,0.8598,0.2662,0.4562,0.4727,2022,5,52,0.4875,0.11,12,14.333,7,1
CZ-058,retablo,-11.916262,-77.038684,15185,0.3923,0.2264,0.8377,0.6244,0.6029,0.8598,0.2662,0.4562,0.4727,2022,6,53,0.5736,0.0,6,10.667,-11,0
CZ-058,retablo,-11.916262,-77.038684,15185,0.3923,0.2264,0.8377,0.6244,0.6029,0.8598,0.2662,0.4562,0.4727,2022,7,54,0.5724,0.07,9,9.0,-5,1
CZ-058,retablo,-11.916262,-77.038684,15185,0.3923,0.2264,0.8377,0.6244,0.6029,0.8598,0.2662,0.4562,0.4727,2022,8,55,0.5052,-0.1905,6,7.0,-6,1
CZ-058,retablo,-11.916262,-77.038684,15185,0.3923,0.2264,0.8377,0.6244,0.6029,0.8598,0.2662,0.4562,0.4727,2022,9,56,0.4946,-0.22,9,8.0,3,0
CZ-058,retablo,-11.916262,-77.038684,15185,0.3923,0.2264,0.8377,0.6244,0.6029,0.8598,0.2662,0.4562,0.4727,2022,10,57,0.4399,-0.1905,11,8.667,2,1
CZ-058,retablo,-11.916262,-77.038684,15185,0.3923,0.2264,0.8377,0.6244,0.6029,0.8598,0.2662,0.4562,0.4727,2022,11,58,0.5417,-0.11,8,9.333,2,1
CZ-058,retablo,-11.916262,-77.038684,15185,0.3923,0.2264,0.8377,0.6244,0.6029,0.8598,0.2662,0.4562,0.4727,2022,12,59,0.6428,0.18,9,9.333,0,1
CZ-058,retablo,-11.916262,-77.038684,15185,0.3923,0.2264,0.8377,0.6244,0.6029,0.8598,0.2662,0.4562,0.4727,2023,1,60,0.5479,0.11,12,9.667,1,1
CZ-058,retablo,-11.916262,-77.038684,15185,0.3923,0.2264,0.8377,0.6244,0.6029,0.8598,0.2662,0.4562,0.4727,2023,2,61,0.505,0.1905,13,11.333,5,1
CZ-058,retablo,-11.916262,-77.038684,15185,0.3923,0.2264,0.8377,0.6244,0.6029,0.8598,0.2662,0.4562,0.4727,2023,3,62,0.5158,0.22,10,11.667,1,1
CZ-058,retablo,-11.916262,-77.038684,15185,0.3923,0.2264,0.8377,0.6244,0.6029,0.8598,0.2662,0.4562,0.4727,2023,4,63,0.5305,0.1905,10,11.0,-2,1
CZ-058,retablo,-11.916262,-77.038684,15185,0.3923,0.2264,0.8377,0.6244,0.6029,0.8598,0.2662,0.4562,0.4727,2023,5,64,0.5948,0.11,10,10.0,-3,0
CZ-058,retablo,-11.916262,-77.038684,15185,0.3923,0.2264,0.8377,0.6244,0.6029,0.8598,0.2662,0.4562,0.4727,2023,6,65,0.5208,0.0,17,12.333,7,1
CZ-058,retablo,-11.916262,-77.038684,15185,0.3923,0.2264,0.8377,0.6244,0.6029,0.8598,0.2662,0.4562,0.4727,2023,7,66,0.6953,0.07,7,11.333,-3,0
CZ-058,retablo,-11.916262,-77.038684,15185,0.3923,0.2264,0.8377,0.6244,0.6029,0.8598,0.2662,0.4562,0.4727,2023,8,67,0.5696,-0.1905,14,12.667,4,0
CZ-058,retablo,-11.916262,-77.038684,15185,0.3923,0.2264,0.8377,0.6244,0.6029,0.8598,0.2662,0.4562,0.4727,2023,9,68,0.4314,-0.22,4,8.333,-13,0
CZ-058,retablo,-11.916262,-77.038684,15185,0.3923,0.2264,0.8377,0.6244,0.6029,0.8598,0.2662,0.4562,0.4727,2023,10,69,0.5695,-0.1905,6,8.0,-1,1
CZ-058,retablo,-11.916262,-77.038684,15185,0.3923,0.2264,0.8377,0.6244,0.6029,0.8598,0.2662,0.4562,0.4727,2023,11,70,0.5051,-0.11,8,6.0,-6,0
CZ-058,retablo,-11.916262,-77.038684,15185,0.3923,0.2264,0.8377,0.6244,0.6029,0.8598,0.2662,0.4562,0.4727,2023,12,71,0.6639,0.18,11,8.333,7,1
CZ-058,retablo,-11.916262,-77.038684,15185,0.3923,0.2264,0.8377,0.6244,0.6029,0.8598,0.2662,0.4562,0.4727,2024,1,72,0.5244,0.11,3,7.333,-3,1
CZ-058,retablo,-11.916262,-77.038684,15185,0.3923,0.2264,0.8377,0.6244,0.6029,0.8598,0.2662,0.4562,0.4727,2024,2,73,0.5147,0.1905,16,10.0,8,1
CZ-058,retablo,-11.916262,-77.038684,15185,0.3923,0.2264,0.8377,0.6244,0.6029,0.8598,0.2662,0.4562,0.4727,2024,3,74,0.4532,0.22,11,10.0,0,1
CZ-058,retablo,-11.916262,-77.038684,15185,0.3923,0.2264,0.8377,0.6244,0.6029,0.8598,0.2662,0.4562,0.4727,2024,4,75,0.4908,0.1905,16,14.333,13,1
CZ-058,retablo,-11.916262,-77.038684,15185,0.3923,0.2264,0.8377,0.6244,0.6029,0.8598,0.2662,0.4562,0.4727,2024,5,76,0.4711,0.11,9,12.0,-7,1
CZ-058,retablo,-11.916262,-77.038684,15185,0.3923,0.2264,0.8377,0.6244,0.6029,0.8598,0.2662,0.4562,0.4727,2024,6,77,0.4884,0.0,14,13.0,3,0
CZ-058,retablo,-11.916262,-77.038684,15185,0.3923,0.2264,0.8377,0.6244,0.6029,0.8598,0.2662,0.4562,0.4727,2024,7,78,0.5748,0.07,11,11.333,-5,1
CZ-058,retablo,-11.916262,-77.038684,15185,0.3923,0.2264,0.8377,0.6244,0.6029,0.8598,0.2662,0.4562,0.4727,2024,8,79,0.5095,-0.1905,6,10.333,-3,0
CZ-058,retablo,-11.916262,-77.038684,15185,0.3923,0.2264,0.8377,0.6244,0.6029,0.8598,0.2662,0.4562,0.4727,2024,9,80,0.5192,-0.22,16,11.0,2,1
CZ-058,retablo,-11.916262,-77.038684,15185,0.3923,0.2264,0.8377,0.6244,0.6029,0.8598,0.2662,0.4562,0.4727,2024,10,81,0.5196,-0.1905,7,9.667,-4,1
CZ-058,retablo,-11.916262,-77.038684,15185,0.3923,0.2264,0.8377,0.6244,0.6029,0.8598,0.2662,0.4562,0.4727,2024,11,82,0.5709,-0.11,11,11.333,5,1
CZ-058,retablo,-11.916262,-77.038684,15185,0.3923,0.2264,0.8377,0.6244,0.6029,0.8598,0.2662,0.4562,0.4727,2024,12,83,0.6072,0.18,13,10.333,-3,1
CZ-058,retablo,-11.916262,-77.038684,15185,0.3923,0.2264,0.8377,0.6244,0.6029,0.8598,0.2662,0.4562,0.4727,2025,1,84,0.5721,0.11,14,12.667,7,1
CZ-058,retablo,-11.916262,-77.038684,15185,0.3923,0.2264,0.8377,0.6244,0.6029,0.8598,0.2662,0.4562,0.4727,2025,2,85,0.4883,0.1905,9,12.0,-2,1
CZ-058,retablo,-11.916262,-77.038684,15185,0.3923,0.2264,0.8377,0.6244,0.6029,0.8598,0.2662,0.4562,0.4727,2025,3,86,0.4812,0.22,14,12.333,1,1
CZ-058,retablo,-11.916262,-77.038684,15185,0.3923,0.2264,0.8377,0.6244,0.6029,0.8598,0.2662,0.4562,0.4727,2025,4,87,0.5396,0.1905,13,12.0,-1,1
CZ-058,retablo,-11.916262,-77.038684,15185,0.3923,0.2264,0.8377,0.6244,0.6029,0.8598,0.2662,0.4562,0.4727,2025,5,88,0.4719,0.11,13,13.333,4,1
CZ-058,retablo,-11.916262,-77.038684,15185,0.3923,0.2264,0.8377,0.6244,0.6029,0.8598,0.2662,0.4562,0.4727,2025,6,89,0.5017,0.0,11,12.333,-3,1
CZ-058,retablo,-11.916262,-77.038684,15185,0.3923,0.2264,0.8377,0.6244,0.6029,0.8598,0.2662,0.4562,0.4727,2025,7,90,0.5383,0.07,11,11.667,-2,1
CZ-058,retablo,-11.916262,-77.038684,15185,0.3923,0.2264,0.8377,0.6244,0.6029,0.8598,0.2662,0.4562,0.4727,2025,8,91,0.5565,-0.1905,12,11.333,-1,1
CZ-058,retablo,-11.916262,-77.038684,15185,0.3923,0.2264,0.8377,0.6244,0.6029,0.8598,0.2662,0.4562,0.4727,2025,9,92,0.534,-0.22,16,13.0,5,1
CZ-058,retablo,-11.916262,-77.038684,15185,0.3923,0.2264,0.8377,0.6244,0.6029,0.8598,0.2662,0.4562,0.4727,2025,10,93,0.5836,-0.1905,14,14.0,3,1
CZ-058,retablo,-11.916262,-77.038684,15185,0.3923,0.2264,0.8377,0.6244,0.6029,0.8598,0.2662,0.4562,0.4727,2025,11,94,0.5414,-0.11,9,13.0,-3,1
CZ-059,collique,-11.958667,-77.058844,25261,0.867,0.3294,0.4939,0.3413,0.3817,0.7545,0.1151,0.2751,0.6265,2018,5,4,0.501,0.11,4,5.333,0,0
CZ-059,collique,-11.958667,-77.058844,25261,0.867,0.3294,0.4939,0.3413,0.3817,0.7545,0.1151,0.2751,0.6265,2018,6,5,0.4611,0.0,5,5.0,-1,0
CZ-059,collique,-11.958667,-77.058844,25261,0.867,0.3294,0.4939,0.3413,0.3817,0.7545,0.1151,0.2751,0.6265,2018,7,6,0.438,0.07,6,5.0,0,0
CZ-059,collique,-11.958667,-77.058844,25261,0.867,0.3294,0.4939,0.3413,0.3817,0.7545,0.1151,0.2751,0.6265,2018,8,7,0.3871,-0.1905,5,5.333,1,0
CZ-059,collique,-11.958667,-77.058844,25261,0.867,0.3294,0.4939,0.3413,0.3817,0.7545,0.1151,0.2751,0.6265,2018,9,8,0.3302,-0.22,4,5.0,-1,0
CZ-059,collique,-11.958667,-77.058844,25261,0.867,0.3294,0.4939,0.3413,0.3817,0.7545,0.1151,0.2751,0.6265,2018,10,9,0.4868,-0.1905,3,4.0,-3,0
CZ-059,collique,-11.958667,-77.058844,25261,0.867,0.3294,0.4939,0.3413,0.3817,0.7545,0.1151,0.2751,0.6265,2018,11,10,0.4282,-0.11,7,4.667,2,0
CZ-059,collique,-11.958667,-77.058844,25261,0.867,0.3294,0.4939,0.3413,0.3817,0.7545,0.1151,0.2751,0.6265,2018,12,11,0.6277,0.18,5,5.0,1,0
CZ-059,collique,-11.958667,-77.058844,25261,0.867,0.3294,0.4939,0.3413,0.3817,0.7545,0.1151,0.2751,0.6265,2019,1,12,0.4593,0.11,8,6.667,5,0
CZ-059,collique,-11.958667,-77.058844,25261,0.867,0.3294,0.4939,0.3413,0.3817,0.7545,0.1151,0.2751,0.6265,2019,2,13,0.4247,0.1905,7,6.667,0,0
CZ-059,collique,-11.958667,-77.058844,25261,0.867,0.3294,0.4939,0.3413,0.3817,0.7545,0.1151,0.2751,0.6265,2019,3,14,0.3781,0.22,8,7.667,3,0
CZ-059,collique,-11.958667,-77.058844,25261,0.867,0.3294,0.4939,0.3413,0.3817,0.7545,0.1151,0.2751,0.6265,2019,4,15,0.35,0.1905,4,6.333,-4,1
CZ-059,collique,-11.958667,-77.058844,25261,0.867,0.3294,0.4939,0.3413,0.3817,0.7545,0.1151,0.2751,0.6265,2019,5,16,0.4939,0.11,4,5.333,-3,0
CZ-059,collique,-11.958667,-77.058844,25261,0.867,0.3294,0.4939,0.3413,0.3817,0.7545,0.1151,0.2751,0.6265,2019,6,17,0.4741,0.0,9,5.667,1,1
CZ-059,collique,-11.958667,-77.058844,25261,0.867,0.3294,0.4939,0.3413,0.3817,0.7545,0.1151,0.2751,0.6265,2019,7,18,0.4641,0.07,6,6.333,2,0
CZ-059,collique,-11.958667,-77.058844,25261,0.867,0.3294,0.4939,0.3413,0.3817,0.7545,0.1151,0.2751,0.6265,2019,8,19,0.3661,-0.1905,10,8.333,6,0
CZ-059,collique,-11.958667,-77.058844,25261,0.867,0.3294,0.4939,0.3413,0.3817,0.7545,0.1151,0.2751,0.6265,2019,9,20,0.5794,-0.22,4,6.667,-5,0
CZ-059,collique,-11.958667,-77.058844,25261,0.867,0.3294,0.4939,0.3413,0.3817,0.7545,0.1151,0.2751,0.6265,2019,10,21,0.4397,-0.1905,7,7.0,1,0
CZ-059,collique,-11.958667,-77.058844,25261,0.867,0.3294,0.4939,0.3413,0.3817,0.7545,0.1151,0.2751,0.6265,2019,11,22,0.4065,-0.11,2,4.333,-8,0
CZ-059,collique,-11.958667,-77.058844,25261,0.867,0.3294,0.4939,0.3413,0.3817,0.7545,0.1151,0.2751,0.6265,2019,12,23,0.5067,0.18,7,5.333,3,0
CZ-059,collique,-11.958667,-77.058844,25261,0.867,0.3294,0.4939,0.3413,0.3817,0.7545,0.1151,0.2751,0.6265,2020,1,24,0.4836,0.11,6,5.0,-1,1
CZ-059,collique,-11.958667,-77.058844,25261,0.867,0.3294,0.4939,0.3413,0.3817,0.7545,0.1151,0.2751,0.6265,2020,2,25,0.4498,0.1905,6,6.333,4,0
CZ-059,collique,-11.958667,-77.058844,25261,0.867,0.3294,0.4939,0.3413,0.3817,0.7545,0.1151,0.2751,0.6265,2020,3,26,0.3831,0.22,9,7.0,2,1
CZ-059,collique,-11.958667,-77.058844,25261,0.867,0.3294,0.4939,0.3413,0.3817,0.7545,0.1151,0.2751,0.6265,2020,4,27,0.4288,0.1905,7,7.333,1,1
CZ-059,collique,-11.958667,-77.058844,25261,0.867,0.3294,0.4939,0.3413,0.3817,0.7545,0.1151,0.2751,0.6265,2020,5,28,0.4346,0.11,9,8.333,3,0
CZ-059,collique,-11.958667,-77.058844,25261,0.867,0.3294,0.4939,0.3413,0.3817,0.7545,0.1151,0.2751,0.6265,2020,6,29,0.5551,0.0,11,9.0,2,0
CZ-059,collique,-11.958667,-77.058844,25261,0.867,0.3294,0.4939,0.3413,0.3817,0.7545,0.1151,0.2751,0.6265,2020,7,30,0.6204,0.07,5,8.333,-2,0
CZ-059,collique,-11.958667,-77.058844,25261,0.867,0.3294,0.4939,0.3413,0.3817,0.7545,0.1151,0.2751,0.6265,2020,8,31,0.4109,-0.1905,1,5.667,-8,0
CZ-059,collique,-11.958667,-77.058844,25261,0.867,0.3294,0.4939,0.3413,0.3817,0.7545,0.1151,0.2751,0.6265,2020,9,32,0.3262,-0.22,4,3.333,-7,0
CZ-059,collique,-11.958667,-77.058844,25261,0.867,0.3294,0.4939,0.3413,0.3817,0.7545,0.1151,0.2751,0.6265,2020,10,33,0.3623,-0.1905,5,3.333,0,0
CZ-059,collique,-11.958667,-77.058844,25261,0.867,0.3294,0.4939,0.3413,0.3817,0.7545,0.1151,0.2751,0.6265,2020,11,34,0.5072,-0.11,7,5.333,6,0
CZ-059,collique,-11.958667,-77.058844,25261,0.867,0.3294,0.4939,0.3413,0.3817,0.7545,0.1151,0.2751,0.6265,2020,12,35,0.5407,0.18,8,6.667,4,0
CZ-059,collique,-11.958667,-77.058844,25261,0.867,0.3294,0.4939,0.3413,0.3817,0.7545,0.1151,0.2751,0.6265,2021,1,36,0.3161,0.11,8,7.667,3,1
CZ-059,collique,-11.958667,-77.058844,25261,0.867,0.3294,0.4939,0.3413,0.3817,0.7545,0.1151,0.2751,0.6265,2021,2,37,0.4458,0.1905,6,7.333,-1,0
CZ-059,collique,-11.958667,-77.058844,25261,0.867,0.3294,0.4939,0.3413,0.3817,0.7545,0.1151,0.2751,0.6265,2021,3,38,0.399,0.22,12,8.667,4,1
CZ-059,collique,-11.958667,-77.058844,25261,0.867,0.3294,0.4939,0.3413,0.3817,0.7545,0.1151,0.2751,0.6265,2021,4,39,0.4421,0.1905,6,8.0,-2,0
CZ-059,collique,-11.958667,-77.058844,25261,0.867,0.3294,0.4939,0.3413,0.3817,0.7545,0.1151,0.2751,0.6265,2021,5,40,0.4487,0.11,9,9.0,3,1
CZ-059,collique,-11.958667,-77.058844,25261,0.867,0.3294,0.4939,0.3413,0.3817,0.7545,0.1151,0.2751,0.6265,2021,6,41,0.4184,0.0,6,7.0,-6,0
CZ-059,collique,-11.958667,-77.058844,25261,0.867,0.3294,0.4939,0.3413,0.3817,0.7545,0.1151,0.2751,0.6265,2021,7,42,0.5534,0.07,10,8.333,4,0
CZ-059,collique,-11.958667,-77.058844,25261,0.867,0.3294,0.4939,0.3413,0.3817,0.7545,0.1151,0.2751,0.6265,2021,8,43,0.4028,-0.1905,5,7.0,-4,0
CZ-059,collique,-11.958667,-77.058844,25261,0.867,0.3294,0.4939,0.3413,0.3817,0.7545,0.1151,0.2751,0.6265,2021,9,44,0.414,-0.22,3,6.0,-3,0
CZ-059,collique,-11.958667,-77.058844,25261,0.867,0.3294,0.4939,0.3413,0.3817,0.7545,0.1151,0.2751,0.6265,2021,10,45,0.5667,-0.1905,5,4.333,-5,0
CZ-059,collique,-11.958667,-77.058844,25261,0.867,0.3294,0.4939,0.3413,0.3817,0.7545,0.1151,0.2751,0.6265,2021,11,46,0.4954,-0.11,5,4.333,0,0
CZ-059,collique,-11.958667,-77.058844,25261,0.867,0.3294,0.4939,0.3413,0.3817,0.7545,0.1151,0.2751,0.6265,2021,12,47,0.4661,0.18,5,5.0,2,0
CZ-059,collique,-11.958667,-77.058844,25261,0.867,0.3294,0.4939,0.3413,0.3817,0.7545,0.1151,0.2751,0.6265,2022,1,48,0.4634,0.11,8,6.0,3,0
CZ-059,collique,-11.958667,-77.058844,25261,0.867,0.3294,0.4939,0.3413,0.3817,0.7545,0.1151,0.2751,0.6265,2022,2,49,0.4742,0.1905,6,6.333,1,0
CZ-059,collique,-11.958667,-77.058844,25261,0.867,0.3294,0.4939,0.3413,0.3817,0.7545,0.1151,0.2751,0.6265,2022,3,50,0.4127,0.22,7,7.0,2,1
CZ-059,collique,-11.958667,-77.058844,25261,0.867,0.3294,0.4939,0.3413,0.3817,0.7545,0.1151,0.2751,0.6265,2022,4,51,0.4386,0.1905,5,6.0,-3,1
CZ-059,collique,-11.958667,-77.058844,25261,0.867,0.3294,0.4939,0.3413,0.3817,0.7545,0.1151,0.2751,0.6265,2022,5,52,0.5065,0.11,11,7.667,5,1
CZ-059,collique,-11.958667,-77.058844,25261,0.867,0.3294,0.4939,0.3413,0.3817,0.7545,0.1151,0.2751,0.6265,2022,6,53,0.3952,0.0,11,9.0,4,1
CZ-059,collique,-11.958667,-77.058844,25261,0.867,0.3294,0.4939,0.3413,0.3817,0.7545,0.1151,0.2751,0.6265,2022,7,54,0.4954,0.07,9,10.333,4,0
CZ-059,collique,-11.958667,-77.058844,25261,0.867,0.3294,0.4939,0.3413,0.3817,0.7545,0.1151,0.2751,0.6265,2022,8,55,0.4679,-0.1905,10,10.0,-1,0
CZ-059,collique,-11.958667,-77.058844,25261,0.867,0.3294,0.4939,0.3413,0.3817,0.7545,0.1151,0.2751,0.6265,2022,9,56,0.4399,-0.22,6,8.333,-5,0
CZ-059,collique,-11.958667,-77.058844,25261,0.867,0.3294,0.4939,0.3413,0.3817,0.7545,0.1151,0.2751,0.6265,2022,10,57,0.4667,-0.1905,4,6.667,-5,0
CZ-059,collique,-11.958667,-77.058844,25261,0.867,0.3294,0.4939,0.3413,0.3817,0.7545,0.1151,0.2751,0.6265,2022,11,58,0.4448,-0.11,7,5.667,-3,1
CZ-059,collique,-11.958667,-77.058844,25261,0.867,0.3294,0.4939,0.3413,0.3817,0.7545,0.1151,0.2751,0.6265,2022,12,59,0.5441,0.18,4,5.0,-2,0
CZ-059,collique,-11.958667,-77.058844,25261,0.867,0.3294,0.4939,0.3413,0.3817,0.7545,0.1151,0.2751,0.6265,2023,1,60,0.3464,0.11,12,7.667,8,1
CZ-059,collique,-11.958667,-77.058844,25261,0.867,0.3294,0.4939,0.3413,0.3817,0.7545,0.1151,0.2751,0.6265,2023,2,61,0.5693,0.1905,8,8.0,1,0
CZ-059,collique,-11.958667,-77.058844,25261,0.867,0.3294,0.4939,0.3413,0.3817,0.7545,0.1151,0.2751,0.6265,2023,3,62,0.4687,0.22,12,10.667,8,0
CZ-059,collique,-11.958667,-77.058844,25261,0.867,0.3294,0.4939,0.3413,0.3817,0.7545,0.1151,0.2751,0.6265,2023,4,63,0.4489,0.1905,6,8.667,-6,0
CZ-059,collique,-11.958667,-77.058844,25261,0.867,0.3294,0.4939,0.3413,0.3817,0.7545,0.1151,0.2751,0.6265,2023,5,64,0.5753,0.11,7,8.333,-1,0
CZ-059,collique,-11.958667,-77.058844,25261,0.867,0.3294,0.4939,0.3413,0.3817,0.7545,0.1151,0.2751,0.6265,2023,6,65,0.3266,0.0,3,5.333,-9,0
CZ-059,collique,-11.958667,-77.058844,25261,0.867,0.3294,0.4939,0.3413,0.3817,0.7545,0.1151,0.2751,0.6265,2023,7,66,0.5027,0.07,5,5.0,-1,0
CZ-059,collique,-11.958667,-77.058844,25261,0.867,0.3294,0.4939,0.3413,0.3817,0.7545,0.1151,0.2751,0.6265,2023,8,67,0.4744,-0.1905,5,4.333,-2,0
CZ-059,collique,-11.958667,-77.058844,25261,0.867,0.3294,0.4939,0.3413,0.3817,0.7545,0.1151,0.2751,0.6265,2023,9,68,0.4174,-0.22,2,4.0,-1,0
CZ-059,collique,-11.958667,-77.058844,25261,0.867,0.3294,0.4939,0.3413,0.3817,0.7545,0.1151,0.2751,0.6265,2023,10,69,0.4822,-0.1905,4,3.667,-1,0
CZ-059,collique,-11.958667,-77.058844,25261,0.867,0.3294,0.4939,0.3413,0.3817,0.7545,0.1151,0.2751,0.6265,2023,11,70,0.4986,-0.11,8,4.667,3,0
CZ-059,collique,-11.958667,-77.058844,25261,0.867,0.3294,0.4939,0.3413,0.3817,0.7545,0.1151,0.2751,0.6265,2023,12,71,0.4915,0.18,8,6.667,6,0
CZ-059,collique,-11.958667,-77.058844,25261,0.867,0.3294,0.4939,0.3413,0.3817,0.7545,0.1151,0.2751,0.6265,2024,1,72,0.4542,0.11,7,7.667,3,1
CZ-059,collique,-11.958667,-77.058844,25261,0.867,0.3294,0.4939,0.3413,0.3817,0.7545,0.1151,0.2751,0.6265,2024,2,73,0.3834,0.1905,6,7.0,-2,1
CZ-059,collique,-11.958667,-77.058844,25261,0.867,0.3294,0.4939,0.3413,0.3817,0.7545,0.1151,0.2751,0.6265,2024,3,74,0.429,0.22,15,9.333,7,1
CZ-059,collique,-11.958667,-77.058844,25261,0.867,0.3294,0.4939,0.3413,0.3817,0.7545,0.1151,0.2751,0.6265,2024,4,75,0.4288,0.1905,11,10.667,4,1
CZ-059,collique,-11.958667,-77.058844,25261,0.867,0.3294,0.4939,0.3413,0.3817,0.7545,0.1151,0.2751,0.6265,2024,5,76,0.5102,0.11,9,11.667,3,0
CZ-059,collique,-11.958667,-77.058844,25261,0.867,0.3294,0.4939,0.3413,0.3817,0.7545,0.1151,0.2751,0.6265,2024,6,77,0.459,0.0,10,10.0,-5,0
CZ-059,collique,-11.958667,-77.058844,25261,0.867,0.3294,0.4939,0.3413,0.3817,0.7545,0.1151,0.2751,0.6265,2024,7,78,0.5458,0.07,3,7.333,-8,0
CZ-059,collique,-11.958667,-77.058844,25261,0.867,0.3294,0.4939,0.3413,0.3817,0.7545,0.1151,0.2751,0.6265,2024,8,79,0.38,-0.1905,6,6.333,-3,0
CZ-059,collique,-11.958667,-77.058844,25261,0.867,0.3294,0.4939,0.3413,0.3817,0.7545,0.1151,0.2751,0.6265,2024,9,80,0.3925,-0.22,6,5.0,-4,0
CZ-059,collique,-11.958667,-77.058844,25261,0.867,0.3294,0.4939,0.3413,0.3817,0.7545,0.1151,0.2751,0.6265,2024,10,81,0.4223,-0.1905,7,6.333,4,0
CZ-059,collique,-11.958667,-77.058844,25261,0.867,0.3294,0.4939,0.3413,0.3817,0.7545,0.1151,0.2751,0.6265,2024,11,82,0.4011,-0.11,4,5.667,-2,0
CZ-059,collique,-11.958667,-77.058844,25261,0.867,0.3294,0.4939,0.3413,0.3817,0.7545,0.1151,0.2751,0.6265,2024,12,83,0.4429,0.18,6,5.667,0,0
CZ-059,collique,-11.958667,-77.058844,25261,0.867,0.3294,0.4939,0.3413,0.3817,0.7545,0.1151,0.2751,0.6265,2025,1,84,0.5023,0.11,4,4.667,-3,0
CZ-059,collique,-11.958667,-77.058844,25261,0.867,0.3294,0.4939,0.3413,0.3817,0.7545,0.1151,0.2751,0.6265,2025,2,85,0.4189,0.1905,7,5.667,3,1
CZ-059,collique,-11.958667,-77.058844,25261,0.867,0.3294,0.4939,0.3413,0.3817,0.7545,0.1151,0.2751,0.6265,2025,3,86,0.4362,0.22,8,6.333,2,1
CZ-059,collique,-11.958667,-77.058844,25261,0.867,0.3294,0.4939,0.3413,0.3817,0.7545,0.1151,0.2751,0.6265,2025,4,87,0.4127,0.1905,16,10.333,12,1
CZ-059,collique,-11.958667,-77.058844,25261,0.867,0.3294,0.4939,0.3413,0.3817,0.7545,0.1151,0.2751,0.6265,2025,5,88,0.459,0.11,14,12.667,7,1
CZ-059,collique,-11.958667,-77.058844,25261,0.867,0.3294,0.4939,0.3413,0.3817,0.7545,0.1151,0.2751,0.6265,2025,6,89,0.4324,0.0,17,15.667,9,1
CZ-059,collique,-11.958667,-77.058844,25261,0.867,0.3294,0.4939,0.3413,0.3817,0.7545,0.1151,0.2751,0.6265,2025,7,90,0.5429,0.07,12,14.333,-4,0
CZ-059,collique,-11.958667,-77.058844,25261,0.867,0.3294,0.4939,0.3413,0.3817,0.7545,0.1151,0.2751,0.6265,2025,8,91,0.3751,-0.1905,10,13.0,-4,0
CZ-059,collique,-11.958667,-77.058844,25261,0.867,0.3294,0.4939,0.3413,0.3817,0.7545,0.1151,0.2751,0.6265,2025,9,92,0.4743,-0.22,6,9.333,-11,0
CZ-059,collique,-11.958667,-77.058844,25261,0.867,0.3294,0.4939,0.3413,0.3817,0.7545,0.1151,0.2751,0.6265,2025,10,93,0.3078,-0.1905,5,7.0,-7,0
CZ-059,collique,-11.958667,-77.058844,25261,0.867,0.3294,0.4939,0.3413,0.3817,0.7545,0.1151,0.2751,0.6265,2025,11,94,0.4407,-0.11,8,6.333,-2,1
CZ-060,collique,-11.933814,-77.078387,21906,0.95,0.3273,0.6244,0.2377,0.567,0.4866,0.0648,0.3603,0.7915,2018,5,4,0.4703,0.11,6,5.0,3,0
CZ-060,collique,-11.933814,-77.078387,21906,0.95,0.3273,0.6244,0.2377,0.567,0.4866,0.0648,0.3603,0.7915,2018,6,5,0.4395,0.0,5,5.0,0,1
CZ-060,collique,-11.933814,-77.078387,21906,0.95,0.3273,0.6244,0.2377,0.567,0.4866,0.0648,0.3603,0.7915,2018,7,6,0.5727,0.07,5,5.333,1,0
CZ-060,collique,-11.933814,-77.078387,21906,0.95,0.3273,0.6244,0.2377,0.567,0.4866,0.0648,0.3603,0.7915,2018,8,7,0.4588,-0.1905,11,7.0,5,0
CZ-060,collique,-11.933814,-77.078387,21906,0.95,0.3273,0.6244,0.2377,0.567,0.4866,0.0648,0.3603,0.7915,2018,9,8,0.4807,-0.22,2,6.0,-3,0
CZ-060,collique,-11.933814,-77.078387,21906,0.95,0.3273,0.6244,0.2377,0.567,0.4866,0.0648,0.3603,0.7915,2018,10,9,0.4601,-0.1905,2,5.0,-3,0
CZ-060,collique,-11.933814,-77.078387,21906,0.95,0.3273,0.6244,0.2377,0.567,0.4866,0.0648,0.3603,0.7915,2018,11,10,0.4219,-0.11,2,2.0,-9,0
CZ-060,collique,-11.933814,-77.078387,21906,0.95,0.3273,0.6244,0.2377,0.567,0.4866,0.0648,0.3603,0.7915,2018,12,11,0.4928,0.18,1,1.667,-1,1
CZ-060,collique,-11.933814,-77.078387,21906,0.95,0.3273,0.6244,0.2377,0.567,0.4866,0.0648,0.3603,0.7915,2019,1,12,0.442,0.11,7,3.333,5,0
CZ-060,collique,-11.933814,-77.078387,21906,0.95,0.3273,0.6244,0.2377,0.567,0.4866,0.0648,0.3603,0.7915,2019,2,13,0.5053,0.1905,9,5.667,7,0
CZ-060,collique,-11.933814,-77.078387,21906,0.95,0.3273,0.6244,0.2377,0.567,0.4866,0.0648,0.3603,0.7915,2019,3,14,0.4291,0.22,8,8.0,7,0
CZ-060,collique,-11.933814,-77.078387,21906,0.95,0.3273,0.6244,0.2377,0.567,0.4866,0.0648,0.3603,0.7915,2019,4,15,0.5227,0.1905,4,7.0,-3,0
CZ-060,collique,-11.933814,-77.078387,21906,0.95,0.3273,0.6244,0.2377,0.567,0.4866,0.0648,0.3603,0.7915,2019,5,16,0.4277,0.11,6,6.0,-3,0
CZ-060,collique,-11.933814,-77.078387,21906,0.95,0.3273,0.6244,0.2377,0.567,0.4866,0.0648,0.3603,0.7915,2019,6,17,0.4944,0.0,5,5.0,-3,0
CZ-060,collique,-11.933814,-77.078387,21906,0.95,0.3273,0.6244,0.2377,0.567,0.4866,0.0648,0.3603,0.7915,2019,7,18,0.5544,0.07,3,4.667,-1,0
CZ-060,collique,-11.933814,-77.078387,21906,0.95,0.3273,0.6244,0.2377,0.567,0.4866,0.0648,0.3603,0.7915,2019,8,19,0.4995,-0.1905,3,3.667,-3,0
CZ-060,collique,-11.933814,-77.078387,21906,0.95,0.3273,0.6244,0.2377,0.567,0.4866,0.0648,0.3603,0.7915,2019,9,20,0.4171,-0.22,6,4.0,1,0
CZ-060,collique,-11.933814,-77.078387,21906,0.95,0.3273,0.6244,0.2377,0.567,0.4866,0.0648,0.3603,0.7915,2019,10,21,0.5676,-0.1905,6,5.0,3,0
CZ-060,collique,-11.933814,-77.078387,21906,0.95,0.3273,0.6244,0.2377,0.567,0.4866,0.0648,0.3603,0.7915,2019,11,22,0.4619,-0.11,6,6.0,3,0
CZ-060,collique,-11.933814,-77.078387,21906,0.95,0.3273,0.6244,0.2377,0.567,0.4866,0.0648,0.3603,0.7915,2019,12,23,0.5797,0.18,4,5.333,-2,0
CZ-060,collique,-11.933814,-77.078387,21906,0.95,0.3273,0.6244,0.2377,0.567,0.4866,0.0648,0.3603,0.7915,2020,1,24,0.4279,0.11,8,6.0,2,0
CZ-060,collique,-11.933814,-77.078387,21906,0.95,0.3273,0.6244,0.2377,0.567,0.4866,0.0648,0.3603,0.7915,2020,2,25,0.3528,0.1905,6,6.0,0,0
CZ-060,collique,-11.933814,-77.078387,21906,0.95,0.3273,0.6244,0.2377,0.567,0.4866,0.0648,0.3603,0.7915,2020,3,26,0.4505,0.22,4,6.0,0,1
CZ-060,collique,-11.933814,-77.078387,21906,0.95,0.3273,0.6244,0.2377,0.567,0.4866,0.0648,0.3603,0.7915,2020,4,27,0.5909,0.1905,4,4.667,-4,0
CZ-060,collique,-11.933814,-77.078387,21906,0.95,0.3273,0.6244,0.2377,0.567,0.4866,0.0648,0.3603,0.7915,2020,5,28,0.436,0.11,9,5.667,3,0
CZ-060,collique,-11.933814,-77.078387,21906,0.95,0.3273,0.6244,0.2377,0.567,0.4866,0.0648,0.3603,0.7915,2020,6,29,0.4549,0.0,4,5.667,0,0
CZ-060,collique,-11.933814,-77.078387,21906,0.95,0.3273,0.6244,0.2377,0.567,0.4866,0.0648,0.3603,0.7915,2020,7,30,0.5176,0.07,3,5.333,-1,0
CZ-060,collique,-11.933814,-77.078387,21906,0.95,0.3273,0.6244,0.2377,0.567,0.4866,0.0648,0.3603,0.7915,2020,8,31,0.4979,-0.1905,6,4.333,-3,0
CZ-060,collique,-11.933814,-77.078387,21906,0.95,0.3273,0.6244,0.2377,0.567,0.4866,0.0648,0.3603,0.7915,2020,9,32,0.4206,-0.22,8,5.667,4,0
CZ-060,collique,-11.933814,-77.078387,21906,0.95,0.3273,0.6244,0.2377,0.567,0.4866,0.0648,0.3603,0.7915,2020,10,33,0.4326,-0.1905,1,5.0,-2,0
CZ-060,collique,-11.933814,-77.078387,21906,0.95,0.3273,0.6244,0.2377,0.567,0.4866,0.0648,0.3603,0.7915,2020,11,34,0.4308,-0.11,2,3.667,-4,0
CZ-060,collique,-11.933814,-77.078387,21906,0.95,0.3273,0.6244,0.2377,0.567,0.4866,0.0648,0.3603,0.7915,2020,12,35,0.5136,0.18,2,1.667,-6,0
CZ-060,collique,-11.933814,-77.078387,21906,0.95,0.3273,0.6244,0.2377,0.567,0.4866,0.0648,0.3603,0.7915,2021,1,36,0.3928,0.11,2,2.0,1,1
CZ-060,collique,-11.933814,-77.078387,21906,0.95,0.3273,0.6244,0.2377,0.567,0.4866,0.0648,0.3603,0.7915,2021,2,37,0.5393,0.1905,6,3.333,4,1
CZ-060,collique,-11.933814,-77.078387,21906,0.95,0.3273,0.6244,0.2377,0.567,0.4866,0.0648,0.3603,0.7915,2021,3,38,0.4469,0.22,9,5.667,7,0
CZ-060,collique,-11.933814,-77.078387,21906,0.95,0.3273,0.6244,0.2377,0.567,0.4866,0.0648,0.3603,0.7915,2021,4,39,0.5554,0.1905,10,8.333,8,0
CZ-060,collique,-11.933814,-77.078387,21906,0.95,0.3273,0.6244,0.2377,0.567,0.4866,0.0648,0.3603,0.7915,2021,5,40,0.4834,0.11,8,9.0,2,0
CZ-060,collique,-11.933814,-77.078387,21906,0.95,0.3273,0.6244,0.2377,0.567,0.4866,0.0648,0.3603,0.7915,2021,6,41,0.4321,0.0,6,8.0,-3,0
CZ-060,collique,-11.933814,-77.078387,21906,0.95,0.3273,0.6244,0.2377,0.567,0.4866,0.0648,0.3603,0.7915,2021,7,42,0.5074,0.07,3,5.667,-7,0
CZ-060,collique,-11.933814,-77.078387,21906,0.95,0.3273,0.6244,0.2377,0.567,0.4866,0.0648,0.3603,0.7915,2021,8,43,0.4971,-0.1905,6,5.0,-2,0
CZ-060,collique,-11.933814,-77.078387,21906,0.95,0.3273,0.6244,0.2377,0.567,0.4866,0.0648,0.3603,0.7915,2021,9,44,0.3988,-0.22,3,4.0,-3,0
CZ-060,collique,-11.933814,-77.078387,21906,0.95,0.3273,0.6244,0.2377,0.567,0.4866,0.0648,0.3603,0.7915,2021,10,45,0.4349,-0.1905,3,4.0,0,0
CZ-060,collique,-11.933814,-77.078387,21906,0.95,0.3273,0.6244,0.2377,0.567,0.4866,0.0648,0.3603,0.7915,2021,11,46,0.4627,-0.11,3,3.0,-3,0
CZ-060,collique,-11.933814,-77.078387,21906,0.95,0.3273,0.6244,0.2377,0.567,0.4866,0.0648,0.3603,0.7915,2021,12,47,0.5361,0.18,1,2.333,-2,0
CZ-060,collique,-11.933814,-77.078387,21906,0.95,0.3273,0.6244,0.2377,0.567,0.4866,0.0648,0.3603,0.7915,2022,1,48,0.5395,0.11,2,2.0,-1,0
CZ-060,collique,-11.933814,-77.078387,21906,0.95,0.3273,0.6244,0.2377,0.567,0.4866,0.0648,0.3603,0.7915,2022,2,49,0.4354,0.1905,7,3.333,4,0
CZ-060,collique,-11.933814,-77.078387,21906,0.95,0.3273,0.6244,0.2377,0.567,0.4866,0.0648,0.3603,0.7915,2022,3,50,0.4466,0.22,6,5.0,5,0
CZ-060,collique,-11.933814,-77.078387,21906,0.95,0.3273,0.6244,0.2377,0.567,0.4866,0.0648,0.3603,0.7915,2022,4,51,0.5106,0.1905,6,6.333,4,1
CZ-060,collique,-11.933814,-77.078387,21906,0.95,0.3273,0.6244,0.2377,0.567,0.4866,0.0648,0.3603,0.7915,2022,5,52,0.4181,0.11,6,6.0,-1,0
CZ-060,collique,-11.933814,-77.078387,21906,0.95,0.3273,0.6244,0.2377,0.567,0.4866,0.0648,0.3603,0.7915,2022,6,53,0.4395,0.0,10,7.333,4,0
CZ-060,collique,-11.933814,-77.078387,21906,0.95,0.3273,0.6244,0.2377,0.567,0.4866,0.0648,0.3603,0.7915,2022,7,54,0.6035,0.07,8,8.0,2,0
CZ-060,collique,-11.933814,-77.078387,21906,0.95,0.3273,0.6244,0.2377,0.567,0.4866,0.0648,0.3603,0.7915,2022,8,55,0.4166,-0.1905,4,7.333,-2,0
CZ-060,collique,-11.933814,-77.078387,21906,0.95,0.3273,0.6244,0.2377,0.567,0.4866,0.0648,0.3603,0.7915,2022,9,56,0.4346,-0.22,7,6.333,-3,0
CZ-060,collique,-11.933814,-77.078387,21906,0.95,0.3273,0.6244,0.2377,0.567,0.4866,0.0648,0.3603,0.7915,2022,10,57,0.5475,-0.1905,7,6.0,-1,1
CZ-060,collique,-11.933814,-77.078387,21906,0.95,0.3273,0.6244,0.2377,0.567,0.4866,0.0648,0.3603,0.7915,2022,11,58,0.4704,-0.11,3,5.667,-1,1
CZ-060,collique,-11.933814,-77.078387,21906,0.95,0.3273,0.6244,0.2377,0.567,0.4866,0.0648,0.3603,0.7915,2022,12,59,0.6272,0.18,9,6.333,2,0
CZ-060,collique,-11.933814,-77.078387,21906,0.95,0.3273,0.6244,0.2377,0.567,0.4866,0.0648,0.3603,0.7915,2023,1,60,0.4546,0.11,9,7.0,2,0
CZ-060,collique,-11.933814,-77.078387,21906,0.95,0.3273,0.6244,0.2377,0.567,0.4866,0.0648,0.3603,0.7915,2023,2,61,0.442,0.1905,7,8.333,4,0
CZ-060,collique,-11.933814,-77.078387,21906,0.95,0.3273,0.6244,0.2377,0.567,0.4866,0.0648,0.3603,0.7915,2023,3,62,0.4673,0.22,4,6.667,-5,0
CZ-060,collique,-11.933814,-77.078387,21906,0.95,0.3273,0.6244,0.2377,0.567,0.4866,0.0648,0.3603,0.7915,2023,4,63,0.4739,0.1905,5,5.333,-4,1
CZ-060,collique,-11.933814,-77.078387,21906,0.95,0.3273,0.6244,0.2377,0.567,0.4866,0.0648,0.3603,0.7915,2023,5,64,0.4968,0.11,6,5.0,-1,0
CZ-060,collique,-11.933814,-77.078387,21906,0.95,0.3273,0.6244,0.2377,0.567,0.4866,0.0648,0.3603,0.7915,2023,6,65,0.4938,0.0,10,7.0,6,0
CZ-060,collique,-11.933814,-77.078387,21906,0.95,0.3273,0.6244,0.2377,0.567,0.4866,0.0648,0.3603,0.7915,2023,7,66,0.6188,0.07,4,6.667,-1,0
CZ-060,collique,-11.933814,-77.078387,21906,0.95,0.3273,0.6244,0.2377,0.567,0.4866,0.0648,0.3603,0.7915,2023,8,67,0.4458,-0.1905,5,6.333,-1,0
CZ-060,collique,-11.933814,-77.078387,21906,0.95,0.3273,0.6244,0.2377,0.567,0.4866,0.0648,0.3603,0.7915,2023,9,68,0.4638,-0.22,4,4.333,-6,0
CZ-060,collique,-11.933814,-77.078387,21906,0.95,0.3273,0.6244,0.2377,0.567,0.4866,0.0648,0.3603,0.7915,2023,10,69,0.413,-0.1905,5,4.667,1,0
CZ-060,collique,-11.933814,-77.078387,21906,0.95,0.3273,0.6244,0.2377,0.567,0.4866,0.0648,0.3603,0.7915,2023,11,70,0.4805,-0.11,4,4.333,-1,1
CZ-060,collique,-11.933814,-77.078387,21906,0.95,0.3273,0.6244,0.2377,0.567,0.4866,0.0648,0.3603,0.7915,2023,12,71,0.5521,0.18,7,5.333,3,0
CZ-060,collique,-11.933814,-77.078387,21906,0.95,0.3273,0.6244,0.2377,0.567,0.4866,0.0648,0.3603,0.7915,2024,1,72,0.4637,0.11,10,7.0,5,0
CZ-060,collique,-11.933814,-77.078387,21906,0.95,0.3273,0.6244,0.2377,0.567,0.4866,0.0648,0.3603,0.7915,2024,2,73,0.4343,0.1905,8,8.333,4,0
CZ-060,collique,-11.933814,-77.078387,21906,0.95,0.3273,0.6244,0.2377,0.567,0.4866,0.0648,0.3603,0.7915,2024,3,74,0.434,0.22,6,8.0,-1,0
CZ-060,collique,-11.933814,-77.078387,21906,0.95,0.3273,0.6244,0.2377,0.567,0.4866,0.0648,0.3603,0.7915,2024,4,75,0.5182,0.1905,5,6.333,-5,0
CZ-060,collique,-11.933814,-77.078387,21906,0.95,0.3273,0.6244,0.2377,0.567,0.4866,0.0648,0.3603,0.7915,2024,5,76,0.4713,0.11,3,4.667,-5,0
CZ-060,collique,-11.933814,-77.078387,21906,0.95,0.3273,0.6244,0.2377,0.567,0.4866,0.0648,0.3603,0.7915,2024,6,77,0.4623,0.0,6,4.667,0,0
CZ-060,collique,-11.933814,-77.078387,21906,0.95,0.3273,0.6244,0.2377,0.567,0.4866,0.0648,0.3603,0.7915,2024,7,78,0.5554,0.07,7,5.333,2,0
CZ-060,collique,-11.933814,-77.078387,21906,0.95,0.3273,0.6244,0.2377,0.567,0.4866,0.0648,0.3603,0.7915,2024,8,79,0.3946,-0.1905,7,6.667,4,1
CZ-060,collique,-11.933814,-77.078387,21906,0.95,0.3273,0.6244,0.2377,0.567,0.4866,0.0648,0.3603,0.7915,2024,9,80,0.4852,-0.22,4,6.0,-2,0
CZ-060,collique,-11.933814,-77.078387,21906,0.95,0.3273,0.6244,0.2377,0.567,0.4866,0.0648,0.3603,0.7915,2024,10,81,0.5042,-0.1905,12,7.667,5,1
CZ-060,collique,-11.933814,-77.078387,21906,0.95,0.3273,0.6244,0.2377,0.567,0.4866,0.0648,0.3603,0.7915,2024,11,82,0.4735,-0.11,4,6.667,-3,0
CZ-060,collique,-11.933814,-77.078387,21906,0.95,0.3273,0.6244,0.2377,0.567,0.4866,0.0648,0.3603,0.7915,2024,12,83,0.5261,0.18,12,9.333,8,1
CZ-060,collique,-11.933814,-77.078387,21906,0.95,0.3273,0.6244,0.2377,0.567,0.4866,0.0648,0.3603,0.7915,2025,1,84,0.4594,0.11,3,6.333,-9,1
CZ-060,collique,-11.933814,-77.078387,21906,0.95,0.3273,0.6244,0.2377,0.567,0.4866,0.0648,0.3603,0.7915,2025,2,85,0.4981,0.1905,10,8.333,6,1
CZ-060,collique,-11.933814,-77.078387,21906,0.95,0.3273,0.6244,0.2377,0.567,0.4866,0.0648,0.3603,0.7915,2025,3,86,0.4588,0.22,9,7.333,-3,0
CZ-060,collique,-11.933814,-77.078387,21906,0.95,0.3273,0.6244,0.2377,0.567,0.4866,0.0648,0.3603,0.7915,2025,4,87,0.56,0.1905,15,11.333,12,0
CZ-060,collique,-11.933814,-77.078387,21906,0.95,0.3273,0.6244,0.2377,0.567,0.4866,0.0648,0.3603,0.7915,2025,5,88,0.4582,0.11,7,10.333,-3,0
CZ-060,collique,-11.933814,-77.078387,21906,0.95,0.3273,0.6244,0.2377,0.567,0.4866,0.0648,0.3603,0.7915,2025,6,89,0.4296,0.0,4,8.667,-5,1
CZ-060,collique,-11.933814,-77.078387,21906,0.95,0.3273,0.6244,0.2377,0.567,0.4866,0.0648,0.3603,0.7915,2025,7,90,0.5793,0.07,4,5.0,-11,0
CZ-060,collique,-11.933814,-77.078387,21906,0.95,0.3273,0.6244,0.2377,0.567,0.4866,0.0648,0.3603,0.7915,2025,8,91,0.3979,-0.1905,9,5.667,2,0
CZ-060,collique,-11.933814,-77.078387,21906,0.95,0.3273,0.6244,0.2377,0.567,0.4866,0.0648,0.3603,0.7915,2025,9,92,0.4562,-0.22,4,5.667,0,0
CZ-060,collique,-11.933814,-77.078387,21906,0.95,0.3273,0.6244,0.2377,0.567,0.4866,0.0648,0.3603,0.7915,2025,10,93,0.506,-0.1905,6,6.333,2,0
CZ-060,collique,-11.933814,-77.078387,21906,0.95,0.3273,0.6244,0.2377,0.567,0.4866,0.0648,0.3603,0.7915,2025,11,94,0.6134,-0.11,6,5.333,-3,1
CZ-061,tahuantinsuyo,-11.961879,-77.032725,11510,0.4563,0.2612,0.5439,0.4839,0.4907,0.5517,0.1694,0.3692,0.8487,2018,5,4,0.3911,0.11,1,3.0,-1,0
CZ-061,tahuantinsuyo,-11.961879,-77.032725,11510,0.4563,0.2612,0.5439,0.4839,0.4907,0.5517,0.1694,0.3692,0.8487,2018,6,5,0.4448,0.0,2,2.667,-1,0
CZ-061,tahuantinsuyo,-11.961879,-77.032725,11510,0.4563,0.2612,0.5439,0.4839,0.4907,0.5517,0.1694,0.3692,0.8487,2018,7,6,0.6043,0.07,1,1.333,-4,0
CZ-061,tahuantinsuyo,-11.961879,-77.032725,11510,0.4563,0.2612,0.5439,0.4839,0.4907,0.5517,0.1694,0.3692,0.8487,2018,8,7,0.4399,-0.1905,1,1.333,0,0
CZ-061,tahuantinsuyo,-11.961879,-77.032725,11510,0.4563,0.2612,0.5439,0.4839,0.4907,0.5517,0.1694,0.3692,0.8487,2018,9,8,0.473,-0.22,4,2.0,2,0
CZ-061,tahuantinsuyo,-11.961879,-77.032725,11510,0.4563,0.2612,0.5439,0.4839,0.4907,0.5517,0.1694,0.3692,0.8487,2018,10,9,0.4613,-0.1905,5,3.333,4,0
CZ-061,tahuantinsuyo,-11.961879,-77.032725,11510,0.4563,0.2612,0.5439,0.4839,0.4907,0.5517,0.1694,0.3692,0.8487,2018,11,10,0.3688,-0.11,5,4.667,4,0
CZ-061,tahuantinsuyo,-11.961879,-77.032725,11510,0.4563,0.2612,0.5439,0.4839,0.4907,0.5517,0.1694,0.3692,0.8487,2018,12,11,0.5041,0.18,1,3.667,-3,0
CZ-061,tahuantinsuyo,-11.961879,-77.032725,11510,0.4563,0.2612,0.5439,0.4839,0.4907,0.5517,0.1694,0.3692,0.8487,2019,1,12,0.4918,0.11,2,2.667,-3,0
CZ-061,tahuantinsuyo,-11.961879,-77.032725,11510,0.4563,0.2612,0.5439,0.4839,0.4907,0.5517,0.1694,0.3692,0.8487,2019,2,13,0.548,0.1905,2,1.667,-3,0
CZ-061,tahuantinsuyo,-11.961879,-77.032725,11510,0.4563,0.2612,0.5439,0.4839,0.4907,0.5517,0.1694,0.3692,0.8487,2019,3,14,0.4789,0.22,4,2.667,3,0
CZ-061,tahuantinsuyo,-11.961879,-77.032725,11510,0.4563,0.2612,0.5439,0.4839,0.4907,0.5517,0.1694,0.3692,0.8487,2019,4,15,0.4316,0.1905,3,3.0,1,0
CZ-061,tahuantinsuyo,-11.961879,-77.032725,11510,0.4563,0.2612,0.5439,0.4839,0.4907,0.5517,0.1694,0.3692,0.8487,2019,5,16,0.5392,0.11,2,3.0,0,0
CZ-061,tahuantinsuyo,-11.961879,-77.032725,11510,0.4563,0.2612,0.5439,0.4839,0.4907,0.5517,0.1694,0.3692,0.8487,2019,6,17,0.4322,0.0,3,2.667,-1,0
CZ-061,tahuantinsuyo,-11.961879,-77.032725,11510,0.4563,0.2612,0.5439,0.4839,0.4907,0.5517,0.1694,0.3692,0.8487,2019,7,18,0.4863,0.07,3,2.667,0,0
CZ-061,tahuantinsuyo,-11.961879,-77.032725,11510,0.4563,0.2612,0.5439,0.4839,0.4907,0.5517,0.1694,0.3692,0.8487,2019,8,19,0.4131,-0.1905,2,2.667,0,0
CZ-061,tahuantinsuyo,-11.961879,-77.032725,11510,0.4563,0.2612,0.5439,0.4839,0.4907,0.5517,0.1694,0.3692,0.8487,2019,9,20,0.4396,-0.22,2,2.333,-1,0
CZ-061,tahuantinsuyo,-11.961879,-77.032725,11510,0.4563,0.2612,0.5439,0.4839,0.4907,0.5517,0.1694,0.3692,0.8487,2019,10,21,0.4192,-0.1905,2,2.0,-1,0
CZ-061,tahuantinsuyo,-11.961879,-77.032725,11510,0.4563,0.2612,0.5439,0.4839,0.4907,0.5517,0.1694,0.3692,0.8487,2019,11,22,0.3771,-0.11,4,2.667,2,0
CZ-061,tahuantinsuyo,-11.961879,-77.032725,11510,0.4563,0.2612,0.5439,0.4839,0.4907,0.5517,0.1694,0.3692,0.8487,2019,12,23,0.4993,0.18,2,2.667,0,0
CZ-061,tahuantinsuyo,-11.961879,-77.032725,11510,0.4563,0.2612,0.5439,0.4839,0.4907,0.5517,0.1694,0.3692,0.8487,2020,1,24,0.2757,0.11,3,3.0,1,0
CZ-061,tahuantinsuyo,-11.961879,-77.032725,11510,0.4563,0.2612,0.5439,0.4839,0.4907,0.5517,0.1694,0.3692,0.8487,2020,2,25,0.4973,0.1905,6,3.667,2,0
CZ-061,tahuantinsuyo,-11.961879,-77.032725,11510,0.4563,0.2612,0.5439,0.4839,0.4907,0.5517,0.1694,0.3692,0.8487,2020,3,26,0.4658,0.22,6,5.0,4,0
CZ-061,tahuantinsuyo,-11.961879,-77.032725,11510,0.4563,0.2612,0.5439,0.4839,0.4907,0.5517,0.1694,0.3692,0.8487,2020,4,27,0.4889,0.1905,4,5.333,1,0
CZ-061,tahuantinsuyo,-11.961879,-77.032725,11510,0.4563,0.2612,0.5439,0.4839,0.4907,0.5517,0.1694,0.3692,0.8487,2020,5,28,0.4424,0.11,6,5.333,0,0
CZ-061,tahuantinsuyo,-11.961879,-77.032725,11510,0.4563,0.2612,0.5439,0.4839,0.4907,0.5517,0.1694,0.3692,0.8487,2020,6,29,0.4436,0.0,3,4.333,-3,0
CZ-061,tahuantinsuyo,-11.961879,-77.032725,11510,0.4563,0.2612,0.5439,0.4839,0.4907,0.5517,0.1694,0.3692,0.8487,2020,7,30,0.5114,0.07,2,3.667,-2,0
CZ-061,tahuantinsuyo,-11.961879,-77.032725,11510,0.4563,0.2612,0.5439,0.4839,0.4907,0.5517,0.1694,0.3692,0.8487,2020,8,31,0.4518,-0.1905,2,2.333,-4,0
CZ-061,tahuantinsuyo,-11.961879,-77.032725,11510,0.4563,0.2612,0.5439,0.4839,0.4907,0.5517,0.1694,0.3692,0.8487,2020,9,32,0.4144,-0.22,7,3.667,4,0
CZ-061,tahuantinsuyo,-11.961879,-77.032725,11510,0.4563,0.2612,0.5439,0.4839,0.4907,0.5517,0.1694,0.3692,0.8487,2020,10,33,0.4918,-0.1905,2,3.667,0,0
CZ-061,tahuantinsuyo,-11.961879,-77.032725,11510,0.4563,0.2612,0.5439,0.4839,0.4907,0.5517,0.1694,0.3692,0.8487,2020,11,34,0.4472,-0.11,1,3.333,-1,0
CZ-061,tahuantinsuyo,-11.961879,-77.032725,11510,0.4563,0.2612,0.5439,0.4839,0.4907,0.5517,0.1694,0.3692,0.8487,2020,12,35,0.501,0.18,4,2.333,-3,0
CZ-061,tahuantinsuyo,-11.961879,-77.032725,11510,0.4563,0.2612,0.5439,0.4839,0.4907,0.5517,0.1694,0.3692,0.8487,2021,1,36,0.4932,0.11,4,3.0,2,0
CZ-061,tahuantinsuyo,-11.961879,-77.032725,11510,0.4563,0.2612,0.5439,0.4839,0.4907,0.5517,0.1694,0.3692,0.8487,2021,2,37,0.5418,0.1905,4,4.0,3,0
CZ-061,tahuantinsuyo,-11.961879,-77.032725,11510,0.4563,0.2612,0.5439,0.4839,0.4907,0.5517,0.1694,0.3692,0.8487,2021,3,38,0.4297,0.22,8,5.333,4,0
CZ-061,tahuantinsuyo,-11.961879,-77.032725,11510,0.4563,0.2612,0.5439,0.4839,0.4907,0.5517,0.1694,0.3692,0.8487,2021,4,39,0.497,0.1905,3,5.0,-1,0
CZ-061,tahuantinsuyo,-11.961879,-77.032725,11510,0.4563,0.2612,0.5439,0.4839,0.4907,0.5517,0.1694,0.3692,0.8487,2021,5,40,0.4626,0.11,6,5.667,2,0
CZ-061,tahuantinsuyo,-11.961879,-77.032725,11510,0.4563,0.2612,0.5439,0.4839,0.4907,0.5517,0.1694,0.3692,0.8487,2021,6,41,0.4853,0.0,2,3.667,-6,0
CZ-061,tahuantinsuyo,-11.961879,-77.032725,11510,0.4563,0.2612,0.5439,0.4839,0.4907,0.5517,0.1694,0.3692,0.8487,2021,7,42,0.5652,0.07,2,3.333,-1,0
CZ-061,tahuantinsuyo,-11.961879,-77.032725,11510,0.4563,0.2612,0.5439,0.4839,0.4907,0.5517,0.1694,0.3692,0.8487,2021,8,43,0.3456,-0.1905,5,3.0,-1,0
CZ-061,tahuantinsuyo,-11.961879,-77.032725,11510,0.4563,0.2612,0.5439,0.4839,0.4907,0.5517,0.1694,0.3692,0.8487,2021,9,44,0.3652,-0.22,3,3.333,1,0
CZ-061,tahuantinsuyo,-11.961879,-77.032725,11510,0.4563,0.2612,0.5439,0.4839,0.4907,0.5517,0.1694,0.3692,0.8487,2021,10,45,0.4884,-0.1905,1,3.0,-1,0
CZ-061,tahuantinsuyo,-11.961879,-77.032725,11510,0.4563,0.2612,0.5439,0.4839,0.4907,0.5517,0.1694,0.3692,0.8487,2021,11,46,0.458,-0.11,2,2.0,-3,0
CZ-061,tahuantinsuyo,-11.961879,-77.032725,11510,0.4563,0.2612,0.5439,0.4839,0.4907,0.5517,0.1694,0.3692,0.8487,2021,12,47,0.4769,0.18,8,3.667,5,0
CZ-061,tahuantinsuyo,-11.961879,-77.032725,11510,0.4563,0.2612,0.5439,0.4839,0.4907,0.5517,0.1694,0.3692,0.8487,2022,1,48,0.4132,0.11,2,4.0,1,0
CZ-061,tahuantinsuyo,-11.961879,-77.032725,11510,0.4563,0.2612,0.5439,0.4839,0.4907,0.5517,0.1694,0.3692,0.8487,2022,2,49,0.4528,0.1905,3,4.333,1,0
CZ-061,tahuantinsuyo,-11.961879,-77.032725,11510,0.4563,0.2612,0.5439,0.4839,0.4907,0.5517,0.1694,0.3692,0.8487,2022,3,50,0.4972,0.22,6,3.667,-2,0
CZ-061,tahuantinsuyo,-11.961879,-77.032725,11510,0.4563,0.2612,0.5439,0.4839,0.4907,0.5517,0.1694,0.3692,0.8487,2022,4,51,0.4874,0.1905,1,3.333,-1,0
CZ-061,tahuantinsuyo,-11.961879,-77.032725,11510,0.4563,0.2612,0.5439,0.4839,0.4907,0.5517,0.1694,0.3692,0.8487,2022,5,52,0.3104,0.11,4,3.667,1,0
CZ-061,tahuantinsuyo,-11.961879,-77.032725,11510,0.4563,0.2612,0.5439,0.4839,0.4907,0.5517,0.1694,0.3692,0.8487,2022,6,53,0.4638,0.0,5,3.333,-1,0
CZ-061,tahuantinsuyo,-11.961879,-77.032725,11510,0.4563,0.2612,0.5439,0.4839,0.4907,0.5517,0.1694,0.3692,0.8487,2022,7,54,0.5181,0.07,6,5.0,5,0
CZ-061,tahuantinsuyo,-11.961879,-77.032725,11510,0.4563,0.2612,0.5439,0.4839,0.4907,0.5517,0.1694,0.3692,0.8487,2022,8,55,0.3603,-0.1905,1,4.0,-3,0
CZ-061,tahuantinsuyo,-11.961879,-77.032725,11510,0.4563,0.2612,0.5439,0.4839,0.4907,0.5517,0.1694,0.3692,0.8487,2022,9,56,0.472,-0.22,2,3.0,-3,0
CZ-061,tahuantinsuyo,-11.961879,-77.032725,11510,0.4563,0.2612,0.5439,0.4839,0.4907,0.5517,0.1694,0.3692,0.8487,2022,10,57,0.4495,-0.1905,3,2.0,-3,0
CZ-061,tahuantinsuyo,-11.961879,-77.032725,11510,0.4563,0.2612,0.5439,0.4839,0.4907,0.5517,0.1694,0.3692,0.8487,2022,11,58,0.3463,-0.11,1,2.0,0,0
CZ-061,tahuantinsuyo,-11.961879,-77.032725,11510,0.4563,0.2612,0.5439,0.4839,0.4907,0.5517,0.1694,0.3692,0.8487,2022,12,59,0.4836,0.18,2,2.0,0,0
CZ-061,tahuantinsuyo,-11.961879,-77.032725,11510,0.4563,0.2612,0.5439,0.4839,0.4907,0.5517,0.1694,0.3692,0.8487,2023,1,60,0.4295,0.11,7,3.333,4,0
CZ-061,tahuantinsuyo,-11.961879,-77.032725,11510,0.4563,0.2612,0.5439,0.4839,0.4907,0.5517,0.1694,0.3692,0.8487,2023,2,61,0.5153,0.1905,3,4.0,2,0
CZ-061,tahuantinsuyo,-11.961879,-77.032725,11510,0.4563,0.2612,0.5439,0.4839,0.4907,0.5517,0.1694,0.3692,0.8487,2023,3,62,0.4401,0.22,1,3.667,-1,0
CZ-061,tahuantinsuyo,-11.961879,-77.032725,11510,0.4563,0.2612,0.5439,0.4839,0.4907,0.5517,0.1694,0.3692,0.8487,2023,4,63,0.4547,0.1905,6,3.333,-1,0
CZ-061,tahuantinsuyo,-11.961879,-77.032725,11510,0.4563,0.2612,0.5439,0.4839,0.4907,0.5517,0.1694,0.3692,0.8487,2023,5,64,0.3911,0.11,4,3.667,1,0
CZ-061,tahuantinsuyo,-11.961879,-77.032725,11510,0.4563,0.2612,0.5439,0.4839,0.4907,0.5517,0.1694,0.3692,0.8487,2023,6,65,0.4424,0.0,3,4.333,2,0
CZ-061,tahuantinsuyo,-11.961879,-77.032725,11510,0.4563,0.2612,0.5439,0.4839,0.4907,0.5517,0.1694,0.3692,0.8487,2023,7,66,0.5426,0.07,8,5.0,2,0
CZ-061,tahuantinsuyo,-11.961879,-77.032725,11510,0.4563,0.2612,0.5439,0.4839,0.4907,0.5517,0.1694,0.3692,0.8487,2023,8,67,0.464,-0.1905,2,4.333,-2,0
CZ-061,tahuantinsuyo,-11.961879,-77.032725,11510,0.4563,0.2612,0.5439,0.4839,0.4907,0.5517,0.1694,0.3692,0.8487,2023,9,68,0.5301,-0.22,3,4.333,0,0
CZ-061,tahuantinsuyo,-11.961879,-77.032725,11510,0.4563,0.2612,0.5439,0.4839,0.4907,0.5517,0.1694,0.3692,0.8487,2023,10,69,0.5105,-0.1905,4,3.0,-4,0
CZ-061,tahuantinsuyo,-11.961879,-77.032725,11510,0.4563,0.2612,0.5439,0.4839,0.4907,0.5517,0.1694,0.3692,0.8487,2023,11,70,0.3515,-0.11,1,2.667,-1,0
CZ-061,tahuantinsuyo,-11.961879,-77.032725,11510,0.4563,0.2612,0.5439,0.4839,0.4907,0.5517,0.1694,0.3692,0.8487,2023,12,71,0.509,0.18,2,2.333,-1,0
CZ-061,tahuantinsuyo,-11.961879,-77.032725,11510,0.4563,0.2612,0.5439,0.4839,0.4907,0.5517,0.1694,0.3692,0.8487,2024,1,72,0.4657,0.11,5,2.667,1,1
CZ-061,tahuantinsuyo,-11.961879,-77.032725,11510,0.4563,0.2612,0.5439,0.4839,0.4907,0.5517,0.1694,0.3692,0.8487,2024,2,73,0.4904,0.1905,7,4.667,6,0
CZ-061,tahuantinsuyo,-11.961879,-77.032725,11510,0.4563,0.2612,0.5439,0.4839,0.4907,0.5517,0.1694,0.3692,0.8487,2024,3,74,0.3973,0.22,14,8.667,12,0
CZ-061,tahuantinsuyo,-11.961879,-77.032725,11510,0.4563,0.2612,0.5439,0.4839,0.4907,0.5517,0.1694,0.3692,0.8487,2024,4,75,0.5119,0.1905,8,9.667,3,0
CZ-061,tahuantinsuyo,-11.961879,-77.032725,11510,0.4563,0.2612,0.5439,0.4839,0.4907,0.5517,0.1694,0.3692,0.8487,2024,5,76,0.3861,0.11,3,8.333,-4,0
CZ-061,tahuantinsuyo,-11.961879,-77.032725,11510,0.4563,0.2612,0.5439,0.4839,0.4907,0.5517,0.1694,0.3692,0.8487,2024,6,77,0.4554,0.0,2,4.333,-12,0
CZ-061,tahuantinsuyo,-11.961879,-77.032725,11510,0.4563,0.2612,0.5439,0.4839,0.4907,0.5517,0.1694,0.3692,0.8487,2024,7,78,0.6024,0.07,5,3.333,-3,0
CZ-061,tahuantinsuyo,-11.961879,-77.032725,11510,0.4563,0.2612,0.5439,0.4839,0.4907,0.5517,0.1694,0.3692,0.8487,2024,8,79,0.5409,-0.1905,5,4.0,2,0
CZ-061,tahuantinsuyo,-11.961879,-77.032725,11510,0.4563,0.2612,0.5439,0.4839,0.4907,0.5517,0.1694,0.3692,0.8487,2024,9,80,0.4564,-0.22,4,4.667,2,0
CZ-061,tahuantinsuyo,-11.961879,-77.032725,11510,0.4563,0.2612,0.5439,0.4839,0.4907,0.5517,0.1694,0.3692,0.8487,2024,10,81,0.4903,-0.1905,3,4.0,-2,0
CZ-061,tahuantinsuyo,-11.961879,-77.032725,11510,0.4563,0.2612,0.5439,0.4839,0.4907,0.5517,0.1694,0.3692,0.8487,2024,11,82,0.4889,-0.11,2,3.0,-3,0
CZ-061,tahuantinsuyo,-11.961879,-77.032725,11510,0.4563,0.2612,0.5439,0.4839,0.4907,0.5517,0.1694,0.3692,0.8487,2024,12,83,0.4892,0.18,2,2.333,-2,0
CZ-061,tahuantinsuyo,-11.961879,-77.032725,11510,0.4563,0.2612,0.5439,0.4839,0.4907,0.5517,0.1694,0.3692,0.8487,2025,1,84,0.4571,0.11,5,3.0,2,0
CZ-061,tahuantinsuyo,-11.961879,-77.032725,11510,0.4563,0.2612,0.5439,0.4839,0.4907,0.5517,0.1694,0.3692,0.8487,2025,2,85,0.4485,0.1905,6,4.333,4,0
CZ-061,tahuantinsuyo,-11.961879,-77.032725,11510,0.4563,0.2612,0.5439,0.4839,0.4907,0.5517,0.1694,0.3692,0.8487,2025,3,86,0.4528,0.22,4,5.0,2,1
CZ-061,tahuantinsuyo,-11.961879,-77.032725,11510,0.4563,0.2612,0.5439,0.4839,0.4907,0.5517,0.1694,0.3692,0.8487,2025,4,87,0.494,0.1905,8,6.0,3,0
CZ-061,tahuantinsuyo,-11.961879,-77.032725,11510,0.4563,0.2612,0.5439,0.4839,0.4907,0.5517,0.1694,0.3692,0.8487,2025,5,88,0.3793,0.11,9,7.0,3,0
CZ-061,tahuantinsuyo,-11.961879,-77.032725,11510,0.4563,0.2612,0.5439,0.4839,0.4907,0.5517,0.1694,0.3692,0.8487,2025,6,89,0.4539,0.0,7,8.0,3,0
CZ-061,tahuantinsuyo,-11.961879,-77.032725,11510,0.4563,0.2612,0.5439,0.4839,0.4907,0.5517,0.1694,0.3692,0.8487,2025,7,90,0.5787,0.07,4,6.667,-4,0
CZ-061,tahuantinsuyo,-11.961879,-77.032725,11510,0.4563,0.2612,0.5439,0.4839,0.4907,0.5517,0.1694,0.3692,0.8487,2025,8,91,0.5798,-0.1905,7,6.0,-2,0
CZ-061,tahuantinsuyo,-11.961879,-77.032725,11510,0.4563,0.2612,0.5439,0.4839,0.4907,0.5517,0.1694,0.3692,0.8487,2025,9,92,0.3512,-0.22,3,4.667,-4,0
CZ-061,tahuantinsuyo,-11.961879,-77.032725,11510,0.4563,0.2612,0.5439,0.4839,0.4907,0.5517,0.1694,0.3692,0.8487,2025,10,93,0.4357,-0.1905,2,4.0,-2,0
CZ-061,tahuantinsuyo,-11.961879,-77.032725,11510,0.4563,0.2612,0.5439,0.4839,0.4907,0.5517,0.1694,0.3692,0.8487,2025,11,94,0.4358,-0.11,6,3.667,-1,0
CZ-062,retablo,-11.927951,-77.066628,17920,0.4505,0.2611,0.8028,0.98,0.4566,0.684,0.245,0.4458,0.2786,2018,5,4,0.5547,0.11,2,5.667,-3,0
CZ-062,retablo,-11.927951,-77.066628,17920,0.4505,0.2611,0.8028,0.98,0.4566,0.684,0.245,0.4458,0.2786,2018,6,5,0.6092,0.0,7,7.0,4,0
CZ-062,retablo,-11.927951,-77.066628,17920,0.4505,0.2611,0.8028,0.98,0.4566,0.684,0.245,0.4458,0.2786,2018,7,6,0.621,0.07,5,4.667,-7,0
CZ-062,retablo,-11.927951,-77.066628,17920,0.4505,0.2611,0.8028,0.98,0.4566,0.684,0.245,0.4458,0.2786,2018,8,7,0.5987,-0.1905,3,5.0,1,0
CZ-062,retablo,-11.927951,-77.066628,17920,0.4505,0.2611,0.8028,0.98,0.4566,0.684,0.245,0.4458,0.2786,2018,9,8,0.5356,-0.22,8,5.333,1,0
CZ-062,retablo,-11.927951,-77.066628,17920,0.4505,0.2611,0.8028,0.98,0.4566,0.684,0.245,0.4458,0.2786,2018,10,9,0.5597,-0.1905,5,5.333,0,0
CZ-062,retablo,-11.927951,-77.066628,17920,0.4505,0.2611,0.8028,0.98,0.4566,0.684,0.245,0.4458,0.2786,2018,11,10,0.463,-0.11,3,5.333,0,1
CZ-062,retablo,-11.927951,-77.066628,17920,0.4505,0.2611,0.8028,0.98,0.4566,0.684,0.245,0.4458,0.2786,2018,12,11,0.5951,0.18,2,3.333,-6,0
CZ-062,retablo,-11.927951,-77.066628,17920,0.4505,0.2611,0.8028,0.98,0.4566,0.684,0.245,0.4458,0.2786,2019,1,12,0.4997,0.11,10,5.0,5,1
CZ-062,retablo,-11.927951,-77.066628,17920,0.4505,0.2611,0.8028,0.98,0.4566,0.684,0.245,0.4458,0.2786,2019,2,13,0.5338,0.1905,3,5.0,0,0
CZ-062,retablo,-11.927951,-77.066628,17920,0.4505,0.2611,0.8028,0.98,0.4566,0.684,0.245,0.4458,0.2786,2019,3,14,0.4771,0.22,9,7.333,7,0
CZ-062,retablo,-11.927951,-77.066628,17920,0.4505,0.2611,0.8028,0.98,0.4566,0.684,0.245,0.4458,0.2786,2019,4,15,0.4878,0.1905,4,5.333,-6,0
CZ-062,retablo,-11.927951,-77.066628,17920,0.4505,0.2611,0.8028,0.98,0.4566,0.684,0.245,0.4458,0.2786,2019,5,16,0.5679,0.11,8,7.0,5,0
CZ-062,retablo,-11.927951,-77.066628,17920,0.4505,0.2611,0.8028,0.98,0.4566,0.684,0.245,0.4458,0.2786,2019,6,17,0.4913,0.0,6,6.0,-3,0
CZ-062,retablo,-11.927951,-77.066628,17920,0.4505,0.2611,0.8028,0.98,0.4566,0.684,0.245,0.4458,0.2786,2019,7,18,0.5192,0.07,7,7.0,3,0
CZ-062,retablo,-11.927951,-77.066628,17920,0.4505,0.2611,0.8028,0.98,0.4566,0.684,0.245,0.4458,0.2786,2019,8,19,0.5032,-0.1905,8,7.0,0,0
CZ-062,retablo,-11.927951,-77.066628,17920,0.4505,0.2611,0.8028,0.98,0.4566,0.684,0.245,0.4458,0.2786,2019,9,20,0.4684,-0.22,5,6.667,-1,0
CZ-062,retablo,-11.927951,-77.066628,17920,0.4505,0.2611,0.8028,0.98,0.4566,0.684,0.245,0.4458,0.2786,2019,10,21,0.5702,-0.1905,5,6.0,-2,0
CZ-062,retablo,-11.927951,-77.066628,17920,0.4505,0.2611,0.8028,0.98,0.4566,0.684,0.245,0.4458,0.2786,2019,11,22,0.5197,-0.11,4,4.667,-4,0
CZ-062,retablo,-11.927951,-77.066628,17920,0.4505,0.2611,0.8028,0.98,0.4566,0.684,0.245,0.4458,0.2786,2019,12,23,0.5656,0.18,6,5.0,1,0
CZ-062,retablo,-11.927951,-77.066628,17920,0.4505,0.2611,0.8028,0.98,0.4566,0.684,0.245,0.4458,0.2786,2020,1,24,0.5217,0.11,6,5.333,1,0
CZ-062,retablo,-11.927951,-77.066628,17920,0.4505,0.2611,0.8028,0.98,0.4566,0.684,0.245,0.4458,0.2786,2020,2,25,0.4491,0.1905,3,5.0,-1,0
CZ-062,retablo,-11.927951,-77.066628,17920,0.4505,0.2611,0.8028,0.98,0.4566,0.684,0.245,0.4458,0.2786,2020,3,26,0.5178,0.22,6,5.0,0,1
CZ-062,retablo,-11.927951,-77.066628,17920,0.4505,0.2611,0.8028,0.98,0.4566,0.684,0.245,0.4458,0.2786,2020,4,27,0.4093,0.1905,5,4.667,-1,0
CZ-062,retablo,-11.927951,-77.066628,17920,0.4505,0.2611,0.8028,0.98,0.4566,0.684,0.245,0.4458,0.2786,2020,5,28,0.6221,0.11,10,7.0,7,1
CZ-062,retablo,-11.927951,-77.066628,17920,0.4505,0.2611,0.8028,0.98,0.4566,0.684,0.245,0.4458,0.2786,2020,6,29,0.5439,0.0,5,6.667,-1,0
CZ-062,retablo,-11.927951,-77.066628,17920,0.4505,0.2611,0.8028,0.98,0.4566,0.684,0.245,0.4458,0.2786,2020,7,30,0.5893,0.07,9,8.0,4,0
CZ-062,retablo,-11.927951,-77.066628,17920,0.4505,0.2611,0.8028,0.98,0.4566,0.684,0.245,0.4458,0.2786,2020,8,31,0.4749,-0.1905,7,7.0,-3,0
CZ-062,retablo,-11.927951,-77.066628,17920,0.4505,0.2611,0.8028,0.98,0.4566,0.684,0.245,0.4458,0.2786,2020,9,32,0.5394,-0.22,8,8.0,3,0
CZ-062,retablo,-11.927951,-77.066628,17920,0.4505,0.2611,0.8028,0.98,0.4566,0.684,0.245,0.4458,0.2786,2020,10,33,0.5609,-0.1905,2,5.667,-7,0
CZ-062,retablo,-11.927951,-77.066628,17920,0.4505,0.2611,0.8028,0.98,0.4566,0.684,0.245,0.4458,0.2786,2020,11,34,0.5603,-0.11,7,5.667,0,1
CZ-062,retablo,-11.927951,-77.066628,17920,0.4505,0.2611,0.8028,0.98,0.4566,0.684,0.245,0.4458,0.2786,2020,12,35,0.5486,0.18,7,5.333,-1,0
CZ-062,retablo,-11.927951,-77.066628,17920,0.4505,0.2611,0.8028,0.98,0.4566,0.684,0.245,0.4458,0.2786,2021,1,36,0.5285,0.11,9,7.667,7,1
CZ-062,retablo,-11.927951,-77.066628,17920,0.4505,0.2611,0.8028,0.98,0.4566,0.684,0.245,0.4458,0.2786,2021,2,37,0.4614,0.1905,8,8.0,1,0
CZ-062,retablo,-11.927951,-77.066628,17920,0.4505,0.2611,0.8028,0.98,0.4566,0.684,0.245,0.4458,0.2786,2021,3,38,0.4934,0.22,11,9.333,4,0
CZ-062,retablo,-11.927951,-77.066628,17920,0.4505,0.2611,0.8028,0.98,0.4566,0.684,0.245,0.4458,0.2786,2021,4,39,0.4924,0.1905,8,9.0,-1,0
CZ-062,retablo,-11.927951,-77.066628,17920,0.4505,0.2611,0.8028,0.98,0.4566,0.684,0.245,0.4458,0.2786,2021,5,40,0.4427,0.11,5,8.0,-3,1
CZ-062,retablo,-11.927951,-77.066628,17920,0.4505,0.2611,0.8028,0.98,0.4566,0.684,0.245,0.4458,0.2786,2021,6,41,0.4439,0.0,6,6.333,-5,0
CZ-062,retablo,-11.927951,-77.066628,17920,0.4505,0.2611,0.8028,0.98,0.4566,0.684,0.245,0.4458,0.2786,2021,7,42,0.5615,0.07,12,7.667,4,0
CZ-062,retablo,-11.927951,-77.066628,17920,0.4505,0.2611,0.8028,0.98,0.4566,0.684,0.245,0.4458,0.2786,2021,8,43,0.5587,-0.1905,1,6.333,-4,0
CZ-062,retablo,-11.927951,-77.066628,17920,0.4505,0.2611,0.8028,0.98,0.4566,0.684,0.245,0.4458,0.2786,2021,9,44,0.5755,-0.22,8,7.0,2,1
CZ-062,retablo,-11.927951,-77.066628,17920,0.4505,0.2611,0.8028,0.98,0.4566,0.684,0.245,0.4458,0.2786,2021,10,45,0.5603,-0.1905,5,4.667,-7,1
CZ-062,retablo,-11.927951,-77.066628,17920,0.4505,0.2611,0.8028,0.98,0.4566,0.684,0.245,0.4458,0.2786,2021,11,46,0.5566,-0.11,9,7.333,8,1
CZ-062,retablo,-11.927951,-77.066628,17920,0.4505,0.2611,0.8028,0.98,0.4566,0.684,0.245,0.4458,0.2786,2021,12,47,0.6352,0.18,13,9.0,5,0
CZ-062,retablo,-11.927951,-77.066628,17920,0.4505,0.2611,0.8028,0.98,0.4566,0.684,0.245,0.4458,0.2786,2022,1,48,0.518,0.11,10,10.667,5,1
CZ-062,retablo,-11.927951,-77.066628,17920,0.4505,0.2611,0.8028,0.98,0.4566,0.684,0.245,0.4458,0.2786,2022,2,49,0.596,0.1905,5,9.333,-4,1
CZ-062,retablo,-11.927951,-77.066628,17920,0.4505,0.2611,0.8028,0.98,0.4566,0.684,0.245,0.4458,0.2786,2022,3,50,0.4213,0.22,10,8.333,-3,0
CZ-062,retablo,-11.927951,-77.066628,17920,0.4505,0.2611,0.8028,0.98,0.4566,0.684,0.245,0.4458,0.2786,2022,4,51,0.4803,0.1905,12,9.0,2,0
CZ-062,retablo,-11.927951,-77.066628,17920,0.4505,0.2611,0.8028,0.98,0.4566,0.684,0.245,0.4458,0.2786,2022,5,52,0.4617,0.11,6,9.333,1,0
CZ-062,retablo,-11.927951,-77.066628,17920,0.4505,0.2611,0.8028,0.98,0.4566,0.684,0.245,0.4458,0.2786,2022,6,53,0.4571,0.0,7,8.333,-3,0
CZ-062,retablo,-11.927951,-77.066628,17920,0.4505,0.2611,0.8028,0.98,0.4566,0.684,0.245,0.4458,0.2786,2022,7,54,0.5431,0.07,7,6.667,-5,0
CZ-062,retablo,-11.927951,-77.066628,17920,0.4505,0.2611,0.8028,0.98,0.4566,0.684,0.245,0.4458,0.2786,2022,8,55,0.4964,-0.1905,5,6.333,-1,0
CZ-062,retablo,-11.927951,-77.066628,17920,0.4505,0.2611,0.8028,0.98,0.4566,0.684,0.245,0.4458,0.2786,2022,9,56,0.6024,-0.22,3,5.0,-4,0
CZ-062,retablo,-11.927951,-77.066628,17920,0.4505,0.2611,0.8028,0.98,0.4566,0.684,0.245,0.4458,0.2786,2022,10,57,0.4304,-0.1905,4,4.0,-3,0
CZ-062,retablo,-11.927951,-77.066628,17920,0.4505,0.2611,0.8028,0.98,0.4566,0.684,0.245,0.4458,0.2786,2022,11,58,0.5067,-0.11,6,4.333,1,0
CZ-062,retablo,-11.927951,-77.066628,17920,0.4505,0.2611,0.8028,0.98,0.4566,0.684,0.245,0.4458,0.2786,2022,12,59,0.5103,0.18,5,5.0,2,1
CZ-062,retablo,-11.927951,-77.066628,17920,0.4505,0.2611,0.8028,0.98,0.4566,0.684,0.245,0.4458,0.2786,2023,1,60,0.5219,0.11,7,6.0,3,1
CZ-062,retablo,-11.927951,-77.066628,17920,0.4505,0.2611,0.8028,0.98,0.4566,0.684,0.245,0.4458,0.2786,2023,2,61,0.4878,0.1905,9,7.0,3,1
CZ-062,retablo,-11.927951,-77.066628,17920,0.4505,0.2611,0.8028,0.98,0.4566,0.684,0.245,0.4458,0.2786,2023,3,62,0.4755,0.22,10,8.667,5,0
CZ-062,retablo,-11.927951,-77.066628,17920,0.4505,0.2611,0.8028,0.98,0.4566,0.684,0.245,0.4458,0.2786,2023,4,63,0.4971,0.1905,13,10.667,6,1
CZ-062,retablo,-11.927951,-77.066628,17920,0.4505,0.2611,0.8028,0.98,0.4566,0.684,0.245,0.4458,0.2786,2023,5,64,0.4925,0.11,7,10.0,-2,0
CZ-062,retablo,-11.927951,-77.066628,17920,0.4505,0.2611,0.8028,0.98,0.4566,0.684,0.245,0.4458,0.2786,2023,6,65,0.5298,0.0,10,10.0,0,0
CZ-062,retablo,-11.927951,-77.066628,17920,0.4505,0.2611,0.8028,0.98,0.4566,0.684,0.245,0.4458,0.2786,2023,7,66,0.6052,0.07,6,7.667,-7,0
CZ-062,retablo,-11.927951,-77.066628,17920,0.4505,0.2611,0.8028,0.98,0.4566,0.684,0.245,0.4458,0.2786,2023,8,67,0.494,-0.1905,8,8.0,1,1
CZ-062,retablo,-11.927951,-77.066628,17920,0.4505,0.2611,0.8028,0.98,0.4566,0.684,0.245,0.4458,0.2786,2023,9,68,0.5187,-0.22,3,5.667,-7,1
CZ-062,retablo,-11.927951,-77.066628,17920,0.4505,0.2611,0.8028,0.98,0.4566,0.684,0.245,0.4458,0.2786,2023,10,69,0.4707,-0.1905,9,6.667,3,1
CZ-062,retablo,-11.927951,-77.066628,17920,0.4505,0.2611,0.8028,0.98,0.4566,0.684,0.245,0.4458,0.2786,2023,11,70,0.5006,-0.11,11,7.667,3,1
CZ-062,retablo,-11.927951,-77.066628,17920,0.4505,0.2611,0.8028,0.98,0.4566,0.684,0.245,0.4458,0.2786,2023,12,71,0.6533,0.18,9,9.667,6,1
CZ-062,retablo,-11.927951,-77.066628,17920,0.4505,0.2611,0.8028,0.98,0.4566,0.684,0.245,0.4458,0.2786,2024,1,72,0.5776,0.11,12,10.667,3,1
CZ-062,retablo,-11.927951,-77.066628,17920,0.4505,0.2611,0.8028,0.98,0.4566,0.684,0.245,0.4458,0.2786,2024,2,73,0.5242,0.1905,11,10.667,0,1
CZ-062,retablo,-11.927951,-77.066628,17920,0.4505,0.2611,0.8028,0.98,0.4566,0.684,0.245,0.4458,0.2786,2024,3,74,0.5499,0.22,14,12.333,5,0
CZ-062,retablo,-11.927951,-77.066628,17920,0.4505,0.2611,0.8028,0.98,0.4566,0.684,0.245,0.4458,0.2786,2024,4,75,0.5646,0.1905,10,11.667,-2,0
CZ-062,retablo,-11.927951,-77.066628,17920,0.4505,0.2611,0.8028,0.98,0.4566,0.684,0.245,0.4458,0.2786,2024,5,76,0.3401,0.11,8,10.667,-3,1
CZ-062,retablo,-11.927951,-77.066628,17920,0.4505,0.2611,0.8028,0.98,0.4566,0.684,0.245,0.4458,0.2786,2024,6,77,0.4244,0.0,5,7.667,-9,0
CZ-062,retablo,-11.927951,-77.066628,17920,0.4505,0.2611,0.8028,0.98,0.4566,0.684,0.245,0.4458,0.2786,2024,7,78,0.6451,0.07,9,7.333,-1,0
CZ-062,retablo,-11.927951,-77.066628,17920,0.4505,0.2611,0.8028,0.98,0.4566,0.684,0.245,0.4458,0.2786,2024,8,79,0.5029,-0.1905,8,7.333,0,1
CZ-062,retablo,-11.927951,-77.066628,17920,0.4505,0.2611,0.8028,0.98,0.4566,0.684,0.245,0.4458,0.2786,2024,9,80,0.4904,-0.22,7,8.0,2,0
CZ-062,retablo,-11.927951,-77.066628,17920,0.4505,0.2611,0.8028,0.98,0.4566,0.684,0.245,0.4458,0.2786,2024,10,81,0.5552,-0.1905,11,8.667,2,1
CZ-062,retablo,-11.927951,-77.066628,17920,0.4505,0.2611,0.8028,0.98,0.4566,0.684,0.245,0.4458,0.2786,2024,11,82,0.5294,-0.11,6,8.0,-2,0
CZ-062,retablo,-11.927951,-77.066628,17920,0.4505,0.2611,0.8028,0.98,0.4566,0.684,0.245,0.4458,0.2786,2024,12,83,0.71,0.18,10,9.0,3,0
CZ-062,retablo,-11.927951,-77.066628,17920,0.4505,0.2611,0.8028,0.98,0.4566,0.684,0.245,0.4458,0.2786,2025,1,84,0.5908,0.11,8,8.0,-3,1
CZ-062,retablo,-11.927951,-77.066628,17920,0.4505,0.2611,0.8028,0.98,0.4566,0.684,0.245,0.4458,0.2786,2025,2,85,0.4693,0.1905,5,7.667,-1,1
CZ-062,retablo,-11.927951,-77.066628,17920,0.4505,0.2611,0.8028,0.98,0.4566,0.684,0.245,0.4458,0.2786,2025,3,86,0.473,0.22,10,7.667,0,1
CZ-062,retablo,-11.927951,-77.066628,17920,0.4505,0.2611,0.8028,0.98,0.4566,0.684,0.245,0.4458,0.2786,2025,4,87,0.5524,0.1905,11,8.667,3,0
CZ-062,retablo,-11.927951,-77.066628,17920,0.4505,0.2611,0.8028,0.98,0.4566,0.684,0.245,0.4458,0.2786,2025,5,88,0.4903,0.11,10,10.333,5,1
CZ-062,retablo,-11.927951,-77.066628,17920,0.4505,0.2611,0.8028,0.98,0.4566,0.684,0.245,0.4458,0.2786,2025,6,89,0.4465,0.0,6,9.0,-4,1
CZ-062,retablo,-11.927951,-77.066628,17920,0.4505,0.2611,0.8028,0.98,0.4566,0.684,0.245,0.4458,0.2786,2025,7,90,0.55,0.07,12,9.333,1,1
CZ-062,retablo,-11.927951,-77.066628,17920,0.4505,0.2611,0.8028,0.98,0.4566,0.684,0.245,0.4458,0.2786,2025,8,91,0.5167,-0.1905,17,11.667,7,1
CZ-062,retablo,-11.927951,-77.066628,17920,0.4505,0.2611,0.8028,0.98,0.4566,0.684,0.245,0.4458,0.2786,2025,9,92,0.5271,-0.22,12,13.667,6,0
CZ-062,retablo,-11.927951,-77.066628,17920,0.4505,0.2611,0.8028,0.98,0.4566,0.684,0.245,0.4458,0.2786,2025,10,93,0.4582,-0.1905,9,12.667,-3,0
CZ-062,retablo,-11.927951,-77.066628,17920,0.4505,0.2611,0.8028,0.98,0.4566,0.684,0.245,0.4458,0.2786,2025,11,94,0.4814,-0.11,5,8.667,-12,1
CZ-063,retablo,-11.94026,-77.019423,15032,0.5073,0.2942,0.6903,0.6819,0.5384,0.6643,0.2424,0.3993,0.5947,2018,5,4,0.4659,0.11,2,5.667,-2,0
CZ-063,retablo,-11.94026,-77.019423,15032,0.5073,0.2942,0.6903,0.6819,0.5384,0.6643,0.2424,0.3993,0.5947,2018,6,5,0.529,0.0,2,4.0,-5,1
CZ-063,retablo,-11.94026,-77.019423,15032,0.5073,0.2942,0.6903,0.6819,0.5384,0.6643,0.2424,0.3993,0.5947,2018,7,6,0.5055,0.07,5,3.0,-3,0
CZ-063,retablo,-11.94026,-77.019423,15032,0.5073,0.2942,0.6903,0.6819,0.5384,0.6643,0.2424,0.3993,0.5947,2018,8,7,0.4416,-0.1905,10,5.667,8,0
CZ-063,retablo,-11.94026,-77.019423,15032,0.5073,0.2942,0.6903,0.6819,0.5384,0.6643,0.2424,0.3993,0.5947,2018,9,8,0.5394,-0.22,6,7.0,4,0
CZ-063,retablo,-11.94026,-77.019423,15032,0.5073,0.2942,0.6903,0.6819,0.5384,0.6643,0.2424,0.3993,0.5947,2018,10,9,0.4142,-0.1905,4,6.667,-1,0
CZ-063,retablo,-11.94026,-77.019423,15032,0.5073,0.2942,0.6903,0.6819,0.5384,0.6643,0.2424,0.3993,0.5947,2018,11,10,0.4948,-0.11,5,5.0,-5,1
CZ-063,retablo,-11.94026,-77.019423,15032,0.5073,0.2942,0.6903,0.6819,0.5384,0.6643,0.2424,0.3993,0.5947,2018,12,11,0.551,0.18,6,5.0,0,0
CZ-063,retablo,-11.94026,-77.019423,15032,0.5073,0.2942,0.6903,0.6819,0.5384,0.6643,0.2424,0.3993,0.5947,2019,1,12,0.4535,0.11,10,7.0,6,0
CZ-063,retablo,-11.94026,-77.019423,15032,0.5073,0.2942,0.6903,0.6819,0.5384,0.6643,0.2424,0.3993,0.5947,2019,2,13,0.5611,0.1905,5,7.0,0,0
CZ-063,retablo,-11.94026,-77.019423,15032,0.5073,0.2942,0.6903,0.6819,0.5384,0.6643,0.2424,0.3993,0.5947,2019,3,14,0.4429,0.22,5,6.667,-1,1
CZ-063,retablo,-11.94026,-77.019423,15032,0.5073,0.2942,0.6903,0.6819,0.5384,0.6643,0.2424,0.3993,0.5947,2019,4,15,0.5028,0.1905,6,5.333,-4,1
CZ-063,retablo,-11.94026,-77.019423,15032,0.5073,0.2942,0.6903,0.6819,0.5384,0.6643,0.2424,0.3993,0.5947,2019,5,16,0.4908,0.11,10,7.0,5,0
CZ-063,retablo,-11.94026,-77.019423,15032,0.5073,0.2942,0.6903,0.6819,0.5384,0.6643,0.2424,0.3993,0.5947,2019,6,17,0.4539,0.0,10,8.667,5,0
CZ-063,retablo,-11.94026,-77.019423,15032,0.5073,0.2942,0.6903,0.6819,0.5384,0.6643,0.2424,0.3993,0.5947,2019,7,18,0.5295,0.07,7,9.0,1,0
CZ-063,retablo,-11.94026,-77.019423,15032,0.5073,0.2942,0.6903,0.6819,0.5384,0.6643,0.2424,0.3993,0.5947,2019,8,19,0.5234,-0.1905,6,7.667,-4,0
CZ-063,retablo,-11.94026,-77.019423,15032,0.5073,0.2942,0.6903,0.6819,0.5384,0.6643,0.2424,0.3993,0.5947,2019,9,20,0.4736,-0.22,7,6.667,-3,0
CZ-063,retablo,-11.94026,-77.019423,15032,0.5073,0.2942,0.6903,0.6819,0.5384,0.6643,0.2424,0.3993,0.5947,2019,10,21,0.464,-0.1905,6,6.333,-1,0
CZ-063,retablo,-11.94026,-77.019423,15032,0.5073,0.2942,0.6903,0.6819,0.5384,0.6643,0.2424,0.3993,0.5947,2019,11,22,0.4873,-0.11,6,6.333,0,0
CZ-063,retablo,-11.94026,-77.019423,15032,0.5073,0.2942,0.6903,0.6819,0.5384,0.6643,0.2424,0.3993,0.5947,2019,12,23,0.5811,0.18,5,5.667,-2,0
CZ-063,retablo,-11.94026,-77.019423,15032,0.5073,0.2942,0.6903,0.6819,0.5384,0.6643,0.2424,0.3993,0.5947,2020,1,24,0.4734,0.11,6,5.667,0,0
CZ-063,retablo,-11.94026,-77.019423,15032,0.5073,0.2942,0.6903,0.6819,0.5384,0.6643,0.2424,0.3993,0.5947,2020,2,25,0.4356,0.1905,6,5.667,0,0
CZ-063,retablo,-11.94026,-77.019423,15032,0.5073,0.2942,0.6903,0.6819,0.5384,0.6643,0.2424,0.3993,0.5947,2020,3,26,0.5027,0.22,2,4.667,-3,1
CZ-063,retablo,-11.94026,-77.019423,15032,0.5073,0.2942,0.6903,0.6819,0.5384,0.6643,0.2424,0.3993,0.5947,2020,4,27,0.4857,0.1905,8,5.333,2,0
CZ-063,retablo,-11.94026,-77.019423,15032,0.5073,0.2942,0.6903,0.6819,0.5384,0.6643,0.2424,0.3993,0.5947,2020,5,28,0.5577,0.11,10,6.667,4,0
CZ-063,retablo,-11.94026,-77.019423,15032,0.5073,0.2942,0.6903,0.6819,0.5384,0.6643,0.2424,0.3993,0.5947,2020,6,29,0.4543,0.0,5,7.667,3,1
CZ-063,retablo,-11.94026,-77.019423,15032,0.5073,0.2942,0.6903,0.6819,0.5384,0.6643,0.2424,0.3993,0.5947,2020,7,30,0.5494,0.07,5,6.667,-3,0
CZ-063,retablo,-11.94026,-77.019423,15032,0.5073,0.2942,0.6903,0.6819,0.5384,0.6643,0.2424,0.3993,0.5947,2020,8,31,0.414,-0.1905,11,7.0,1,0
CZ-063,retablo,-11.94026,-77.019423,15032,0.5073,0.2942,0.6903,0.6819,0.5384,0.6643,0.2424,0.3993,0.5947,2020,9,32,0.4356,-0.22,5,7.0,0,0
CZ-063,retablo,-11.94026,-77.019423,15032,0.5073,0.2942,0.6903,0.6819,0.5384,0.6643,0.2424,0.3993,0.5947,2020,10,33,0.4941,-0.1905,3,6.333,-2,0
CZ-063,retablo,-11.94026,-77.019423,15032,0.5073,0.2942,0.6903,0.6819,0.5384,0.6643,0.2424,0.3993,0.5947,2020,11,34,0.4195,-0.11,4,4.0,-7,1
CZ-063,retablo,-11.94026,-77.019423,15032,0.5073,0.2942,0.6903,0.6819,0.5384,0.6643,0.2424,0.3993,0.5947,2020,12,35,0.6888,0.18,7,4.667,2,0
CZ-063,retablo,-11.94026,-77.019423,15032,0.5073,0.2942,0.6903,0.6819,0.5384,0.6643,0.2424,0.3993,0.5947,2021,1,36,0.4129,0.11,9,6.667,6,0
CZ-063,retablo,-11.94026,-77.019423,15032,0.5073,0.2942,0.6903,0.6819,0.5384,0.6643,0.2424,0.3993,0.5947,2021,2,37,0.5225,0.1905,5,7.0,1,0
CZ-063,retablo,-11.94026,-77.019423,15032,0.5073,0.2942,0.6903,0.6819,0.5384,0.6643,0.2424,0.3993,0.5947,2021,3,38,0.537,0.22,4,6.0,-3,1
CZ-063,retablo,-11.94026,-77.019423,15032,0.5073,0.2942,0.6903,0.6819,0.5384,0.6643,0.2424,0.3993,0.5947,2021,4,39,0.5081,0.1905,7,5.333,-2,0
CZ-063,retablo,-11.94026,-77.019423,15032,0.5073,0.2942,0.6903,0.6819,0.5384,0.6643,0.2424,0.3993,0.5947,2021,5,40,0.4625,0.11,10,7.0,5,0
CZ-063,retablo,-11.94026,-77.019423,15032,0.5073,0.2942,0.6903,0.6819,0.5384,0.6643,0.2424,0.3993,0.5947,2021,6,41,0.5529,0.0,5,7.333,1,0
CZ-063,retablo,-11.94026,-77.019423,15032,0.5073,0.2942,0.6903,0.6819,0.5384,0.6643,0.2424,0.3993,0.5947,2021,7,42,0.6118,0.07,5,6.667,-2,0
CZ-063,retablo,-11.94026,-77.019423,15032,0.5073,0.2942,0.6903,0.6819,0.5384,0.6643,0.2424,0.3993,0.5947,2021,8,43,0.4131,-0.1905,6,5.333,-4,0
CZ-063,retablo,-11.94026,-77.019423,15032,0.5073,0.2942,0.6903,0.6819,0.5384,0.6643,0.2424,0.3993,0.5947,2021,9,44,0.5655,-0.22,8,6.333,3,0
CZ-063,retablo,-11.94026,-77.019423,15032,0.5073,0.2942,0.6903,0.6819,0.5384,0.6643,0.2424,0.3993,0.5947,2021,10,45,0.4804,-0.1905,5,6.333,0,0
CZ-063,retablo,-11.94026,-77.019423,15032,0.5073,0.2942,0.6903,0.6819,0.5384,0.6643,0.2424,0.3993,0.5947,2021,11,46,0.4581,-0.11,7,6.667,1,1
CZ-063,retablo,-11.94026,-77.019423,15032,0.5073,0.2942,0.6903,0.6819,0.5384,0.6643,0.2424,0.3993,0.5947,2021,12,47,0.5481,0.18,7,6.333,-1,0
CZ-063,retablo,-11.94026,-77.019423,15032,0.5073,0.2942,0.6903,0.6819,0.5384,0.6643,0.2424,0.3993,0.5947,2022,1,48,0.4699,0.11,10,8.0,5,1
CZ-063,retablo,-11.94026,-77.019423,15032,0.5073,0.2942,0.6903,0.6819,0.5384,0.6643,0.2424,0.3993,0.5947,2022,2,49,0.4414,0.1905,5,7.333,-2,1
CZ-063,retablo,-11.94026,-77.019423,15032,0.5073,0.2942,0.6903,0.6819,0.5384,0.6643,0.2424,0.3993,0.5947,2022,3,50,0.4934,0.22,9,8.0,2,1
CZ-063,retablo,-11.94026,-77.019423,15032,0.5073,0.2942,0.6903,0.6819,0.5384,0.6643,0.2424,0.3993,0.5947,2022,4,51,0.4778,0.1905,9,7.667,-1,1
CZ-063,retablo,-11.94026,-77.019423,15032,0.5073,0.2942,0.6903,0.6819,0.5384,0.6643,0.2424,0.3993,0.5947,2022,5,52,0.5377,0.11,12,10.0,7,0
CZ-063,retablo,-11.94026,-77.019423,15032,0.5073,0.2942,0.6903,0.6819,0.5384,0.6643,0.2424,0.3993,0.5947,2022,6,53,0.4798,0.0,10,10.333,1,1
CZ-063,retablo,-11.94026,-77.019423,15032,0.5073,0.2942,0.6903,0.6819,0.5384,0.6643,0.2424,0.3993,0.5947,2022,7,54,0.6312,0.07,8,10.0,-1,0
CZ-063,retablo,-11.94026,-77.019423,15032,0.5073,0.2942,0.6903,0.6819,0.5384,0.6643,0.2424,0.3993,0.5947,2022,8,55,0.4231,-0.1905,10,9.333,-2,0
CZ-063,retablo,-11.94026,-77.019423,15032,0.5073,0.2942,0.6903,0.6819,0.5384,0.6643,0.2424,0.3993,0.5947,2022,9,56,0.4583,-0.22,5,7.667,-5,0
CZ-063,retablo,-11.94026,-77.019423,15032,0.5073,0.2942,0.6903,0.6819,0.5384,0.6643,0.2424,0.3993,0.5947,2022,10,57,0.5227,-0.1905,3,6.0,-5,0
CZ-063,retablo,-11.94026,-77.019423,15032,0.5073,0.2942,0.6903,0.6819,0.5384,0.6643,0.2424,0.3993,0.5947,2022,11,58,0.4564,-0.11,3,3.667,-7,0
CZ-063,retablo,-11.94026,-77.019423,15032,0.5073,0.2942,0.6903,0.6819,0.5384,0.6643,0.2424,0.3993,0.5947,2022,12,59,0.522,0.18,7,4.333,2,0
CZ-063,retablo,-11.94026,-77.019423,15032,0.5073,0.2942,0.6903,0.6819,0.5384,0.6643,0.2424,0.3993,0.5947,2023,1,60,0.533,0.11,8,6.0,5,0
CZ-063,retablo,-11.94026,-77.019423,15032,0.5073,0.2942,0.6903,0.6819,0.5384,0.6643,0.2424,0.3993,0.5947,2023,2,61,0.4277,0.1905,8,7.667,5,1
CZ-063,retablo,-11.94026,-77.019423,15032,0.5073,0.2942,0.6903,0.6819,0.5384,0.6643,0.2424,0.3993,0.5947,2023,3,62,0.4748,0.22,8,8.0,1,1
CZ-063,retablo,-11.94026,-77.019423,15032,0.5073,0.2942,0.6903,0.6819,0.5384,0.6643,0.2424,0.3993,0.5947,2023,4,63,0.4209,0.1905,10,8.667,2,1
CZ-063,retablo,-11.94026,-77.019423,15032,0.5073,0.2942,0.6903,0.6819,0.5384,0.6643,0.2424,0.3993,0.5947,2023,5,64,0.4745,0.11,11,9.667,3,0
CZ-063,retablo,-11.94026,-77.019423,15032,0.5073,0.2942,0.6903,0.6819,0.5384,0.6643,0.2424,0.3993,0.5947,2023,6,65,0.4649,0.0,10,10.333,2,0
CZ-063,retablo,-11.94026,-77.019423,15032,0.5073,0.2942,0.6903,0.6819,0.5384,0.6643,0.2424,0.3993,0.5947,2023,7,66,0.5818,0.07,2,7.667,-8,0
CZ-063,retablo,-11.94026,-77.019423,15032,0.5073,0.2942,0.6903,0.6819,0.5384,0.6643,0.2424,0.3993,0.5947,2023,8,67,0.4825,-0.1905,8,6.667,-3,0
CZ-063,retablo,-11.94026,-77.019423,15032,0.5073,0.2942,0.6903,0.6819,0.5384,0.6643,0.2424,0.3993,0.5947,2023,9,68,0.3858,-0.22,6,5.333,-4,0
CZ-063,retablo,-11.94026,-77.019423,15032,0.5073,0.2942,0.6903,0.6819,0.5384,0.6643,0.2424,0.3993,0.5947,2023,10,69,0.5328,-0.1905,6,6.667,4,0
CZ-063,retablo,-11.94026,-77.019423,15032,0.5073,0.2942,0.6903,0.6819,0.5384,0.6643,0.2424,0.3993,0.5947,2023,11,70,0.4559,-0.11,2,4.667,-6,0
CZ-063,retablo,-11.94026,-77.019423,15032,0.5073,0.2942,0.6903,0.6819,0.5384,0.6643,0.2424,0.3993,0.5947,2023,12,71,0.51,0.18,6,4.667,0,0
CZ-063,retablo,-11.94026,-77.019423,15032,0.5073,0.2942,0.6903,0.6819,0.5384,0.6643,0.2424,0.3993,0.5947,2024,1,72,0.3523,0.11,8,5.333,2,1
CZ-063,retablo,-11.94026,-77.019423,15032,0.5073,0.2942,0.6903,0.6819,0.5384,0.6643,0.2424,0.3993,0.5947,2024,2,73,0.48,0.1905,8,7.333,6,1
CZ-063,retablo,-11.94026,-77.019423,15032,0.5073,0.2942,0.6903,0.6819,0.5384,0.6643,0.2424,0.3993,0.5947,2024,3,74,0.472,0.22,11,9.0,5,0
CZ-063,retablo,-11.94026,-77.019423,15032,0.5073,0.2942,0.6903,0.6819,0.5384,0.6643,0.2424,0.3993,0.5947,2024,4,75,0.4884,0.1905,11,10.0,3,0
CZ-063,retablo,-11.94026,-77.019423,15032,0.5073,0.2942,0.6903,0.6819,0.5384,0.6643,0.2424,0.3993,0.5947,2024,5,76,0.5331,0.11,7,9.667,-1,0
CZ-063,retablo,-11.94026,-77.019423,15032,0.5073,0.2942,0.6903,0.6819,0.5384,0.6643,0.2424,0.3993,0.5947,2024,6,77,0.5154,0.0,4,7.333,-7,0
CZ-063,retablo,-11.94026,-77.019423,15032,0.5073,0.2942,0.6903,0.6819,0.5384,0.6643,0.2424,0.3993,0.5947,2024,7,78,0.5659,0.07,8,6.333,-3,0
CZ-063,retablo,-11.94026,-77.019423,15032,0.5073,0.2942,0.6903,0.6819,0.5384,0.6643,0.2424,0.3993,0.5947,2024,8,79,0.4729,-0.1905,6,6.0,-1,1
CZ-063,retablo,-11.94026,-77.019423,15032,0.5073,0.2942,0.6903,0.6819,0.5384,0.6643,0.2424,0.3993,0.5947,2024,9,80,0.4648,-0.22,8,7.333,4,0
CZ-063,retablo,-11.94026,-77.019423,15032,0.5073,0.2942,0.6903,0.6819,0.5384,0.6643,0.2424,0.3993,0.5947,2024,10,81,0.5628,-0.1905,9,7.667,1,1
CZ-063,retablo,-11.94026,-77.019423,15032,0.5073,0.2942,0.6903,0.6819,0.5384,0.6643,0.2424,0.3993,0.5947,2024,11,82,0.5371,-0.11,4,7.0,-2,1
CZ-063,retablo,-11.94026,-77.019423,15032,0.5073,0.2942,0.6903,0.6819,0.5384,0.6643,0.2424,0.3993,0.5947,2024,12,83,0.621,0.18,16,9.667,8,1
CZ-063,retablo,-11.94026,-77.019423,15032,0.5073,0.2942,0.6903,0.6819,0.5384,0.6643,0.2424,0.3993,0.5947,2025,1,84,0.5032,0.11,9,9.667,0,0
CZ-063,retablo,-11.94026,-77.019423,15032,0.5073,0.2942,0.6903,0.6819,0.5384,0.6643,0.2424,0.3993,0.5947,2025,2,85,0.4345,0.1905,9,11.333,5,1
CZ-063,retablo,-11.94026,-77.019423,15032,0.5073,0.2942,0.6903,0.6819,0.5384,0.6643,0.2424,0.3993,0.5947,2025,3,86,0.4601,0.22,6,8.0,-10,0
CZ-063,retablo,-11.94026,-77.019423,15032,0.5073,0.2942,0.6903,0.6819,0.5384,0.6643,0.2424,0.3993,0.5947,2025,4,87,0.4945,0.1905,9,8.0,0,0
CZ-063,retablo,-11.94026,-77.019423,15032,0.5073,0.2942,0.6903,0.6819,0.5384,0.6643,0.2424,0.3993,0.5947,2025,5,88,0.4234,0.11,8,7.667,-1,1
CZ-063,retablo,-11.94026,-77.019423,15032,0.5073,0.2942,0.6903,0.6819,0.5384,0.6643,0.2424,0.3993,0.5947,2025,6,89,0.4561,0.0,8,8.333,2,1
CZ-063,retablo,-11.94026,-77.019423,15032,0.5073,0.2942,0.6903,0.6819,0.5384,0.6643,0.2424,0.3993,0.5947,2025,7,90,0.5618,0.07,12,9.333,3,0
CZ-063,retablo,-11.94026,-77.019423,15032,0.5073,0.2942,0.6903,0.6819,0.5384,0.6643,0.2424,0.3993,0.5947,2025,8,91,0.4887,-0.1905,13,11.0,5,0
CZ-063,retablo,-11.94026,-77.019423,15032,0.5073,0.2942,0.6903,0.6819,0.5384,0.6643,0.2424,0.3993,0.5947,2025,9,92,0.5574,-0.22,7,10.667,-1,0
CZ-063,retablo,-11.94026,-77.019423,15032,0.5073,0.2942,0.6903,0.6819,0.5384,0.6643,0.2424,0.3993,0.5947,2025,10,93,0.5477,-0.1905,5,8.333,-7,0
CZ-063,retablo,-11.94026,-77.019423,15032,0.5073,0.2942,0.6903,0.6819,0.5384,0.6643,0.2424,0.3993,0.5947,2025,11,94,0.3745,-0.11,8,6.667,-5,0
CZ-064,santa_luzmila,-11.954161,-77.068132,15629,0.4783,0.248,0.6767,0.555,0.5645,0.6831,0.3077,0.3767,0.9803,2018,5,4,0.3986,0.11,9,7.667,4,0
CZ-064,santa_luzmila,-11.954161,-77.068132,15629,0.4783,0.248,0.6767,0.555,0.5645,0.6831,0.3077,0.3767,0.9803,2018,6,5,0.5338,0.0,5,7.0,-2,0
CZ-064,santa_luzmila,-11.954161,-77.068132,15629,0.4783,0.248,0.6767,0.555,0.5645,0.6831,0.3077,0.3767,0.9803,2018,7,6,0.5741,0.07,6,6.667,-1,0
CZ-064,santa_luzmila,-11.954161,-77.068132,15629,0.4783,0.248,0.6767,0.555,0.5645,0.6831,0.3077,0.3767,0.9803,2018,8,7,0.5291,-0.1905,7,6.0,-2,0
CZ-064,santa_luzmila,-11.954161,-77.068132,15629,0.4783,0.248,0.6767,0.555,0.5645,0.6831,0.3077,0.3767,0.9803,2018,9,8,0.5075,-0.22,5,6.0,0,0
CZ-064,santa_luzmila,-11.954161,-77.068132,15629,0.4783,0.248,0.6767,0.555,0.5645,0.6831,0.3077,0.3767,0.9803,2018,10,9,0.5103,-0.1905,5,5.667,-1,0
CZ-064,santa_luzmila,-11.954161,-77.068132,15629,0.4783,0.248,0.6767,0.555,0.5645,0.6831,0.3077,0.3767,0.9803,2018,11,10,0.508,-0.11,5,5.0,-2,0
CZ-064,santa_luzmila,-11.954161,-77.068132,15629,0.4783,0.248,0.6767,0.555,0.5645,0.6831,0.3077,0.3767,0.9803,2018,12,11,0.5578,0.18,2,4.0,-3,1
CZ-064,santa_luzmila,-11.954161,-77.068132,15629,0.4783,0.248,0.6767,0.555,0.5645,0.6831,0.3077,0.3767,0.9803,2019,1,12,0.438,0.11,6,4.333,1,0
CZ-064,santa_luzmila,-11.954161,-77.068132,15629,0.4783,0.248,0.6767,0.555,0.5645,0.6831,0.3077,0.3767,0.9803,2019,2,13,0.4856,0.1905,10,6.0,5,0
CZ-064,santa_luzmila,-11.954161,-77.068132,15629,0.4783,0.248,0.6767,0.555,0.5645,0.6831,0.3077,0.3767,0.9803,2019,3,14,0.4732,0.22,6,7.333,4,0
CZ-064,santa_luzmila,-11.954161,-77.068132,15629,0.4783,0.248,0.6767,0.555,0.5645,0.6831,0.3077,0.3767,0.9803,2019,4,15,0.4557,0.1905,5,7.0,-1,0
CZ-064,santa_luzmila,-11.954161,-77.068132,15629,0.4783,0.248,0.6767,0.555,0.5645,0.6831,0.3077,0.3767,0.9803,2019,5,16,0.4332,0.11,3,4.667,-7,1
CZ-064,santa_luzmila,-11.954161,-77.068132,15629,0.4783,0.248,0.6767,0.555,0.5645,0.6831,0.3077,0.3767,0.9803,2019,6,17,0.4114,0.0,3,3.667,-3,0
CZ-064,santa_luzmila,-11.954161,-77.068132,15629,0.4783,0.248,0.6767,0.555,0.5645,0.6831,0.3077,0.3767,0.9803,2019,7,18,0.5755,0.07,9,5.0,4,0
CZ-064,santa_luzmila,-11.954161,-77.068132,15629,0.4783,0.248,0.6767,0.555,0.5645,0.6831,0.3077,0.3767,0.9803,2019,8,19,0.5261,-0.1905,3,5.0,0,0
CZ-064,santa_luzmila,-11.954161,-77.068132,15629,0.4783,0.248,0.6767,0.555,0.5645,0.6831,0.3077,0.3767,0.9803,2019,9,20,0.4716,-0.22,5,5.667,2,0
CZ-064,santa_luzmila,-11.954161,-77.068132,15629,0.4783,0.248,0.6767,0.555,0.5645,0.6831,0.3077,0.3767,0.9803,2019,10,21,0.5285,-0.1905,2,3.333,-7,0
CZ-064,santa_luzmila,-11.954161,-77.068132,15629,0.4783,0.248,0.6767,0.555,0.5645,0.6831,0.3077,0.3767,0.9803,2019,11,22,0.4558,-0.11,4,3.667,1,0
CZ-064,santa_luzmila,-11.954161,-77.068132,15629,0.4783,0.248,0.6767,0.555,0.5645,0.6831,0.3077,0.3767,0.9803,2019,12,23,0.6069,0.18,5,3.667,0,0
CZ-064,santa_luzmila,-11.954161,-77.068132,15629,0.4783,0.248,0.6767,0.555,0.5645,0.6831,0.3077,0.3767,0.9803,2020,1,24,0.4014,0.11,7,5.333,5,1
CZ-064,santa_luzmila,-11.954161,-77.068132,15629,0.4783,0.248,0.6767,0.555,0.5645,0.6831,0.3077,0.3767,0.9803,2020,2,25,0.4019,0.1905,6,6.0,2,0
CZ-064,santa_luzmila,-11.954161,-77.068132,15629,0.4783,0.248,0.6767,0.555,0.5645,0.6831,0.3077,0.3767,0.9803,2020,3,26,0.4731,0.22,9,7.333,4,1
CZ-064,santa_luzmila,-11.954161,-77.068132,15629,0.4783,0.248,0.6767,0.555,0.5645,0.6831,0.3077,0.3767,0.9803,2020,4,27,0.4802,0.1905,6,7.0,-1,0
CZ-064,santa_luzmila,-11.954161,-77.068132,15629,0.4783,0.248,0.6767,0.555,0.5645,0.6831,0.3077,0.3767,0.9803,2020,5,28,0.5235,0.11,9,8.0,3,0
CZ-064,santa_luzmila,-11.954161,-77.068132,15629,0.4783,0.248,0.6767,0.555,0.5645,0.6831,0.3077,0.3767,0.9803,2020,6,29,0.4525,0.0,6,7.0,-3,0
CZ-064,santa_luzmila,-11.954161,-77.068132,15629,0.4783,0.248,0.6767,0.555,0.5645,0.6831,0.3077,0.3767,0.9803,2020,7,30,0.5572,0.07,4,6.333,-2,0
CZ-064,santa_luzmila,-11.954161,-77.068132,15629,0.4783,0.248,0.6767,0.555,0.5645,0.6831,0.3077,0.3767,0.9803,2020,8,31,0.4321,-0.1905,8,6.0,-1,1
CZ-064,santa_luzmila,-11.954161,-77.068132,15629,0.4783,0.248,0.6767,0.555,0.5645,0.6831,0.3077,0.3767,0.9803,2020,9,32,0.4272,-0.22,3,5.0,-3,0
CZ-064,santa_luzmila,-11.954161,-77.068132,15629,0.4783,0.248,0.6767,0.555,0.5645,0.6831,0.3077,0.3767,0.9803,2020,10,33,0.4087,-0.1905,9,6.667,5,0
CZ-064,santa_luzmila,-11.954161,-77.068132,15629,0.4783,0.248,0.6767,0.555,0.5645,0.6831,0.3077,0.3767,0.9803,2020,11,34,0.5218,-0.11,4,5.333,-4,0
CZ-064,santa_luzmila,-11.954161,-77.068132,15629,0.4783,0.248,0.6767,0.555,0.5645,0.6831,0.3077,0.3767,0.9803,2020,12,35,0.5499,0.18,4,5.667,1,0
CZ-064,santa_luzmila,-11.954161,-77.068132,15629,0.4783,0.248,0.6767,0.555,0.5645,0.6831,0.3077,0.3767,0.9803,2021,1,36,0.4031,0.11,8,5.333,-1,1
CZ-064,santa_luzmila,-11.954161,-77.068132,15629,0.4783,0.248,0.6767,0.555,0.5645,0.6831,0.3077,0.3767,0.9803,2021,2,37,0.5437,0.1905,5,5.667,1,1
CZ-064,santa_luzmila,-11.954161,-77.068132,15629,0.4783,0.248,0.6767,0.555,0.5645,0.6831,0.3077,0.3767,0.9803,2021,3,38,0.5106,0.22,10,7.667,6,0
CZ-064,santa_luzmila,-11.954161,-77.068132,15629,0.4783,0.248,0.6767,0.555,0.5645,0.6831,0.3077,0.3767,0.9803,2021,4,39,0.4533,0.1905,12,9.0,4,0
CZ-064,santa_luzmila,-11.954161,-77.068132,15629,0.4783,0.248,0.6767,0.555,0.5645,0.6831,0.3077,0.3767,0.9803,2021,5,40,0.4302,0.11,5,9.0,0,0
CZ-064,santa_luzmila,-11.954161,-77.068132,15629,0.4783,0.248,0.6767,0.555,0.5645,0.6831,0.3077,0.3767,0.9803,2021,6,41,0.4694,0.0,7,8.0,-3,0
CZ-064,santa_luzmila,-11.954161,-77.068132,15629,0.4783,0.248,0.6767,0.555,0.5645,0.6831,0.3077,0.3767,0.9803,2021,7,42,0.5641,0.07,8,6.667,-4,0
CZ-064,santa_luzmila,-11.954161,-77.068132,15629,0.4783,0.248,0.6767,0.555,0.5645,0.6831,0.3077,0.3767,0.9803,2021,8,43,0.4567,-0.1905,4,6.333,-1,0
CZ-064,santa_luzmila,-11.954161,-77.068132,15629,0.4783,0.248,0.6767,0.555,0.5645,0.6831,0.3077,0.3767,0.9803,2021,9,44,0.5518,-0.22,3,5.0,-4,0
CZ-064,santa_luzmila,-11.954161,-77.068132,15629,0.4783,0.248,0.6767,0.555,0.5645,0.6831,0.3077,0.3767,0.9803,2021,10,45,0.5029,-0.1905,5,4.0,-3,0
CZ-064,santa_luzmila,-11.954161,-77.068132,15629,0.4783,0.248,0.6767,0.555,0.5645,0.6831,0.3077,0.3767,0.9803,2021,11,46,0.5243,-0.11,6,4.667,2,1
CZ-064,santa_luzmila,-11.954161,-77.068132,15629,0.4783,0.248,0.6767,0.555,0.5645,0.6831,0.3077,0.3767,0.9803,2021,12,47,0.6175,0.18,6,5.667,3,0
CZ-064,santa_luzmila,-11.954161,-77.068132,15629,0.4783,0.248,0.6767,0.555,0.5645,0.6831,0.3077,0.3767,0.9803,2022,1,48,0.4926,0.11,12,8.0,7,0
CZ-064,santa_luzmila,-11.954161,-77.068132,15629,0.4783,0.248,0.6767,0.555,0.5645,0.6831,0.3077,0.3767,0.9803,2022,2,49,0.4851,0.1905,4,7.333,-2,0
CZ-064,santa_luzmila,-11.954161,-77.068132,15629,0.4783,0.248,0.6767,0.555,0.5645,0.6831,0.3077,0.3767,0.9803,2022,3,50,0.4855,0.22,6,7.333,0,0
CZ-064,santa_luzmila,-11.954161,-77.068132,15629,0.4783,0.248,0.6767,0.555,0.5645,0.6831,0.3077,0.3767,0.9803,2022,4,51,0.4556,0.1905,8,6.0,-4,1
CZ-064,santa_luzmila,-11.954161,-77.068132,15629,0.4783,0.248,0.6767,0.555,0.5645,0.6831,0.3077,0.3767,0.9803,2022,5,52,0.5254,0.11,4,6.0,0,0
CZ-064,santa_luzmila,-11.954161,-77.068132,15629,0.4783,0.248,0.6767,0.555,0.5645,0.6831,0.3077,0.3767,0.9803,2022,6,53,0.4233,0.0,16,9.333,10,0
CZ-064,santa_luzmila,-11.954161,-77.068132,15629,0.4783,0.248,0.6767,0.555,0.5645,0.6831,0.3077,0.3767,0.9803,2022,7,54,0.6537,0.07,3,7.667,-5,0
CZ-064,santa_luzmila,-11.954161,-77.068132,15629,0.4783,0.248,0.6767,0.555,0.5645,0.6831,0.3077,0.3767,0.9803,2022,8,55,0.4781,-0.1905,5,8.0,1,0
CZ-064,santa_luzmila,-11.954161,-77.068132,15629,0.4783,0.248,0.6767,0.555,0.5645,0.6831,0.3077,0.3767,0.9803,2022,9,56,0.4943,-0.22,5,4.333,-11,0
CZ-064,santa_luzmila,-11.954161,-77.068132,15629,0.4783,0.248,0.6767,0.555,0.5645,0.6831,0.3077,0.3767,0.9803,2022,10,57,0.4966,-0.1905,2,4.0,-1,0
CZ-064,santa_luzmila,-11.954161,-77.068132,15629,0.4783,0.248,0.6767,0.555,0.5645,0.6831,0.3077,0.3767,0.9803,2022,11,58,0.5372,-0.11,7,4.667,2,1
CZ-064,santa_luzmila,-11.954161,-77.068132,15629,0.4783,0.248,0.6767,0.555,0.5645,0.6831,0.3077,0.3767,0.9803,2022,12,59,0.5295,0.18,2,3.667,-3,0
CZ-064,santa_luzmila,-11.954161,-77.068132,15629,0.4783,0.248,0.6767,0.555,0.5645,0.6831,0.3077,0.3767,0.9803,2023,1,60,0.6,0.11,11,6.667,9,0
CZ-064,santa_luzmila,-11.954161,-77.068132,15629,0.4783,0.248,0.6767,0.555,0.5645,0.6831,0.3077,0.3767,0.9803,2023,2,61,0.4481,0.1905,6,6.333,-1,0
CZ-064,santa_luzmila,-11.954161,-77.068132,15629,0.4783,0.248,0.6767,0.555,0.5645,0.6831,0.3077,0.3767,0.9803,2023,3,62,0.4584,0.22,6,7.667,4,1
CZ-064,santa_luzmila,-11.954161,-77.068132,15629,0.4783,0.248,0.6767,0.555,0.5645,0.6831,0.3077,0.3767,0.9803,2023,4,63,0.4418,0.1905,8,6.667,-3,0
CZ-064,santa_luzmila,-11.954161,-77.068132,15629,0.4783,0.248,0.6767,0.555,0.5645,0.6831,0.3077,0.3767,0.9803,2023,5,64,0.4864,0.11,9,7.667,3,1
CZ-064,santa_luzmila,-11.954161,-77.068132,15629,0.4783,0.248,0.6767,0.555,0.5645,0.6831,0.3077,0.3767,0.9803,2023,6,65,0.4402,0.0,7,8.0,1,1
CZ-064,santa_luzmila,-11.954161,-77.068132,15629,0.4783,0.248,0.6767,0.555,0.5645,0.6831,0.3077,0.3767,0.9803,2023,7,66,0.528,0.07,10,8.667,2,0
CZ-064,santa_luzmila,-11.954161,-77.068132,15629,0.4783,0.248,0.6767,0.555,0.5645,0.6831,0.3077,0.3767,0.9803,2023,8,67,0.4137,-0.1905,10,9.0,1,0
CZ-064,santa_luzmila,-11.954161,-77.068132,15629,0.4783,0.248,0.6767,0.555,0.5645,0.6831,0.3077,0.3767,0.9803,2023,9,68,0.4444,-0.22,7,9.0,0,0
CZ-064,santa_luzmila,-11.954161,-77.068132,15629,0.4783,0.248,0.6767,0.555,0.5645,0.6831,0.3077,0.3767,0.9803,2023,10,69,0.4514,-0.1905,2,6.333,-8,0
CZ-064,santa_luzmila,-11.954161,-77.068132,15629,0.4783,0.248,0.6767,0.555,0.5645,0.6831,0.3077,0.3767,0.9803,2023,11,70,0.5866,-0.11,5,4.667,-5,1
CZ-064,santa_luzmila,-11.954161,-77.068132,15629,0.4783,0.248,0.6767,0.555,0.5645,0.6831,0.3077,0.3767,0.9803,2023,12,71,0.5864,0.18,5,4.0,-2,0
CZ-064,santa_luzmila,-11.954161,-77.068132,15629,0.4783,0.248,0.6767,0.555,0.5645,0.6831,0.3077,0.3767,0.9803,2024,1,72,0.4951,0.11,11,7.0,9,0
CZ-064,santa_luzmila,-11.954161,-77.068132,15629,0.4783,0.248,0.6767,0.555,0.5645,0.6831,0.3077,0.3767,0.9803,2024,2,73,0.577,0.1905,7,7.667,2,1
CZ-064,santa_luzmila,-11.954161,-77.068132,15629,0.4783,0.248,0.6767,0.555,0.5645,0.6831,0.3077,0.3767,0.9803,2024,3,74,0.5461,0.22,6,8.0,1,1
CZ-064,santa_luzmila,-11.954161,-77.068132,15629,0.4783,0.248,0.6767,0.555,0.5645,0.6831,0.3077,0.3767,0.9803,2024,4,75,0.3934,0.1905,12,8.333,1,1
CZ-064,santa_luzmila,-11.954161,-77.068132,15629,0.4783,0.248,0.6767,0.555,0.5645,0.6831,0.3077,0.3767,0.9803,2024,5,76,0.5304,0.11,12,10.0,5,0
CZ-064,santa_luzmila,-11.954161,-77.068132,15629,0.4783,0.248,0.6767,0.555,0.5645,0.6831,0.3077,0.3767,0.9803,2024,6,77,0.5003,0.0,11,11.667,5,1
CZ-064,santa_luzmila,-11.954161,-77.068132,15629,0.4783,0.248,0.6767,0.555,0.5645,0.6831,0.3077,0.3767,0.9803,2024,7,78,0.4904,0.07,5,9.333,-7,0
CZ-064,santa_luzmila,-11.954161,-77.068132,15629,0.4783,0.248,0.6767,0.555,0.5645,0.6831,0.3077,0.3767,0.9803,2024,8,79,0.5036,-0.1905,9,8.333,-3,0
CZ-064,santa_luzmila,-11.954161,-77.068132,15629,0.4783,0.248,0.6767,0.555,0.5645,0.6831,0.3077,0.3767,0.9803,2024,9,80,0.4928,-0.22,6,6.667,-5,0
CZ-064,santa_luzmila,-11.954161,-77.068132,15629,0.4783,0.248,0.6767,0.555,0.5645,0.6831,0.3077,0.3767,0.9803,2024,10,81,0.5318,-0.1905,5,6.667,0,1
CZ-064,santa_luzmila,-11.954161,-77.068132,15629,0.4783,0.248,0.6767,0.555,0.5645,0.6831,0.3077,0.3767,0.9803,2024,11,82,0.4744,-0.11,5,5.333,-4,1
CZ-064,santa_luzmila,-11.954161,-77.068132,15629,0.4783,0.248,0.6767,0.555,0.5645,0.6831,0.3077,0.3767,0.9803,2024,12,83,0.5139,0.18,10,6.667,4,1
CZ-064,santa_luzmila,-11.954161,-77.068132,15629,0.4783,0.248,0.6767,0.555,0.5645,0.6831,0.3077,0.3767,0.9803,2025,1,84,0.4995,0.11,12,9.0,7,1
CZ-064,santa_luzmila,-11.954161,-77.068132,15629,0.4783,0.248,0.6767,0.555,0.5645,0.6831,0.3077,0.3767,0.9803,2025,2,85,0.4766,0.1905,12,11.333,7,0
CZ-064,santa_luzmila,-11.954161,-77.068132,15629,0.4783,0.248,0.6767,0.555,0.5645,0.6831,0.3077,0.3767,0.9803,2025,3,86,0.4811,0.22,10,11.333,0,0
CZ-064,santa_luzmila,-11.954161,-77.068132,15629,0.4783,0.248,0.6767,0.555,0.5645,0.6831,0.3077,0.3767,0.9803,2025,4,87,0.4752,0.1905,2,8.0,-10,1
CZ-064,santa_luzmila,-11.954161,-77.068132,15629,0.4783,0.248,0.6767,0.555,0.5645,0.6831,0.3077,0.3767,0.9803,2025,5,88,0.4874,0.11,8,6.667,-4,0
CZ-064,santa_luzmila,-11.954161,-77.068132,15629,0.4783,0.248,0.6767,0.555,0.5645,0.6831,0.3077,0.3767,0.9803,2025,6,89,0.5195,0.0,9,6.333,-1,1
CZ-064,santa_luzmila,-11.954161,-77.068132,15629,0.4783,0.248,0.6767,0.555,0.5645,0.6831,0.3077,0.3767,0.9803,2025,7,90,0.6205,0.07,7,8.0,5,0
CZ-064,santa_luzmila,-11.954161,-77.068132,15629,0.4783,0.248,0.6767,0.555,0.5645,0.6831,0.3077,0.3767,0.9803,2025,8,91,0.4543,-0.1905,9,8.333,1,0
CZ-064,santa_luzmila,-11.954161,-77.068132,15629,0.4783,0.248,0.6767,0.555,0.5645,0.6831,0.3077,0.3767,0.9803,2025,9,92,0.5923,-0.22,5,7.0,-4,0
CZ-064,santa_luzmila,-11.954161,-77.068132,15629,0.4783,0.248,0.6767,0.555,0.5645,0.6831,0.3077,0.3767,0.9803,2025,10,93,0.5147,-0.1905,6,6.667,-1,0
CZ-064,santa_luzmila,-11.954161,-77.068132,15629,0.4783,0.248,0.6767,0.555,0.5645,0.6831,0.3077,0.3767,0.9803,2025,11,94,0.4434,-0.11,8,6.333,-1,0
